qd_power,qdm1_power,Y_power,coefficient,sign,monomial
1,0,-8,1024/14175,+,Y^-8*q_d
1,0,-7,378368/42525,+,Y^-7*q_d
1,0,-6,3808832/8505,+,Y^-6*q_d
1,0,-5,1515184352/127575,+,Y^-5*q_d
1,0,-4,13534625336/76545,+,Y^-4*q_d
1,0,-3,540671517004/382725,+,Y^-3*q_d
1,0,-2,30199527287693/6889050,+,Y^-2*q_d
1,0,-1,-97317186445949/8266860,-,Y^-1*q_d
1,0,0,-2986228852412471/31492800,-,q_d
1,0,1,40581629294160533/1020366720,+,Y*q_d
1,0,2,106347223920268633357/122444006400,+,Y^2*q_d
1,0,3,-124657120249385116979/244888012800,-,Y^3*q_d
1,0,4,-13859553440872730245/3265173504,-,Y^4*q_d
1,0,5,293268269565909062899/54419558400,+,Y^5*q_d
1,0,6,1029041736069066307733/130606940160,+,Y^6*q_d
1,0,7,-555037885018300871383/29023764480,-,Y^7*q_d
1,0,8,1873358886191513399/483729408,+,Y^8*q_d
1,0,9,14266504521611419427/725594112,+,Y^9*q_d
1,0,10,-1373671468533765864953/77396705280,-,Y^10*q_d
1,0,11,-2720487692773584671/10319560704,-,Y^11*q_d
1,0,12,218555474357446370221/30958682112,+,Y^12*q_d
1,0,13,-58678195236048284435/20639121408,-,Y^13*q_d
1,0,14,-3549320047406848715/27518828544,-,Y^14*q_d
1,0,15,31631609806414124507/165112971264,+,Y^15*q_d
2,0,-8,-1024/14175,-,Y^-8*q_d^2
2,0,-7,-402944/42525,-,Y^-7*q_d^2
2,0,-6,-7335616/14175,-,Y^-6*q_d^2
2,0,-5,-1899924512/127575,-,Y^-5*q_d^2
2,0,-4,-91927954792/382725,-,Y^-4*q_d^2
2,0,-3,-800905259684/382725,-,Y^-3*q_d^2
2,0,-2,-51597511510409/6889050,-,Y^-2*q_d^2
2,0,-1,603799429208707/41334300,+,Y^-1*q_d^2
2,0,0,105602341048014571/661348800,+,q_d^2
2,0,1,-17592950727572281/5101833600,-,Y*q_d^2
2,0,2,-187757056366583383489/122444006400,-,Y^2*q_d^2
2,0,3,35405317299128756047/81629337600,+,Y^3*q_d^2
2,0,4,4015317230732419832393/489776025600,+,Y^4*q_d^2
2,0,5,-8324719007477079526139/979552051200,-,Y^5*q_d^2
2,0,6,-4370546941682238633931/244888012800,-,Y^6*q_d^2
2,0,7,23762129384755376852369/653034700800,+,Y^7*q_d^2
2,0,8,-340381177864089172687/145118822400,-,Y^8*q_d^2
2,0,9,-7528979257658146054909/174142586880,-,Y^9*q_d^2
2,0,10,40312793663451211896557/1160950579200,+,Y^10*q_d^2
2,0,11,1030653390589579752905/278628139008,+,Y^11*q_d^2
2,0,12,-44764884512162021658143/2786281390080,-,Y^12*q_d^2
2,0,13,10921743846367875637711/1857520926720,+,Y^13*q_d^2
2,0,14,61483599533188840301/123834728448,+,Y^14*q_d^2
2,0,15,-840253977288159413189/1857520926720,-,Y^15*q_d^2
2,0,16,-37202151021716681/20639121408,-,Y^16*q_d^2
3,0,-7,8192/14175,+,Y^-7*q_d^3
3,0,-6,489728/6075,+,Y^-6*q_d^3
3,0,-5,22604608/6075,+,Y^-5*q_d^3
3,0,-4,10368442144/127575,+,Y^-4*q_d^3
3,0,-3,68837965088/76545,+,Y^-3*q_d^3
3,0,-2,233891940686/54675,+,Y^-2*q_d^3
3,0,-1,-20550595072799/6889050,-,Y^-1*q_d^3
3,0,0,-1832167571184947/20667150,-,q_d^3
3,0,1,-1540789911327179/23619600,-,Y*q_d^3
3,0,2,9396817861497223801/10203667200,+,Y^2*q_d^3
3,0,3,6070285006729206731/24488801280,+,Y^3*q_d^3
3,0,4,-1391197536016038433967/244888012800,-,Y^4*q_d^3
3,0,5,372623196678877071617/97955205120,+,Y^5*q_d^3
3,0,6,1672729704616165875107/108839116800,+,Y^6*q_d^3
3,0,7,-47911473844719951848927/1959104102400,-,Y^7*q_d^3
3,0,8,-6420176252484607353971/1306069401600,-,Y^8*q_d^3
3,0,9,23875784300366643948769/653034700800,+,Y^9*q_d^3
3,0,10,-10487829330433214345507/435356467200,-,Y^10*q_d^3
3,0,11,-25415129998083510003067/3482851737600,-,Y^11*q_d^3
3,0,12,33540055471223768806283/2321901158400,+,Y^12*q_d^3
3,0,13,-61495087968494337214813/13931406950400,-,Y^13*q_d^3
3,0,14,-4388822778924706853269/5572562780160,-,Y^14*q_d^3
3,0,15,24435685321732614907999/55725627801600,+,Y^15*q_d^3
3,0,16,49350411264879972149/7430083706880,+,Y^16*q_d^3
4,0,-6,-51712/4725,-,Y^-6*q_d^4
4,0,-5,-6486784/8505,-,Y^-5*q_d^4
4,0,-4,-880601104/42525,-,Y^-4*q_d^4
4,0,-3,-2282443976/8505,-,Y^-3*q_d^4
4,0,-2,-23151967780/15309,-,Y^-2*q_d^4
4,0,-1,-37044959086/382725,-,Y^-1*q_d^4
4,0,0,56259169109779/1837080,+,q_d^4
4,0,1,980460348577417/23619600,+,Y*q_d^4
4,0,2,-4180194069472289/12597120,-,Y^2*q_d^4
4,0,3,-888623353524039101/3401222400,-,Y^3*q_d^4
4,0,4,1114418132301848153099/489776025600,+,Y^4*q_d^4
4,0,5,-707344722615480371833/979552051200,-,Y^5*q_d^4
4,0,6,-14452435186114594569917/1959104102400,-,Y^6*q_d^4
4,0,7,7200085269254520389257/783641640960,+,Y^7*q_d^4
4,0,8,7145103207140786985469/1306069401600,+,Y^8*q_d^4
4,0,9,-71616497063053106099/4031078400,-,Y^9*q_d^4
4,0,10,22924868897284455716123/2612138803200,+,Y^10*q_d^4
4,0,11,24200564971885061165791/3918208204800,+,Y^11*q_d^4
4,0,12,-953336728997650878092387/125382662553600,-,Y^12*q_d^4
4,0,13,139016564010779719532359/83588441702400,+,Y^13*q_d^4
4,0,14,13199728242198717191399/18575209267200,+,Y^14*q_d^4
4,0,15,-86290969801835449732739/334353766809600,-,Y^15*q_d^4
4,0,16,-1207688416246182550981/111451255603200,-,Y^16*q_d^4
4,0,17,-109819314929975/15479341056,-,Y^17*q_d^4
5,0,-5,816128/14175,+,Y^-5*q_d^5
5,0,-4,127570816/42525,+,Y^-4*q_d^5
5,0,-3,157385248/2835,+,Y^-3*q_d^5
5,0,-2,2091610760/5103,+,Y^-2*q_d^5
5,0,-1,851027956/2187,+,Y^-1*q_d^5
5,0,0,-704525210911/85050,-,q_d^5
5,0,1,-11178971134213/656100,-,Y*q_d^5
5,0,2,98293005242089/1049760,+,Y^2*q_d^5
5,0,3,2337223405656947/18895680,+,Y^3*q_d^5
5,0,4,-1766939024995988519/2550916800,-,Y^4*q_d^5
5,0,5,-7001549072733428657/244888012800,-,Y^5*q_d^5
5,0,6,3504222582738890159/1360488960,+,Y^6*q_d^5
5,0,7,-313803159602074665431/130606940160,-,Y^7*q_d^5
5,0,8,-774611291216851691093/261213880320,-,Y^8*q_d^5
5,0,9,223873615086755035463/36279705600,+,Y^9*q_d^5
5,0,10,-1240699877693689870943/696570347520,-,Y^10*q_d^5
5,0,11,-207977200722132909306883/62691331276800,-,Y^11*q_d^5
5,0,12,11751909669664558324609/4179422085120,+,Y^12*q_d^5
5,0,13,-30567302530815558547109/125382662553600,-,Y^13*q_d^5
5,0,14,-218491669162412223149831/501530650214400,-,Y^14*q_d^5
5,0,15,105493149508497546724663/1003061300428800,+,Y^15*q_d^5
5,0,16,3684687750355385528573/334353766809600,+,Y^16*q_d^5
5,0,17,5002865827924153/123834728448,+,Y^17*q_d^5
6,0,-4,-2712064/14175,-,Y^-4*q_d^6
6,0,-3,-58738688/8505,-,Y^-3*q_d^6
6,0,-2,-132598376/1701,-,Y^-2*q_d^6
6,0,-1,-672346064/3645,-,Y^-1*q_d^6
6,0,0,253475033969/153090,+,q_d^6
6,0,1,1224519179887/218700,+,Y*q_d^6
6,0,2,-109251343753481/5248800,-,Y^2*q_d^6
6,0,3,-1446769825420879/31492800,-,Y^3*q_d^6
6,0,4,979216826983493/5598720,+,Y^4*q_d^6
6,0,5,734709157093086557/8162933760,+,Y^5*q_d^6
6,0,6,-369120877130235217697/489776025600,-,Y^6*q_d^6
6,0,7,881234119316053429913/1959104102400,+,Y^7*q_d^6
6,0,8,1553137878641775344873/1306069401600,+,Y^8*q_d^6
6,0,9,-30053718587063166421/17414258688,-,Y^9*q_d^6
6,0,10,30540206878658909137/2089711042560,+,Y^10*q_d^6
6,0,11,9436858562488301118013/6965703475200,+,Y^11*q_d^6
6,0,12,-19806027559085070861719/25076532510720,-,Y^12*q_d^6
6,0,13,-5478360470471203029323/50153065021440,-,Y^13*q_d^6
6,0,14,50542562486586955666189/250765325107200,+,Y^14*q_d^6
6,0,15,-34972362086925685121/1238347284480,-,Y^15*q_d^6
6,0,16,-8211265604441599346297/1003061300428800,-,Y^16*q_d^6
6,0,17,-2376892461960877/23219011584,-,Y^17*q_d^6
6,0,18,-2137490209183/61917364224,-,Y^18*q_d^6
7,0,-3,370688/945,+,Y^-3*q_d^7
7,0,-2,77412992/8505,+,Y^-2*q_d^7
7,0,-1,127813232/2835,+,Y^-1*q_d^7
7,0,0,-1803107384/8505,-,q_d^7
7,0,1,-14944300378/10935,-,Y*q_d^7
7,0,2,1414996691723/437400,+,Y^2*q_d^7
7,0,3,23532786422479/1749600,+,Y^3*q_d^7
7,0,4,-1092039372783461/31492800,-,Y^4*q_d^7
7,0,5,-5742303363438637/125971200,-,Y^5*q_d^7
7,0,6,5058670111810269157/27209779200,+,Y^6*q_d^7
7,0,7,-33119231598837737909/979552051200,-,Y^7*q_d^7
7,0,8,-128127710304920481811/326517350400,-,Y^8*q_d^7
7,0,9,84998114103923143217/217678233600,+,Y^9*q_d^7
7,0,10,902915522949073542509/5224277606400,+,Y^10*q_d^7
7,0,11,-591048314386867557101/1306069401600,-,Y^11*q_d^7
7,0,12,1099932014976314797277/6965703475200,+,Y^12*q_d^7
7,0,13,12987630546667983915289/125382662553600,+,Y^13*q_d^7
7,0,14,-3679465430895938039839/50153065021440,-,Y^14*q_d^7
7,0,15,827197643545646349599/501530650214400,+,Y^15*q_d^7
7,0,16,4719436447057858964263/1003061300428800,+,Y^16*q_d^7
7,0,17,2594140682249484557/16717688340480,+,Y^17*q_d^7
7,0,18,478020717446993/1857520926720,+,Y^18*q_d^7
8,0,-2,-22016/45,-,Y^-2*q_d^8
8,0,-1,-2417408/405,-,Y^-1*q_d^8
8,0,0,946888/81,+,q_d^8
8,0,1,831002456/3645,+,Y*q_d^8
8,0,2,-2308654795/8748,-,Y^2*q_d^8
8,0,3,-47075265397/16200,-,Y^3*q_d^8
8,0,4,99761122385803/20995200,+,Y^4*q_d^8
8,0,5,1820300893565653/125971200,+,Y^5*q_d^8
8,0,6,-9092771068328087/251942400,-,Y^6*q_d^8
8,0,7,-4163281680283187/272097792,-,Y^7*q_d^8
8,0,8,137443928602335811261/1306069401600,+,Y^8*q_d^8
8,0,9,-53908333380755167021/870712934400,-,Y^9*q_d^8
8,0,10,-242213768442195927163/2612138803200,-,Y^10*q_d^8
8,0,11,319980976647144140321/2612138803200,+,Y^11*q_d^8
8,0,12,-410671655836066506007/41794220851200,-,Y^12*q_d^8
8,0,13,-4147607231582878790923/83588441702400,-,Y^13*q_d^8
8,0,14,10154785132397554842739/501530650214400,+,Y^14*q_d^8
8,0,15,43372968156253658909/12383472844800,+,Y^15*q_d^8
8,0,16,-705684151239794822291/334353766809600,-,Y^16*q_d^8
8,0,17,-2681639051038160297/16717688340480,-,Y^17*q_d^8
8,0,18,-4789803936696247/5572562780160,-,Y^18*q_d^8
8,0,19,-9886633715/61917364224,-,Y^19*q_d^8
9,0,-1,1024/3,+,Y^-1*q_d^9
9,0,0,18304/27,+,q_d^9
9,0,1,-3126464/135,-,Y*q_d^9
9,0,2,-31284736/3645,-,Y^2*q_d^9
9,0,3,9460228081/21870,+,Y^3*q_d^9
9,0,4,-273123040381/874800,-,Y^4*q_d^9
9,0,5,-6570220519679/2099520,-,Y^5*q_d^9
9,0,6,309819014867539/62985600,+,Y^6*q_d^9
9,0,7,780855209326247/100776960,+,Y^7*q_d^9
9,0,8,-945464145481694213/43535646720,-,Y^8*q_d^9
9,0,9,3447582939917107117/1306069401600,+,Y^9*q_d^9
9,0,10,65116829441244975863/2089711042560,+,Y^10*q_d^9
9,0,11,-517907314940725865029/20897110425600,-,Y^11*q_d^9
9,0,12,-12279127312038432503/1393140695040,-,Y^12*q_d^9
9,0,13,78931681668957230449/4643802316800,+,Y^13*q_d^9
9,0,14,-566066171727656373011/167176883404800,-,Y^14*q_d^9
9,0,15,-2560127243047169035751/1003061300428800,-,Y^15*q_d^9
9,0,16,706645781845594959557/1003061300428800,+,Y^16*q_d^9
9,0,17,33936241742632117/278628139008,+,Y^17*q_d^9
9,0,18,1584602689865923/928760463360,+,Y^18*q_d^9
9,0,19,65816733017/46438023168,+,Y^19*q_d^9
10,0,0,-512/5,-,q_d^10
10,0,1,9728/9,+,Y*q_d^10
10,0,2,37960/9,+,Y^2*q_d^10
10,0,3,-48110768/1215,-,Y^3*q_d^10
10,0,4,-950436497/43740,-,Y^4*q_d^10
10,0,5,8269893656/18225,+,Y^5*q_d^10
10,0,6,-4918048190023/13996800,-,Y^6*q_d^10
10,0,7,-48124819408349/25194240,-,Y^7*q_d^10
10,0,8,15269507620746721/4837294080,+,Y^8*q_d^10
10,0,9,19044714434339633/9674588160,+,Y^9*q_d^10
10,0,10,-25738913791452638921/3482851737600,-,Y^10*q_d^10
10,0,11,181488683046619378913/62691331276800,+,Y^11*q_d^10
10,0,12,24103405586556925139/5015306502144,+,Y^12*q_d^10
10,0,13,-70748508588360583771/16717688340480,-,Y^13*q_d^10
10,0,14,-19011530660631695641/83588441702400,-,Y^14*q_d^10
10,0,15,7363584514204168117/6687075336192,+,Y^15*q_d^10
10,0,16,-141598048567430635831/1003061300428800,-,Y^16*q_d^10
10,0,17,-235226488958557873/3343537668096,-,Y^17*q_d^10
10,0,18,-1256188548769063/557256278016,-,Y^18*q_d^10
10,0,19,-525121487891/92876046336,-,Y^19*q_d^10
10,0,20,-282475249/619173642240,-,Y^20*q_d^10
11,0,2,-896/3,-,Y^2*q_d^11
11,0,3,1680,+,Y^3*q_d^11
11,0,4,503944/81,+,Y^4*q_d^11
11,0,5,-145787929/3645,-,Y^5*q_d^11
11,0,6,-10202097899/874800,-,Y^6*q_d^11
11,0,7,730714379983/2519424,+,Y^7*q_d^11
11,0,8,-39567458584703/151165440,-,Y^8*q_d^11
11,0,9,-206549489267233/302330880,-,Y^9*q_d^11
11,0,10,125640528287610721/104485552128,+,Y^10*q_d^11
11,0,11,4510619001955894247/31345665638400,+,Y^11*q_d^11
11,0,12,-29585475287565551963/20897110425600,-,Y^12*q_d^11
11,0,13,84810234947583485543/125382662553600,+,Y^13*q_d^11
11,0,14,9959775939053370073/25076532510720,+,Y^14*q_d^11
11,0,15,-41295856546326655049/125382662553600,-,Y^15*q_d^11
11,0,16,-330898410222741893/37150418534400,-,Y^16*q_d^11
11,0,17,516989151508134263/16717688340480,+,Y^17*q_d^11
11,0,18,11731964795283971/5572562780160,+,Y^18*q_d^11
11,0,19,828499905317/61917364224,+,Y^19*q_d^11
11,0,20,282475249/61917364224,+,Y^20*q_d^11
12,0,4,-392,-,Y^4*q_d^12
12,0,5,43904/27,+,Y^5*q_d^12
12,0,6,4628099/972,+,Y^6*q_d^12
12,0,7,-755861701/29160,-,Y^7*q_d^12
12,0,8,9331867867/25194240,+,Y^8*q_d^12
12,0,9,8847556342807/75582720,+,Y^9*q_d^12
12,0,10,-1121964251856329/9674588160,-,Y^10*q_d^12
12,0,11,-74903674625459701/522427760640,-,Y^11*q_d^12
12,0,12,33623305773990192463/125382662553600,+,Y^12*q_d^12
12,0,13,-6878721836489335133/250765325107200,-,Y^13*q_d^12
12,0,14,-76364139906608429687/501530650214400,-,Y^14*q_d^12
12,0,15,2381040947268360209/37150418534400,+,Y^15*q_d^12
12,0,16,20764129848218613353/1003061300428800,+,Y^16*q_d^12
12,0,17,-1850649466624133/185752092672,-,Y^17*q_d^12
12,0,18,-8010150272710537/5572562780160,-,Y^18*q_d^12
12,0,19,-215528614987/10319560704,-,Y^19*q_d^12
12,0,20,-282475249/13759414272,-,Y^20*q_d^12
13,0,6,-2744/9,-,Y^6*q_d^13
13,0,7,170471/162,+,Y^7*q_d^13
13,0,8,42913073/19440,+,Y^8*q_d^13
13,0,9,-5832664579/524880,-,Y^9*q_d^13
13,0,10,83231648381/30233088,+,Y^10*q_d^13
13,0,11,48611347868209/1612431360,+,Y^11*q_d^13
13,0,12,-2103507367898797/69657034752,-,Y^12*q_d^13
13,0,13,-1101695713795298237/62691331276800,-,Y^13*q_d^13
13,0,14,8576096322612159257/250765325107200,+,Y^14*q_d^13
13,0,15,-1216354169451959923/250765325107200,-,Y^15*q_d^13
13,0,16,-9163839008107525651/1003061300428800,-,Y^16*q_d^13
13,0,17,34534316564821507/16717688340480,+,Y^17*q_d^13
13,0,18,4049687320032389/5572562780160,+,Y^18*q_d^13
13,0,19,116662277837/5159780352,+,Y^19*q_d^13
13,0,20,282475249/5159780352,+,Y^20*q_d^13
14,0,8,-16807/108,-,Y^8*q_d^14
14,0,9,16807/36,+,Y^9*q_d^14
14,0,10,366947231/559872,+,Y^10*q_d^14
14,0,11,-79933114793/25194240,-,Y^11*q_d^14
14,0,12,11553243496921/9674588160,+,Y^12*q_d^14
14,0,13,321892373122117/65303470080,+,Y^13*q_d^14
14,0,14,-1130321215970108141/250765325107200,-,Y^14*q_d^14
14,0,15,-626950497302437/464380231680,-,Y^15*q_d^14
14,0,16,261295219480337917/111451255603200,+,Y^16*q_d^14
14,0,17,-393905860398281/3343537668096,-,Y^17*q_d^14
14,0,18,-1499007328153993/5572562780160,-,Y^18*q_d^14
14,0,19,-33614554631/1934917632,-,Y^19*q_d^14
14,0,20,-1977326743/20639121408,-,Y^20*q_d^14
15,0,10,-117649/2160,-,Y^10*q_d^15
15,0,11,13294337/93312,+,Y^11*q_d^15
15,0,12,427654115/3359232,+,Y^12*q_d^15
15,0,13,-480054626653/806215680,-,Y^13*q_d^15
15,0,14,246430083995683/1044855521280,+,Y^14*q_d^15
15,0,15,63087267753784729/125382662553600,+,Y^15*q_d^15
15,0,16,-22221760089815237/62691331276800,-,Y^16*q_d^15
15,0,17,-46626287791643/557256278016,-,Y^17*q_d^15
15,0,18,38766159513431/557256278016,+,Y^18*q_d^15
15,0,19,294621684707/30958682112,+,Y^19*q_d^15
15,0,20,1977326743/17199267840,+,Y^20*q_d^15
16,0,12,-823543/62208,-,Y^12*q_d^16
16,0,13,4117715/139968,+,Y^13*q_d^16
16,0,14,3546999701/214990848,+,Y^14*q_d^16
16,0,15,-12299961416603/174142586880,-,Y^15*q_d^16
16,0,16,5492939134235581/250765325107200,+,Y^16*q_d^16
16,0,17,515933102520437/16717688340480,+,Y^17*q_d^16
16,0,18,-15417550973629/1393140695040,-,Y^18*q_d^16
16,0,19,-226827624947/61917364224,-,Y^19*q_d^16
16,0,20,-1977326743/20639121408,-,Y^20*q_d^16
17,0,14,-823543/373248,-,Y^14*q_d^17
17,0,15,15647317/3981312,+,Y^15*q_d^17
17,0,16,35175992159/23219011584,+,Y^16*q_d^17
17,0,17,-10113308160949/2089711042560,-,Y^17*q_d^17
17,0,18,125666896999/206391214080,+,Y^18*q_d^17
17,0,19,3672178237/3869835264,+,Y^19*q_d^17
17,0,20,282475249/5159780352,+,Y^20*q_d^17
18,0,16,-5764801/23887872,-,Y^16*q_d^18
18,0,17,593774503/1934917632,+,Y^17*q_d^18
18,0,18,593503557353/5572562780160,+,Y^18*q_d^18
18,0,19,-13841287201/92876046336,-,Y^19*q_d^18
18,0,20,-282475249/13759414272,-,Y^20*q_d^18
19,0,18,-40353607/2579890176,-,Y^18*q_d^19
19,0,19,1977326743/185752092672,+,Y^19*q_d^19
19,0,20,282475249/61917364224,+,Y^20*q_d^19
20,0,20,-282475249/619173642240,-,Y^20*q_d^20
1,1,-8,1024/14175,+,Y^-8*q_d*q_{d-1}
1,1,-7,76288/8505,+,Y^-7*q_d*q_{d-1}
1,1,-6,1294528/2835,+,Y^-6*q_d*q_{d-1}
1,1,-5,314132512/25515,+,Y^-5*q_d*q_{d-1}
1,1,-4,71978746072/382725,+,Y^-4*q_d*q_{d-1}
1,1,-3,602342408324/382725,+,Y^-3*q_d*q_{d-1}
1,1,-2,7692658293337/1377810,+,Y^-2*q_d*q_{d-1}
1,1,-1,-72954500662871/8266860,-,Y^-1*q_d*q_{d-1}
1,1,0,-14401860748499783/132269760,-,q_d*q_{d-1}
1,1,1,-168286189372162949/5101833600,-,Y*q_d*q_{d-1}
1,1,2,119654874638003893597/122444006400,+,Y^2*q_d*q_{d-1}
1,1,3,747772296677417171/5441955840,+,Y^3*q_d*q_{d-1}
1,1,4,-258823898699245694197/48977602560,-,Y^4*q_d*q_{d-1}
1,1,5,19206900299157371581/6530347008,+,Y^5*q_d*q_{d-1}
1,1,6,3065061435367751132527/217678233600,+,Y^6*q_d*q_{d-1}
1,1,7,-4810377322827836727833/261213880320,-,Y^7*q_d*q_{d-1}
1,1,8,-34861518147423936437/3627970560,-,Y^8*q_d*q_{d-1}
1,1,9,30103691678931860311/967458816,+,Y^9*q_d*q_{d-1}
1,1,10,-601173172841464113079/46438023168,-,Y^10*q_d*q_{d-1}
1,1,11,-1930874233107429446347/154793410560,-,Y^11*q_d*q_{d-1}
1,1,12,42538196897823788651/3439853568,+,Y^12*q_d*q_{d-1}
1,1,13,-98377464293238234181/61917364224,-,Y^13*q_d*q_{d-1}
1,1,14,-134580416015251808525/82556485632,-,Y^14*q_d*q_{d-1}
1,1,15,24396774108523231415/55037657088,+,Y^15*q_d*q_{d-1}
1,1,16,565515448498/19683,+,Y^16*q_d*q_{d-1}
2,1,-7,-8192/14175,-,Y^-7*q_d^2*q_{d-1}
2,1,-6,-480512/6075,-,Y^-6*q_d^2*q_{d-1}
2,1,-5,-151226944/42525,-,Y^-5*q_d^2*q_{d-1}
2,1,-4,-1931158064/25515,-,Y^-4*q_d^2*q_{d-1}
2,1,-3,-8950189088/10935,-,Y^-3*q_d^2*q_{d-1}
2,1,-2,-1462784315582/382725,-,Y^-2*q_d^2*q_{d-1}
2,1,-1,17947751506661/6889050,+,Y^-1*q_d^2*q_{d-1}
2,1,0,6402823991716337/82668600,+,q_d^2*q_{d-1}
2,1,1,278864020407157/4723920,+,Y*q_d^2*q_{d-1}
2,1,2,-8159385012279851641/10203667200,-,Y^2*q_d^2*q_{d-1}
2,1,3,-6222812360983856297/24488801280,-,Y^3*q_d^2*q_{d-1}
2,1,4,494456042750529186479/97955205120,+,Y^4*q_d^2*q_{d-1}
2,1,5,-1590988467185555963851/489776025600,-,Y^5*q_d^2*q_{d-1}
2,1,6,-1765442213441608332421/122444006400,-,Y^6*q_d^2*q_{d-1}
2,1,7,2849103759611683943087/122444006400,+,Y^7*q_d^2*q_{d-1}
2,1,8,4109375855410573614319/870712934400,+,Y^8*q_d^2*q_{d-1}
2,1,9,-1828893600300706689763/48372940800,-,Y^9*q_d^2*q_{d-1}
2,1,10,975080772675992262683/34828517376,+,Y^10*q_d^2*q_{d-1}
2,1,11,20872236688148729805739/3482851737600,+,Y^11*q_d^2*q_{d-1}
2,1,12,-50202101503176705590851/2786281390080,-,Y^12*q_d^2*q_{d-1}
2,1,13,22466456024710203215381/2786281390080,+,Y^13*q_d^2*q_{d-1}
2,1,14,2061640541123067919/232190115840,+,Y^14*q_d^2*q_{d-1}
2,1,15,-103970572246775021123/123834728448,-,Y^15*q_d^2*q_{d-1}
2,1,16,2288279370197279534467/14860167413760,+,Y^16*q_d^2*q_{d-1}
3,1,-6,11264/567,+,Y^-6*q_d^3*q_{d-1}
3,1,-5,2124928/1701,+,Y^-5*q_d^3*q_{d-1}
3,1,-4,186800368/6075,+,Y^-4*q_d^3*q_{d-1}
3,1,-3,46033043008/127575,+,Y^-3*q_d^3*q_{d-1}
3,1,-2,136219463788/76545,+,Y^-2*q_d^3*q_{d-1}
3,1,-1,-88216954913/76545,-,Y^-1*q_d^3*q_{d-1}
3,1,0,-205225671536269/5511240,-,q_d^3*q_{d-1}
3,1,1,-1864187224286983/82668600,-,Y*q_d^3*q_{d-1}
3,1,2,19900717749729659/47239200,+,Y^2*q_d^3*q_{d-1}
3,1,3,3607428035075059/4081466880,+,Y^3*q_d^3*q_{d-1}
3,1,4,-1400127131485606750507/489776025600,-,Y^4*q_d^3*q_{d-1}
3,1,5,29894429026424522233/9795520512,+,Y^5*q_d^3*q_{d-1}
3,1,6,1911576033032960935873/244888012800,+,Y^6*q_d^3*q_{d-1}
3,1,7,-36396637274357548630873/1959104102400,-,Y^7*q_d^3*q_{d-1}
3,1,8,6154167727645713172247/1567283281920,+,Y^8*q_d^3*q_{d-1}
3,1,9,35295772876924600729487/1306069401600,+,Y^9*q_d^3*q_{d-1}
3,1,10,-553610795865738098261/17414258688,-,Y^10*q_d^3*q_{d-1}
3,1,11,116884304084592166151/27209779200,+,Y^11*q_d^3*q_{d-1}
3,1,12,225557358704714313900847/13931406950400,+,Y^12*q_d^3*q_{d-1}
3,1,13,-20851816029633622517491/1741425868800,-,Y^13*q_d^3*q_{d-1}
3,1,14,12856950230543084623349/6965703475200,+,Y^14*q_d^3*q_{d-1}
3,1,15,11484281929727285862239/11145125560320,+,Y^15*q_d^3*q_{d-1}
3,1,16,-8178824694869762832311/24766945689600,-,Y^16*q_d^3*q_{d-1}
3,1,17,-2648126397660032639/928760463360,-,Y^17*q_d^3*q_{d-1}
4,1,-5,-1574912/14175,-,Y^-5*q_d^4*q_{d-1}
4,1,-4,-234301952/42525,-,Y^-4*q_d^4*q_{d-1}
4,1,-3,-454370704/4725,-,Y^-3*q_d^4*q_{d-1}
4,1,-2,-16556763112/25515,-,Y^-2*q_d^4*q_{d-1}
4,1,-1,-1714537876/8505,-,Y^-1*q_d^4*q_{d-1}
4,1,0,1763280763396/127575,+,q_d^4*q_{d-1}
4,1,1,142175013401489/9185400,+,Y*q_d^4*q_{d-1}
4,1,2,-4070492537774167/23619600,-,Y^2*q_d^4*q_{d-1}
4,1,3,-40683106221497/1180980,-,Y^3*q_d^4*q_{d-1}
4,1,4,6627373067166794857/5101833600,+,Y^4*q_d^4*q_{d-1}
4,1,5,-666165602276736398017/489776025600,-,Y^5*q_d^4*q_{d-1}
4,1,6,-256161369900829391933/65303470080,-,Y^6*q_d^4*q_{d-1}
4,1,7,18755361907816933865117/1959104102400,+,Y^7*q_d^4*q_{d-1}
4,1,8,-783624470966353134107/391820820480,-,Y^8*q_d^4*q_{d-1}
4,1,9,-3398727867392281497817/217678233600,-,Y^9*q_d^4*q_{d-1}
4,1,10,2767434727692291319807/145118822400,+,Y^10*q_d^4*q_{d-1}
4,1,11,-35395861413522724597151/15672832819200,-,Y^11*q_d^4*q_{d-1}
4,1,12,-29347635209279696693419/2612138803200,-,Y^12*q_d^4*q_{d-1}
4,1,13,1047444405671629853231911/125382662553600,+,Y^13*q_d^4*q_{d-1}
4,1,14,-17845211875025804698219/16717688340480,-,Y^14*q_d^4*q_{d-1}
4,1,15,-52894833122923469761111/55725627801600,-,Y^15*q_d^4*q_{d-1}
4,1,16,46739589728864970336707/167176883404800,+,Y^16*q_d^4*q_{d-1}
4,1,17,972259301874319345831/111451255603200,+,Y^17*q_d^4*q_{d-1}
5,1,-4,6095872/14175,+,Y^-4*q_d^5*q_{d-1}
5,1,-3,622290496/42525,+,Y^-3*q_d^5*q_{d-1}
5,1,-2,1305562624/8505,+,Y^-2*q_d^5*q_{d-1}
5,1,-1,7036893728/25515,+,Y^-1*q_d^5*q_{d-1}
5,1,0,-529586382029/153090,-,q_d^5*q_{d-1}
5,1,1,-12133301773597/1530900,-,Y*q_d^5*q_{d-1}
5,1,2,263457238502651/5248800,+,Y^2*q_d^5*q_{d-1}
5,1,3,89496158227741/2099520,+,Y^3*q_d^5*q_{d-1}
5,1,4,-22496392421330693/50388480,-,Y^4*q_d^5*q_{d-1}
5,1,5,396924534293231557/1275458400,+,Y^5*q_d^5*q_{d-1}
5,1,6,1633559785763624086129/979552051200,+,Y^6*q_d^5*q_{d-1}
5,1,7,-1302470874506626101889/391820820480,-,Y^7*q_d^5*q_{d-1}
5,1,8,-13962683224014682469/52242776064,-,Y^8*q_d^5*q_{d-1}
5,1,9,365846975293525990745/52242776064,+,Y^9*q_d^5*q_{d-1}
5,1,10,-74052475758313266593009/10448555212800,-,Y^10*q_d^5*q_{d-1}
5,1,11,-15872048745533459703883/20897110425600,-,Y^11*q_d^5*q_{d-1}
5,1,12,367695997339722319615067/62691331276800,+,Y^12*q_d^5*q_{d-1}
5,1,13,-17684277798177169772509/5015306502144,-,Y^13*q_d^5*q_{d-1}
5,1,14,-2461294451555002940429/501530650214400,-,Y^14*q_d^5*q_{d-1}
5,1,15,641604473118885124998317/1003061300428800,+,Y^15*q_d^5*q_{d-1}
5,1,16,-28152088440139496919779/200612260085760,-,Y^16*q_d^5*q_{d-1}
5,1,17,-171740330945637657623/13931406950400,-,Y^17*q_d^5*q_{d-1}
5,1,18,-554319057760601/30958682112,-,Y^18*q_d^5*q_{d-1}
6,1,-3,-14036992/14175,-,Y^-3*q_d^6*q_{d-1}
6,1,-2,-183797632/8505,-,Y^-2*q_d^6*q_{d-1}
6,1,-1,-793035352/8505,-,Y^-1*q_d^6*q_{d-1}
6,1,0,2796529304/5103,+,q_d^6*q_{d-1}
6,1,1,196428978911/76545,+,Y*q_d^6*q_{d-1}
6,1,2,-4523908583851/437400,-,Y^2*q_d^6*q_{d-1}
6,1,3,-21549840296407/1049760,-,Y^3*q_d^6*q_{d-1}
6,1,4,1482236335759537/12597120,+,Y^4*q_d^6*q_{d-1}
6,1,5,-73085978897701/3149280,-,Y^5*q_d^6*q_{d-1}
6,1,6,-46014183354264089749/81629337600,-,Y^6*q_d^6*q_{d-1}
6,1,7,104379105059439933989/122444006400,+,Y^7*q_d^6*q_{d-1}
6,1,8,419450694338631917189/783641640960,+,Y^8*q_d^6*q_{d-1}
6,1,9,-323383182315095699723/130606940160,-,Y^9*q_d^6*q_{d-1}
6,1,10,473046781154204394473/261213880320,+,Y^10*q_d^6*q_{d-1}
6,1,11,3891095028049555725059/3482851737600,+,Y^11*q_d^6*q_{d-1}
6,1,12,-98772300430699304925971/41794220851200,-,Y^12*q_d^6*q_{d-1}
6,1,13,24618900757158223848521/25076532510720,+,Y^13*q_d^6*q_{d-1}
6,1,14,3847173075771936367513/12538266255360,+,Y^14*q_d^6*q_{d-1}
6,1,15,-1259962223298676990939/3918208204800,-,Y^15*q_d^6*q_{d-1}
6,1,16,84402798187601865354103/2006122600857600,+,Y^16*q_d^6*q_{d-1}
6,1,17,11377279361428081070389/1003061300428800,+,Y^17*q_d^6*q_{d-1}
6,1,18,65176316310416339/743008370688,+,Y^18*q_d^6*q_{d-1}
7,1,-2,431104/315,+,Y^-2*q_d^7*q_{d-1}
7,1,-1,130657984/8505,+,Y^-1*q_d^7*q_{d-1}
7,1,0,-114643664/2835,-,q_d^7*q_{d-1}
7,1,1,-13606120748/25515,-,Y*q_d^7*q_{d-1}
7,1,2,3300803057/2430,+,Y^2*q_d^7*q_{d-1}
7,1,3,1792712741191/291600,+,Y^3*q_d^7*q_{d-1}
7,1,4,-491183279994787/20995200,-,Y^4*q_d^7*q_{d-1}
7,1,5,-392130579494423/31492800,-,Y^5*q_d^7*q_{d-1}
7,1,6,15351432385646771/100776960,+,Y^6*q_d^7*q_{d-1}
7,1,7,-1738648815629296381/10883911680,-,Y^7*q_d^7*q_{d-1}
7,1,8,-1086431892101902304383/3918208204800,-,Y^8*q_d^7*q_{d-1}
7,1,9,11464512645476726191/16124313600,+,Y^9*q_d^7*q_{d-1}
7,1,10,-1500784314036944364331/5224277606400,-,Y^10*q_d^7*q_{d-1}
7,1,11,-1289435694104553085157/2089711042560,-,Y^11*q_d^7*q_{d-1}
7,1,12,3521483440378032688643/4643802316800,+,Y^12*q_d^7*q_{d-1}
7,1,13,-742147112217859740917/5224277606400,-,Y^13*q_d^7*q_{d-1}
7,1,14,-13996028214911885936731/62691331276800,-,Y^14*q_d^7*q_{d-1}
7,1,15,4110028303099139958173/33435376680960,+,Y^15*q_d^7*q_{d-1}
7,1,16,-495608613747124970113/401224520171520,-,Y^16*q_d^7*q_{d-1}
7,1,17,-763745024171261026699/100306130042880,-,Y^17*q_d^7*q_{d-1}
7,1,18,-2129476273937956097/11145125560320,-,Y^18*q_d^7*q_{d-1}
7,1,19,-218322577674859/1857520926720,-,Y^19*q_d^7*q_{d-1}
8,1,-1,-47104/45,-,Y^-1*q_d^8*q_{d-1}
8,1,0,-558848/405,-,q_d^8*q_{d-1}
8,1,1,325432/5,+,Y*q_d^8*q_{d-1}
8,1,2,-272626784/3645,-,Y^2*q_d^8*q_{d-1}
8,1,3,-26237509627/21870,-,Y^3*q_d^8*q_{d-1}
8,1,4,14126061479/4374,+,Y^4*q_d^8*q_{d-1}
8,1,5,25211122719469/4199040,+,Y^5*q_d^8*q_{d-1}
8,1,6,-31355473388089/984150,-,Y^6*q_d^8*q_{d-1}
8,1,7,531327819688037/31492800,+,Y^7*q_d^8*q_{d-1}
8,1,8,128362538138382583/1360488960,+,Y^8*q_d^8*q_{d-1}
8,1,9,-8440697195877772811/52242776064,-,Y^9*q_d^8*q_{d-1}
8,1,10,-1827649444940426071/261213880320,-,Y^10*q_d^8*q_{d-1}
8,1,11,1225445037464409589909/5224277606400,+,Y^11*q_d^8*q_{d-1}
8,1,12,-3930031191477604910249/20897110425600,-,Y^12*q_d^8*q_{d-1}
8,1,13,-28244360315980277231/928760463360,-,Y^13*q_d^8*q_{d-1}
8,1,14,8546992334433203684201/83588441702400,+,Y^14*q_d^8*q_{d-1}
8,1,15,-3379255407828458744047/100306130042880,-,Y^15*q_d^8*q_{d-1}
8,1,16,-3790580527526924967241/501530650214400,-,Y^16*q_d^8*q_{d-1}
8,1,17,427425723774729196811/111451255603200,+,Y^17*q_d^8*q_{d-1}
8,1,18,1674954029195718313/6687075336192,+,Y^18*q_d^8*q_{d-1}
8,1,19,4298155535219707/5572562780160,+,Y^19*q_d^8*q_{d-1}
9,1,0,1024/3,+,q_d^9*q_{d-1}
9,1,1,-10688/3,-,Y*q_d^9*q_{d-1}
9,1,2,-690592/135,-,Y^2*q_d^9*q_{d-1}
9,1,3,523066676/3645,+,Y^3*q_d^9*q_{d-1}
9,1,4,-1139009315/4374,-,Y^4*q_d^9*q_{d-1}
9,1,5,-2412325797599/1749600,-,Y^5*q_d^9*q_{d-1}
9,1,6,50834612257157/10497600,+,Y^6*q_d^9*q_{d-1}
9,1,7,240817630750079/251942400,+,Y^7*q_d^9*q_{d-1}
9,1,8,-7434566265551903/322486272,-,Y^8*q_d^9*q_{d-1}
9,1,9,2304912097138012937/87071293440,+,Y^9*q_d^9*q_{d-1}
9,1,10,239934432610694971387/10448555212800,+,Y^10*q_d^9*q_{d-1}
9,1,11,-1388326831509760596787/20897110425600,-,Y^11*q_d^9*q_{d-1}
9,1,12,318601685389403863727/10448555212800,+,Y^12*q_d^9*q_{d-1}
9,1,13,51857584161945166325/1671768834048,+,Y^13*q_d^9*q_{d-1}
9,1,14,-5703510288397079283937/167176883404800,-,Y^14*q_d^9*q_{d-1}
9,1,15,491236275483068305967/111451255603200,+,Y^15*q_d^9*q_{d-1}
9,1,16,5591674187822656793447/1003061300428800,+,Y^16*q_d^9*q_{d-1}
9,1,17,-696583153098956145491/501530650214400,-,Y^17*q_d^9*q_{d-1}
9,1,18,-2513633703547430107/11145125560320,-,Y^18*q_d^9*q_{d-1}
9,1,19,-4172740802146049/1857520926720,-,Y^19*q_d^9*q_{d-1}
9,1,20,-250555545863/371504185344,-,Y^20*q_d^9*q_{d-1}
10,1,2,6784/9,+,Y^2*q_d^10*q_{d-1}
10,1,3,-79208/9,-,Y^3*q_d^10*q_{d-1}
10,1,4,57112/9,+,Y^4*q_d^10*q_{d-1}
10,1,5,4048516909/21870,+,Y^5*q_d^10*q_{d-1}
10,1,6,-425540814703/874800,-,Y^6*q_d^10*q_{d-1}
10,1,7,-93732847721207/125971200,-,Y^7*q_d^10*q_{d-1}
10,1,8,151145091895751/37791360,+,Y^8*q_d^10*q_{d-1}
10,1,9,-2909171157732833/1209323520,-,Y^9*q_d^10*q_{d-1}
10,1,10,-887085290759501029/104485552128,-,Y^10*q_d^10*q_{d-1}
10,1,11,428658872239691115139/31345665638400,+,Y^11*q_d^10*q_{d-1}
10,1,12,-2310591526522792247/4643802316800,-,Y^12*q_d^10*q_{d-1}
10,1,13,-63493008049670302159/5015306502144,-,Y^13*q_d^10*q_{d-1}
10,1,14,248986327260868211/30958682112,+,Y^14*q_d^10*q_{d-1}
10,1,15,9995291804575578193/6965703475200,+,Y^15*q_d^10*q_{d-1}
10,1,16,-184690981845362502853/74300837068800,-,Y^16*q_d^10*q_{d-1}
10,1,17,282246154589422360099/1003061300428800,+,Y^17*q_d^10*q_{d-1}
10,1,18,827510847874409699/5572562780160,+,Y^18*q_d^10*q_{d-1}
10,1,19,1073549864456965/278628139008,+,Y^19*q_d^10*q_{d-1}
10,1,20,1984388624225/371504185344,+,Y^20*q_d^10*q_{d-1}
11,1,3,448/3,+,Y^3*q_d^11*q_{d-1}
11,1,4,1232/3,+,Y^4*q_d^11*q_{d-1}
11,1,5,-1096060/81,-,Y^5*q_d^11*q_{d-1}
11,1,6,197006089/7290,+,Y^6*q_d^11*q_{d-1}
11,1,7,79491546197/583200,+,Y^7*q_d^11*q_{d-1}
11,1,8,-5861253257741/12597120,-,Y^8*q_d^11*q_{d-1}
11,1,9,-23095573403371/302330880,-,Y^9*q_d^11*q_{d-1}
11,1,10,1775314815106805/967458816,+,Y^10*q_d^11*q_{d-1}
11,1,11,-1924116712088969461/1044855521280,-,Y^11*q_d^11*q_{d-1}
11,1,12,-181052926346817061159/125382662553600,-,Y^12*q_d^11*q_{d-1}
11,1,13,5235221472231854873/1567283281920,+,Y^13*q_d^11*q_{d-1}
11,1,14,-52540819024163104411/50153065021440,-,Y^14*q_d^11*q_{d-1}
11,1,15,-29342734838457311957/25076532510720,-,Y^15*q_d^11*q_{d-1}
11,1,16,304100354125236959773/401224520171520,+,Y^16*q_d^11*q_{d-1}
11,1,17,2123077433257415159/55725627801600,+,Y^17*q_d^11*q_{d-1}
11,1,18,-605333057173820633/8358844170240,-,Y^18*q_d^11*q_{d-1}
11,1,19,-2429896405923287/557256278016,-,Y^19*q_d^11*q_{d-1}
11,1,20,-387838516877/20639121408,-,Y^20*q_d^11*q_{d-1}
11,1,21,-282475249/123834728448,-,Y^21*q_d^11*q_{d-1}
12,1,5,392,+,Y^5*q_d^12*q_{d-1}
12,1,6,-13720/27,-,Y^6*q_d^12*q_{d-1}
12,1,7,-1989743/162,-,Y^7*q_d^12*q_{d-1}
12,1,8,936066061/29160,+,Y^8*q_d^12*q_{d-1}
12,1,9,1391483882299/25194240,+,Y^9*q_d^12*q_{d-1}
12,1,10,-37898778868643/151165440,-,Y^10*q_d^12*q_{d-1}
12,1,11,129508063775153/1209323520,+,Y^11*q_d^12*q_{d-1}
12,1,12,123349489166957179/261213880320,+,Y^12*q_d^12*q_{d-1}
12,1,13,-72177490843940715541/125382662553600,-,Y^13*q_d^12*q_{d-1}
12,1,14,-17327942124837161573/250765325107200,-,Y^14*q_d^12*q_{d-1}
12,1,15,207933791325073222829/501530650214400,+,Y^15*q_d^12*q_{d-1}
12,1,16,-5724541149310634273/40122452017152,-,Y^16*q_d^12*q_{d-1}
12,1,17,-2386308259523561611/40122452017152,-,Y^17*q_d^12*q_{d-1}
12,1,18,93954132940791403/3715041853440,+,Y^18*q_d^12*q_{d-1}
12,1,19,237546471099161/68797071360,+,Y^19*q_d^12*q_{d-1}
12,1,20,44348614093/1146617856,+,Y^20*q_d^12*q_{d-1}
12,1,21,282475249/13759414272,+,Y^21*q_d^12*q_{d-1}
13,1,7,1372/3,+,Y^7*q_d^13*q_{d-1}
13,1,8,-156065/162,-,Y^8*q_d^13*q_{d-1}
13,1,9,-265312901/38880,-,Y^9*q_d^13*q_{d-1}
13,1,10,3509116037/174960,+,Y^10*q_d^13*q_{d-1}
13,1,11,3153564479191/302330880,+,Y^11*q_d^13*q_{d-1}
13,1,12,-386628740013593/4837294080,-,Y^12*q_d^13*q_{d-1}
13,1,13,113268550173830107/2089711042560,+,Y^13*q_d^13*q_{d-1}
13,1,14,424210435077959509/6269133127680,+,Y^14*q_d^13*q_{d-1}
13,1,15,-300523684719445033/3343537668096,-,Y^15*q_d^13*q_{d-1}
13,1,16,716369663186817521/125382662553600,+,Y^16*q_d^13*q_{d-1}
13,1,17,6664424762781637957/250765325107200,+,Y^17*q_d^13*q_{d-1}
13,1,18,-4080220726884113/743008370688,-,Y^18*q_d^13*q_{d-1}
13,1,19,-2738708632535071/1393140695040,-,Y^19*q_d^13*q_{d-1}
13,1,20,-1065779114477/20639121408,-,Y^20*q_d^13*q_{d-1}
13,1,21,-282475249/3439853568,-,Y^21*q_d^13*q_{d-1}
14,1,9,16807/54,+,Y^9*q_d^14*q_{d-1}
14,1,10,-924385/1296,-,Y^10*q_d^14*q_{d-1}
14,1,11,-1339971689/559872,-,Y^11*q_d^14*q_{d-1}
14,1,12,188108364241/25194240,+,Y^12*q_d^14*q_{d-1}
14,1,13,-79079607313/806215680,-,Y^13*q_d^14*q_{d-1}
14,1,14,-3192960705621029/208971104256,-,Y^14*q_d^14*q_{d-1}
14,1,15,2785855893445396933/250765325107200,+,Y^15*q_d^14*q_{d-1}
14,1,16,1382659415835921671/250765325107200,+,Y^16*q_d^14*q_{d-1}
14,1,17,-778969414088320357/111451255603200,-,Y^17*q_d^14*q_{d-1}
14,1,18,7470845206794361/33435376680960,+,Y^18*q_d^14*q_{d-1}
14,1,19,4471462574738677/5572562780160,+,Y^19*q_d^14*q_{d-1}
14,1,20,322304259109/6879707136,+,Y^20*q_d^14*q_{d-1}
14,1,21,1977326743/10319560704,+,Y^21*q_d^14*q_{d-1}
15,1,11,117649/864,+,Y^11*q_d^15*q_{d-1}
15,1,12,-28353409/93312,-,Y^12*q_d^15*q_{d-1}
15,1,13,-1200843343/2239488,-,Y^13*q_d^15*q_{d-1}
15,1,14,551203094701/322486272,+,Y^14*q_d^15*q_{d-1}
15,1,15,-808898172095419/2089711042560,-,Y^15*q_d^15*q_{d-1}
15,1,16,-217357699804334299/125382662553600,-,Y^16*q_d^15*q_{d-1}
15,1,17,266191972046010367/250765325107200,+,Y^17*q_d^15*q_{d-1}
15,1,18,3437936426544487/11145125560320,+,Y^18*q_d^15*q_{d-1}
15,1,19,-83520546419219/371504185344,-,Y^19*q_d^15*q_{d-1}
15,1,20,-227392575445/7739670528,-,Y^20*q_d^15*q_{d-1}
15,1,21,-1977326743/6879707136,-,Y^21*q_d^15*q_{d-1}
16,1,13,823543/20736,+,Y^13*q_d^16*q_{d-1}
16,1,14,-89766187/1119744,-,Y^14*q_d^16*q_{d-1}
16,1,15,-1033546465/13436928,-,Y^15*q_d^16*q_{d-1}
16,1,16,13714100043623/58047528960,+,Y^16*q_d^16*q_{d-1}
16,1,17,-14248865861583997/250765325107200,-,Y^17*q_d^16*q_{d-1}
16,1,18,-629026937243803/5572562780160,-,Y^18*q_d^16*q_{d-1}
16,1,19,10559691526153/278628139008,+,Y^19*q_d^16*q_{d-1}
16,1,20,391793170363/30958682112,+,Y^20*q_d^16*q_{d-1}
16,1,21,1977326743/6879707136,+,Y^21*q_d^16*q_{d-1}
17,1,15,5764801/746496,+,Y^15*q_d^17*q_{d-1}
17,1,16,-465301795/35831808,-,Y^16*q_d^17*q_{d-1}
17,1,17,-336283077991/46438023168,-,Y^17*q_d^17*q_{d-1}
17,1,18,76155187951633/4179422085120,+,Y^18*q_d^17*q_{d-1}
17,1,19,-3657322344823/1857520926720,-,Y^19*q_d^17*q_{d-1}
17,1,20,-148864456223/41278242816,-,Y^20*q_d^17*q_{d-1}
17,1,21,-1977326743/10319560704,-,Y^21*q_d^17*q_{d-1}
18,1,17,5764801/5971968,+,Y^17*q_d^18*q_{d-1}
18,1,18,-9194857595/7739670528,-,Y^18*q_d^18*q_{d-1}
18,1,19,-299637061577/619173642240,-,Y^19*q_d^18*q_{d-1}
18,1,20,228522476441/371504185344,+,Y^20*q_d^18*q_{d-1}
18,1,21,282475249/3439853568,+,Y^21*q_d^18*q_{d-1}
19,1,19,40353607/573308928,+,Y^19*q_d^19*q_{d-1}
19,1,20,-8756732719/185752092672,-,Y^20*q_d^19*q_{d-1}
19,1,21,-282475249/13759414272,-,Y^21*q_d^19*q_{d-1}
20,1,21,282475249/123834728448,+,Y^21*q_d^20*q_{d-1}
2,2,-6,-126464/14175,-,Y^-6*q_d^2*q_{d-1}^2
2,2,-5,-831872/1701,-,Y^-5*q_d^2*q_{d-1}^2
2,2,-4,-1941248/189,-,Y^-4*q_d^2*q_{d-1}^2
2,2,-3,-358557176/3645,-,Y^-3*q_d^2*q_{d-1}^2
2,2,-2,-24746546336/76545,-,Y^-2*q_d^2*q_{d-1}^2
2,2,-1,147251948597/127575,+,Y^-1*q_d^2*q_{d-1}^2
2,2,0,1572193514749/196830,+,q_d^2*q_{d-1}^2
2,2,1,-450535295899237/33067440,-,Y*q_d^2*q_{d-1}^2
2,2,2,-1279791586936331/12597120,-,Y^2*q_d^2*q_{d-1}^2
2,2,3,3838558562492079391/20407334400,+,Y^3*q_d^2*q_{d-1}^2
2,2,4,40587205600805919379/61222003200,+,Y^4*q_d^2*q_{d-1}^2
2,2,5,-38361777675994824451/21767823360,-,Y^5*q_d^2*q_{d-1}^2
2,2,6,-101360076957571624165/78364164096,-,Y^6*q_d^2*q_{d-1}^2
2,2,7,1098877805261581710079/145118822400,+,Y^7*q_d^2*q_{d-1}^2
2,2,8,-34508658621435308349929/7836416409600,-,Y^8*q_d^2*q_{d-1}^2
2,2,9,-1838474248198071674951/174142586880,-,Y^9*q_d^2*q_{d-1}^2
2,2,10,1848464347047566852021/116095057920,+,Y^10*q_d^2*q_{d-1}^2
2,2,11,-280058438929623258641/139314069504,-,Y^11*q_d^2*q_{d-1}^2
2,2,12,-70838491776040668460597/6965703475200,-,Y^12*q_d^2*q_{d-1}^2
2,2,13,872532660837708807013/123834728448,+,Y^13*q_d^2*q_{d-1}^2
2,2,14,-1474258409361420185909/11145125560320,-,Y^14*q_d^2*q_{d-1}^2
2,2,15,-1881746586576020625517/1486016741376,-,Y^15*q_d^2*q_{d-1}^2
2,2,16,284752064593023196771/990677827584,+,Y^16*q_d^2*q_{d-1}^2
2,2,17,325604417443067/14171760,+,Y^17*q_d^2*q_{d-1}^2
3,2,-5,252928/4725,+,Y^-5*q_d^3*q_{d-1}^2
3,2,-4,106838656/42525,+,Y^-4*q_d^3*q_{d-1}^2
3,2,-3,578723216/14175,+,Y^-3*q_d^3*q_{d-1}^2
3,2,-2,2060916652/8505,+,Y^-2*q_d^3*q_{d-1}^2
3,2,-1,-13029308882/76545,-,Y^-1*q_d^3*q_{d-1}^2
3,2,0,-102239422441/18225,-,q_d^3*q_{d-1}^2
3,2,1,2001126692101/3061800,+,Y*q_d^3*q_{d-1}^2
3,2,2,3701685177968897/47239200,+,Y^2*q_d^3*q_{d-1}^2
3,2,3,-91740272321621/1259712,-,Y^3*q_d^3*q_{d-1}^2
3,2,4,-4111707847010212757/6802444800,-,Y^4*q_d^3*q_{d-1}^2
3,2,5,120626085035974819579/97955205120,+,Y^5*q_d^3*q_{d-1}^2
3,2,6,1004621537878263069553/653034700800,+,Y^6*q_d^3*q_{d-1}^2
3,2,7,-26488689493077954827939/3918208204800,-,Y^7*q_d^3*q_{d-1}^2
3,2,8,6032681197368848474461/1567283281920,+,Y^8*q_d^3*q_{d-1}^2
3,2,9,52845935840908684535591/5224277606400,+,Y^9*q_d^3*q_{d-1}^2
3,2,10,-87590234900819919439973/5224277606400,-,Y^10*q_d^3*q_{d-1}^2
3,2,11,15682952675118219840403/3482851737600,+,Y^11*q_d^3*q_{d-1}^2
3,2,12,1464389804969662984169/154793410560,+,Y^12*q_d^3*q_{d-1}^2
3,2,13,-31402918972338002525387/3482851737600,-,Y^13*q_d^3*q_{d-1}^2
3,2,14,108656420035093520339323/55725627801600,+,Y^14*q_d^3*q_{d-1}^2
3,2,15,103194356536798085508509/111451255603200,+,Y^15*q_d^3*q_{d-1}^2
3,2,16,-4184587588234033158619/8916100448256,-,Y^16*q_d^3*q_{d-1}^2
3,2,17,6324506193221034098903/148601674137600,+,Y^17*q_d^3*q_{d-1}^2
4,2,-4,-1375744/4725,-,Y^-4*q_d^4*q_{d-1}^2
4,2,-3,-384910208/42525,-,Y^-3*q_d^4*q_{d-1}^2
4,2,-2,-1199121772/14175,-,Y^-2*q_d^4*q_{d-1}^2
4,2,-1,-8452478/105,-,Y^-1*q_d^4*q_{d-1}^2
4,2,0,154108002718/76545,+,q_d^4*q_{d-1}^2
4,2,1,239496431791/127575,+,Y*q_d^4*q_{d-1}^2
4,2,2,-133385986128569/4082400,-,Y^2*q_d^4*q_{d-1}^2
4,2,3,1313810801143147/94478400,+,Y^3*q_d^4*q_{d-1}^2
4,2,4,7318373035895923/25194240,+,Y^4*q_d^4*q_{d-1}^2
4,2,5,-1786338441076338797/3401222400,-,Y^5*q_d^4*q_{d-1}^2
4,2,6,-1638481456286934533557/1959104102400,-,Y^6*q_d^4*q_{d-1}^2
4,2,7,4508175113699001233123/1306069401600,+,Y^7*q_d^4*q_{d-1}^2
4,2,8,-17237571745325463912667/7836416409600,-,Y^8*q_d^4*q_{d-1}^2
4,2,9,-16577086235019580548323/3134566563840,-,Y^9*q_d^4*q_{d-1}^2
4,2,10,53434160466002088713477/5224277606400,+,Y^10*q_d^4*q_{d-1}^2
4,2,11,-45988552388656247569223/10448555212800,-,Y^11*q_d^4*q_{d-1}^2
4,2,12,-6922129952581394021033/1393140695040,-,Y^12*q_d^4*q_{d-1}^2
4,2,13,282063823959652318661861/41794220851200,+,Y^13*q_d^4*q_{d-1}^2
4,2,14,-423628651406443256833507/167176883404800,-,Y^14*q_d^4*q_{d-1}^2
4,2,15,-36927746044621012436639/111451255603200,-,Y^15*q_d^4*q_{d-1}^2
4,2,16,105105933052203829936813/222902511206400,+,Y^16*q_d^4*q_{d-1}^2
4,2,17,-39526991933500177579823/445805022412800,-,Y^17*q_d^4*q_{d-1}^2
4,2,18,-24051956466676839533/13931406950400,-,Y^18*q_d^4*q_{d-1}^2
5,2,-3,11450368/14175,+,Y^-3*q_d^5*q_{d-1}^2
5,2,-2,689698432/42525,+,Y^-2*q_d^5*q_{d-1}^2
5,2,-1,53010784/945,+,Y^-1*q_d^5*q_{d-1}^2
5,2,0,-11364122422/25515,-,q_d^5*q_{d-1}^2
5,2,1,-18807230264/15309,-,Y*q_d^5*q_{d-1}^2
5,2,2,4971622334059/510300,+,Y^2*q_d^5*q_{d-1}^2
5,2,3,4065557956073/1312200,+,Y^3*q_d^5*q_{d-1}^2
5,2,4,-172289833415203/1574640,-,Y^4*q_d^5*q_{d-1}^2
5,2,5,488295766600819/3149280,+,Y^5*q_d^5*q_{d-1}^2
5,2,6,16800694059008090651/40814668800,+,Y^6*q_d^5*q_{d-1}^2
5,2,7,-83590792548220259417/61222003200,-,Y^7*q_d^5*q_{d-1}^2
5,2,8,6283508741494802053/9674588160,+,Y^8*q_d^5*q_{d-1}^2
5,2,9,339627119823718252591/130606940160,+,Y^9*q_d^5*q_{d-1}^2
5,2,10,-40138275909396847661/8707129344,-,Y^10*q_d^5*q_{d-1}^2
5,2,11,6039728583831701481773/3482851737600,+,Y^11*q_d^5*q_{d-1}^2
5,2,12,29632040207296807742491/10448555212800,+,Y^12*q_d^5*q_{d-1}^2
5,2,13,-231036406939217105919931/62691331276800,-,Y^13*q_d^5*q_{d-1}^2
5,2,14,22456764877399526347457/16717688340480,+,Y^14*q_d^5*q_{d-1}^2
5,2,15,157597212309105318667519/501530650214400,+,Y^15*q_d^5*q_{d-1}^2
5,2,16,-23618907761878185096277/66870753361920,-,Y^16*q_d^5*q_{d-1}^2
5,2,17,63420918333731463736903/1003061300428800,+,Y^17*q_d^5*q_{d-1}^2
5,2,18,1980015851059402294313/445805022412800,+,Y^18*q_d^5*q_{d-1}^2
6,2,-2,-6190592/4725,-,Y^-2*q_d^6*q_{d-1}^2
6,2,-1,-111708544/8505,-,Y^-1*q_d^6*q_{d-1}^2
6,2,0,131057722/2835,+,q_d^6*q_{d-1}^2
6,2,1,3264572032/8505,+,Y*q_d^6*q_{d-1}^2
6,2,2,-288413278691/153090,-,Y^2*q_d^6*q_{d-1}^2
6,2,3,-313845706337/97200,-,Y^3*q_d^6*q_{d-1}^2
6,2,4,5366449801547/174960,+,Y^4*q_d^6*q_{d-1}^2
6,2,5,-656291422638859/25194240,-,Y^5*q_d^6*q_{d-1}^2
6,2,6,-520405678746637/3149280,-,Y^6*q_d^6*q_{d-1}^2
6,2,7,22282107145585829519/54419558400,+,Y^7*q_d^6*q_{d-1}^2
6,2,8,-81188056775052513779/3918208204800,-,Y^8*q_d^6*q_{d-1}^2
6,2,9,-585336137296064260717/522427760640,-,Y^9*q_d^6*q_{d-1}^2
6,2,10,805263720670984190929/522427760640,+,Y^10*q_d^6*q_{d-1}^2
6,2,11,-305663443106912814089/2089711042560,-,Y^11*q_d^6*q_{d-1}^2
6,2,12,-7995546442081677311489/5224277606400,-,Y^12*q_d^6*q_{d-1}^2
6,2,13,124722277424484685107659/83588441702400,+,Y^13*q_d^6*q_{d-1}^2
6,2,14,-32151549529559419543213/100306130042880,-,Y^14*q_d^6*q_{d-1}^2
6,2,15,-20507604241935218558717/66870753361920,-,Y^15*q_d^6*q_{d-1}^2
6,2,16,390770421192099104796283/2006122600857600,+,Y^16*q_d^6*q_{d-1}^2
6,2,17,-21782430357823103146423/1003061300428800,-,Y^17*q_d^6*q_{d-1}^2
6,2,18,-7484053987581293953159/1337415067238400,-,Y^18*q_d^6*q_{d-1}^2
6,2,19,-1735600848823849/92876046336,-,Y^19*q_d^6*q_{d-1}^2
7,2,-1,361472/315,+,Y^-1*q_d^7*q_{d-1}^2
7,2,0,5316992/8505,+,q_d^7*q_{d-1}^2
7,2,1,-19613308/315,-,Y*q_d^7*q_{d-1}^2
7,2,2,347246966/1701,+,Y^2*q_d^7*q_{d-1}^2
7,2,3,11438375549/10935,+,Y^3*q_d^7*q_{d-1}^2
7,2,4,-294301408993/48600,-,Y^4*q_d^7*q_{d-1}^2
7,2,5,628187528117/1399680,+,Y^5*q_d^7*q_{d-1}^2
7,2,6,2467887141703249/50388480,+,Y^6*q_d^7*q_{d-1}^2
7,2,7,-502141001637103/5598720,-,Y^7*q_d^7*q_{d-1}^2
7,2,8,-76421631585436519/1209323520,-,Y^8*q_d^7*q_{d-1}^2
7,2,9,1483425171927393076549/3918208204800,+,Y^9*q_d^7*q_{d-1}^2
7,2,10,-1605303343274104421/4299816960,-,Y^10*q_d^7*q_{d-1}^2
7,2,11,-376887916893024782327/2089711042560,-,Y^11*q_d^7*q_{d-1}^2
7,2,12,1351189572656002176881/2089711042560,+,Y^12*q_d^7*q_{d-1}^2
7,2,13,-18464973443529054943501/41794220851200,-,Y^13*q_d^7*q_{d-1}^2
7,2,14,-1291459069271584102841/33435376680960,-,Y^14*q_d^7*q_{d-1}^2
7,2,15,38363917310125181030179/200612260085760,+,Y^15*q_d^7*q_{d-1}^2
7,2,16,-10343622794228809924111/133741506723840,-,Y^16*q_d^7*q_{d-1}^2
7,2,17,-5315577268468426401421/4012245201715200,-,Y^17*q_d^7*q_{d-1}^2
7,2,18,1851635850287258550109/401224520171520,+,Y^18*q_d^7*q_{d-1}^2
7,2,19,864252373345459609/11145125560320,+,Y^19*q_d^7*q_{d-1}^2
8,2,0,-18944/45,-,q_d^8*q_{d-1}^2
8,2,1,576128/135,+,Y*q_d^8*q_{d-1}^2
8,2,2,-927074/135,-,Y^2*q_d^8*q_{d-1}^2
8,2,3,-657358214/3645,-,Y^3*q_d^8*q_{d-1}^2
8,2,4,68627523797/87480,+,Y^4*q_d^8*q_{d-1}^2
8,2,5,70745551247/72900,+,Y^5*q_d^8*q_{d-1}^2
8,2,6,-878035205567863/83980800,-,Y^6*q_d^8*q_{d-1}^2
8,2,7,6606536288535571/503884800,+,Y^7*q_d^8*q_{d-1}^2
8,2,8,4156262498569433/134369280,+,Y^8*q_d^8*q_{d-1}^2
8,2,9,-424794882954157687/4353564672,-,Y^9*q_d^8*q_{d-1}^2
8,2,10,294102364096693037423/5224277606400,+,Y^10*q_d^8*q_{d-1}^2
8,2,11,136491854086466261507/1160950579200,+,Y^11*q_d^8*q_{d-1}^2
8,2,12,-68104860653082355943/326517350400,-,Y^12*q_d^8*q_{d-1}^2
8,2,13,232327856534853764377/2786281390080,+,Y^13*q_d^8*q_{d-1}^2
8,2,14,12339403326307913252369/167176883404800,+,Y^14*q_d^8*q_{d-1}^2
8,2,15,-27940060165291721036149/334353766809600,-,Y^15*q_d^8*q_{d-1}^2
8,2,16,39009776804564030068261/2006122600857600,+,Y^16*q_d^8*q_{d-1}^2
8,2,17,367780551288959664835/53496602689536,+,Y^17*q_d^8*q_{d-1}^2
8,2,18,-39752472900965257279/14860167413760,-,Y^18*q_d^8*q_{d-1}^2
8,2,19,-3204125475926396959/22290251120640,-,Y^19*q_d^8*q_{d-1}^2
8,2,20,-1922351127564371/11145125560320,-,Y^20*q_d^8*q_{d-1}^2
9,2,2,-1408/3,-,Y^2*q_d^9*q_{d-1}^2
9,2,3,2140504/135,+,Y^3*q_d^9*q_{d-1}^2
9,2,4,-13956764/243,-,Y^4*q_d^9*q_{d-1}^2
9,2,5,-10870948451/43740,-,Y^5*q_d^9*q_{d-1}^2
9,2,6,297632870189/194400,+,Y^6*q_d^9*q_{d-1}^2
9,2,7,-688329804577/777600,-,Y^7*q_d^9*q_{d-1}^2
9,2,8,-66416970654953/7873200,-,Y^8*q_d^9*q_{d-1}^2
9,2,9,17168970471331/933120,+,Y^9*q_d^9*q_{d-1}^2
9,2,10,-4081556282635159/14511882240,-,Y^10*q_d^9*q_{d-1}^2
9,2,11,-55334706099364531141/1306069401600,-,Y^11*q_d^9*q_{d-1}^2
9,2,12,173272407438480837797/3482851737600,+,Y^12*q_d^9*q_{d-1}^2
9,2,13,-12326066128146020621/20897110425600,-,Y^13*q_d^9*q_{d-1}^2
9,2,14,-650196684005183419027/16717688340480,-,Y^14*q_d^9*q_{d-1}^2
9,2,15,4381877622033791406373/167176883404800,+,Y^15*q_d^9*q_{d-1}^2
9,2,16,-27847822026004152683/83588441702400,-,Y^16*q_d^9*q_{d-1}^2
9,2,17,-2018252468336676647257/401224520171520,-,Y^17*q_d^9*q_{d-1}^2
9,2,18,1406384053921557493979/1337415067238400,+,Y^18*q_d^9*q_{d-1}^2
9,2,19,3608790508262909333/22290251120640,+,Y^19*q_d^9*q_{d-1}^2
9,2,20,3643247404472669/3715041853440,+,Y^20*q_d^9*q_{d-1}^2
10,2,3,-4480/9,-,Y^3*q_d^10*q_{d-1}^2
10,2,4,4886/3,+,Y^4*q_d^10*q_{d-1}^2
10,2,5,2286784/81,+,Y^5*q_d^10*q_{d-1}^2
10,2,6,-12246836653/87480,-,Y^6*q_d^10*q_{d-1}^2
10,2,7,-20460472819/291600,-,Y^7*q_d^10*q_{d-1}^2
10,2,8,82548605880551/55987200,+,Y^8*q_d^10*q_{d-1}^2
10,2,9,-234364290975379/100776960,-,Y^9*q_d^10*q_{d-1}^2
10,2,10,-2626955248233311/1074954240,-,Y^10*q_d^10*q_{d-1}^2
10,2,11,1199208058739974747/116095057920,+,Y^11*q_d^10*q_{d-1}^2
10,2,12,-40690778061158805979/5224277606400,-,Y^12*q_d^10*q_{d-1}^2
10,2,13,-178580019109342005379/27862813900800,-,Y^13*q_d^10*q_{d-1}^2
10,2,14,440136308808857034997/33435376680960,+,Y^14*q_d^10*q_{d-1}^2
10,2,15,-350128168645862626901/66870753361920,-,Y^15*q_d^10*q_{d-1}^2
10,2,16,-1699409786096970397373/668707533619200,-,Y^16*q_d^10*q_{d-1}^2
10,2,17,763386456453446091119/334353766809600,+,Y^17*q_d^10*q_{d-1}^2
10,2,18,-794234031509867030173/4012245201715200,-,Y^18*q_d^10*q_{d-1}^2
10,2,19,-139409795419788383/1114512556032,-,Y^19*q_d^10*q_{d-1}^2
10,2,20,-1819027457810773/743008370688,-,Y^20*q_d^10*q_{d-1}^2
10,2,21,-935840499937/743008370688,-,Y^21*q_d^10*q_{d-1}^2
11,2,5,-3836/3,-,Y^5*q_d^11*q_{d-1}^2
11,2,6,536410/81,+,Y^6*q_d^11*q_{d-1}^2
11,2,7,9479855/486,+,Y^7*q_d^11*q_{d-1}^2
11,2,8,-1157875999/7200,-,Y^8*q_d^11*q_{d-1}^2
11,2,9,1613682604247/10077696,+,Y^9*q_d^11*q_{d-1}^2
11,2,10,413637867889141/604661760,+,Y^10*q_d^11*q_{d-1}^2
11,2,11,-2757106148399953/1612431360,-,Y^11*q_d^11*q_{d-1}^2
11,2,12,463359100676814629/1044855521280,+,Y^12*q_d^11*q_{d-1}^2
11,2,13,328285047669890424827/125382662553600,+,Y^13*q_d^11*q_{d-1}^2
11,2,14,-33718851860447346509/11145125560320,-,Y^14*q_d^11*q_{d-1}^2
11,2,15,40727017026946419953/200612260085760,+,Y^15*q_d^11*q_{d-1}^2
11,2,16,64463149725088327283/44580502241280,+,Y^16*q_d^11*q_{d-1}^2
11,2,17,-2765423380377001404949/4012245201715200,-,Y^17*q_d^11*q_{d-1}^2
11,2,18,-1857965907436473359/27862813900800,-,Y^18*q_d^11*q_{d-1}^2
11,2,19,1531751639246564477/22290251120640,+,Y^19*q_d^11*q_{d-1}^2
11,2,20,992874518276893/278628139008,+,Y^20*q_d^11*q_{d-1}^2
11,2,21,26835148655/3057647616,+,Y^21*q_d^11*q_{d-1}^2
12,2,6,-98,-,Y^6*q_d^12*q_{d-1}^2
12,2,7,-10976/9,-,Y^7*q_d^12*q_{d-1}^2
12,2,8,6262837/648,+,Y^8*q_d^12*q_{d-1}^2
12,2,9,-40407997/29160,-,Y^9*q_d^12*q_{d-1}^2
12,2,10,-1092145951267/11197440,-,Y^10*q_d^12*q_{d-1}^2
12,2,11,54157416789287/302330880,+,Y^11*q_d^12*q_{d-1}^2
12,2,12,36923124667471/322486272,+,Y^12*q_d^12*q_{d-1}^2
12,2,13,-206455601679024313/348285173760,-,Y^13*q_d^12*q_{d-1}^2
12,2,14,212971671463084900667/501530650214400,+,Y^14*q_d^12*q_{d-1}^2
12,2,15,18366483715234430923/66870753361920,+,Y^15*q_d^12*q_{d-1}^2
12,2,16,-187588586373253721789/401224520171520,-,Y^16*q_d^12*q_{d-1}^2
12,2,17,90920799262832082761/802449040343040,+,Y^17*q_d^12*q_{d-1}^2
12,2,18,137759472837444479/1857520926720,+,Y^18*q_d^12*q_{d-1}^2
12,2,19,-48462119916137963/1857520926720,-,Y^19*q_d^12*q_{d-1}^2
12,2,20,-838732409797597/247669456896,-,Y^20*q_d^12*q_{d-1}^2
12,2,21,-46043465587/1719926784,-,Y^21*q_d^12*q_{d-1}^2
12,2,22,-282475249/55037657088,-,Y^22*q_d^12*q_{d-1}^2
13,2,8,-686/3,-,Y^8*q_d^13*q_{d-1}^2
13,2,9,-127253/324,-,Y^9*q_d^13*q_{d-1}^2
13,2,10,95975173/12960,+,Y^10*q_d^13*q_{d-1}^2
13,2,11,-9292730587/933120,-,Y^11*q_d^13*q_{d-1}^2
13,2,12,-19129724816867/604661760,-,Y^12*q_d^13*q_{d-1}^2
13,2,13,131978704950379/1612431360,+,Y^13*q_d^13*q_{d-1}^2
13,2,14,-398947576640963/21767823360,-,Y^14*q_d^13*q_{d-1}^2
13,2,15,-821059182853282723/7836416409600,-,Y^15*q_d^13*q_{d-1}^2
13,2,16,31408690979417418611/334353766809600,+,Y^16*q_d^13*q_{d-1}^2
13,2,17,6997704112248842629/1003061300428800,+,Y^17*q_d^13*q_{d-1}^2
13,2,18,-26407135532734007261/802449040343040,-,Y^18*q_d^13*q_{d-1}^2
13,2,19,4783699704213367/825564856320,+,Y^19*q_d^13*q_{d-1}^2
13,2,20,1829306928125117/825564856320,+,Y^20*q_d^13*q_{d-1}^2
13,2,21,484445052035/10319560704,+,Y^21*q_d^13*q_{d-1}^2
13,2,22,282475249/6879707136,+,Y^22*q_d^13*q_{d-1}^2
14,2,10,-16807/72,-,Y^10*q_d^14*q_{d-1}^2
14,2,11,218491/1296,+,Y^11*q_d^14*q_{d-1}^2
14,2,12,7429618385/2239488,+,Y^12*q_d^14*q_{d-1}^2
14,2,13,-70954464847/11197440,-,Y^13*q_d^14*q_{d-1}^2
14,2,14,-393960332171/80621568,-,Y^14*q_d^14*q_{d-1}^2
14,2,15,20503060219231079/1044855521280,+,Y^15*q_d^14*q_{d-1}^2
14,2,16,-9752230840689315713/1003061300428800,-,Y^16*q_d^14*q_{d-1}^2
14,2,17,-178041664383579521/18575209267200,-,Y^17*q_d^14*q_{d-1}^2
14,2,18,3883261725887511877/445805022412800,+,Y^18*q_d^14*q_{d-1}^2
14,2,19,6683070386489/1238347284480,+,Y^19*q_d^14*q_{d-1}^2
14,2,20,-22492897442095969/22290251120640,-,Y^20*q_d^14*q_{d-1}^2
14,2,21,-2157263476613/41278242816,-,Y^21*q_d^14*q_{d-1}^2
14,2,22,-1977326743/13759414272,-,Y^22*q_d^14*q_{d-1}^2
15,2,12,-117649/864,-,Y^12*q_d^15*q_{d-1}^2
15,2,13,25294535/124416,+,Y^13*q_d^15*q_{d-1}^2
15,2,14,4043478481/4478976,+,Y^14*q_d^15*q_{d-1}^2
15,2,15,-632887030699/322486272,-,Y^15*q_d^15*q_{d-1}^2
15,2,16,-11935461990697/87071293440,-,Y^16*q_d^15*q_{d-1}^2
15,2,17,1289780520968517851/501530650214400,+,Y^17*q_d^15*q_{d-1}^2
15,2,18,-26761707438181093/20897110425600,-,Y^18*q_d^15*q_{d-1}^2
15,2,19,-2265106214224105/4458050224128,-,Y^19*q_d^15*q_{d-1}^2
15,2,20,228632520727289/743008370688,+,Y^20*q_d^15*q_{d-1}^2
15,2,21,1587793374629/41278242816,+,Y^21*q_d^15*q_{d-1}^2
15,2,22,1977326743/6879707136,+,Y^22*q_d^15*q_{d-1}^2
16,2,14,-4117715/82944,-,Y^14*q_d^16*q_{d-1}^2
16,2,15,5764801/69984,+,Y^15*q_d^16*q_{d-1}^2
16,2,16,597068675/3981312,+,Y^16*q_d^16*q_{d-1}^2
16,2,17,-7723649908709/23219011584,-,Y^17*q_d^16*q_{d-1}^2
16,2,18,43197873742450441/1003061300428800,+,Y^18*q_d^16*q_{d-1}^2
16,2,19,4027098892741253/22290251120640,+,Y^19*q_d^16*q_{d-1}^2
16,2,20,-40549523761985/743008370688,-,Y^20*q_d^16*q_{d-1}^2
16,2,21,-583311389185/30958682112,-,Y^21*q_d^16*q_{d-1}^2
16,2,22,-9886633715/27518828544,-,Y^22*q_d^16*q_{d-1}^2
17,2,16,-5764801/497664,-,Y^16*q_d^17*q_{d-1}^2
17,2,17,628363309/35831808,+,Y^17*q_d^17*q_{d-1}^2
17,2,18,22096482233/1451188224,+,Y^18*q_d^17*q_{d-1}^2
17,2,19,-165350849067523/5572562780160,-,Y^19*q_d^17*q_{d-1}^2
17,2,20,1157439450377/495338913792,+,Y^20*q_d^17*q_{d-1}^2
17,2,21,30789802141/5159780352,+,Y^21*q_d^17*q_{d-1}^2
17,2,22,1977326743/6879707136,+,Y^22*q_d^17*q_{d-1}^2
18,2,18,-40353607/23887872,-,Y^18*q_d^18*q_{d-1}^2
18,2,19,1689086693/859963392,+,Y^19*q_d^18*q_{d-1}^2
18,2,20,821132489639/825564856320,+,Y^20*q_d^18*q_{d-1}^2
18,2,21,-91804455925/82556485632,-,Y^21*q_d^18*q_{d-1}^2
18,2,22,-1977326743/13759414272,-,Y^22*q_d^18*q_{d-1}^2
19,2,20,-40353607/286654464,-,Y^20*q_d^19*q_{d-1}^2
19,2,21,68076535009/743008370688,+,Y^21*q_d^19*q_{d-1}^2
19,2,22,282475249/6879707136,+,Y^22*q_d^19*q_{d-1}^2
20,2,22,-282475249/55037657088,-,Y^22*q_d^20*q_{d-1}^2
3,3,-4,247808/4725,+,Y^-4*q_d^3*q_{d-1}^3
3,3,-3,1607104/1215,+,Y^-3*q_d^3*q_{d-1}^3
3,3,-2,25411924/2835,+,Y^-2*q_d^3*q_{d-1}^3
3,3,-1,-20118254/1701,-,Y^-1*q_d^3*q_{d-1}^3
3,3,0,-3214399976/15309,-,q_d^3*q_{d-1}^3
3,3,1,4899315203/9450,+,Y*q_d^3*q_{d-1}^3
3,3,2,321474688691/90720,+,Y^2*q_d^3*q_{d-1}^3
3,3,3,-227421544981541/18895680,-,Y^3*q_d^3*q_{d-1}^3
3,3,4,-193911470142607/8398080,-,Y^4*q_d^3*q_{d-1}^3
3,3,5,1890597692628295831/13604889600,+,Y^5*q_d^3*q_{d-1}^3
3,3,6,-109494053110569534833/1959104102400,-,Y^6*q_d^3*q_{d-1}^3
3,3,7,-33248731860145576657/52242776064,-,Y^7*q_d^3*q_{d-1}^3
3,3,8,1765982901930805964993/1567283281920,+,Y^8*q_d^3*q_{d-1}^3
3,3,9,139029018794357262947/348285173760,+,Y^9*q_d^3*q_{d-1}^3
3,3,10,-15578702180516164027409/5224277606400,-,Y^10*q_d^3*q_{d-1}^3
3,3,11,201738788824122726791/77396705280,+,Y^11*q_d^3*q_{d-1}^3
3,3,12,4046570254466402908663/4179422085120,+,Y^12*q_d^3*q_{d-1}^3
3,3,13,-8118964099750499942041/2786281390080,-,Y^13*q_d^3*q_{d-1}^3
3,3,14,81395724135993559974983/55725627801600,+,Y^14*q_d^3*q_{d-1}^3
3,3,15,1678700933177634390619/7430083706880,+,Y^15*q_d^3*q_{d-1}^3
3,3,16,-3470581785292417729759/8916100448256,-,Y^16*q_d^3*q_{d-1}^3
3,3,17,148219121775026827259/1981355655168,+,Y^17*q_d^3*q_{d-1}^3
3,3,18,26000857966724893/3401222400,+,Y^18*q_d^3*q_{d-1}^3
4,3,-3,-991232/4725,-,Y^-3*q_d^4*q_{d-1}^3
4,3,-2,-17528192/4725,-,Y^-2*q_d^4*q_{d-1}^3
4,3,-1,-67339736/8505,-,Y^-1*q_d^4*q_{d-1}^3
4,3,0,133053874/1215,+,q_d^4*q_{d-1}^3
4,3,1,75450707/2835,+,Y*q_d^4*q_{d-1}^3
4,3,2,-1017852117886/382725,-,Y^2*q_d^4*q_{d-1}^3
4,3,3,1755741885871/437400,+,Y^3*q_d^4*q_{d-1}^3
4,3,4,702074984747/25920,+,Y^4*q_d^4*q_{d-1}^3
4,3,5,-724153550737771/8398080,-,Y^5*q_d^4*q_{d-1}^3
4,3,6,-292963026266452487/6802444800,-,Y^6*q_d^4*q_{d-1}^3
4,3,7,12022287074463248867/21767823360,+,Y^7*q_d^4*q_{d-1}^3
4,3,8,-2852443707016981358413/3918208204800,-,Y^8*q_d^4*q_{d-1}^3
4,3,9,-508187928642665638843/783641640960,-,Y^9*q_d^4*q_{d-1}^3
4,3,10,28689765130997263201/10883911680,+,Y^10*q_d^4*q_{d-1}^3
4,3,11,-937659256144372067107/435356467200,-,Y^11*q_d^4*q_{d-1}^3
4,3,12,-2454158768814551260849/2612138803200,-,Y^12*q_d^4*q_{d-1}^3
4,3,13,1063994465143016691401/386983526400,+,Y^13*q_d^4*q_{d-1}^3
4,3,14,-19944237500752292454097/12538266255360,-,Y^14*q_d^4*q_{d-1}^3
4,3,15,-6262278825061391741119/250765325107200,-,Y^15*q_d^4*q_{d-1}^3
4,3,16,117425323711273407464299/334353766809600,+,Y^16*q_d^4*q_{d-1}^3
4,3,17,-11869082227657718267687/111451255603200,-,Y^17*q_d^4*q_{d-1}^3
4,3,18,62226644861790942071/16717688340480,+,Y^18*q_d^4*q_{d-1}^3
5,3,-2,266240/567,+,Y^-2*q_d^5*q_{d-1}^3
5,3,-1,167992768/42525,+,Y^-1*q_d^5*q_{d-1}^3
5,3,0,-53892532/2835,-,q_d^5*q_{d-1}^3
5,3,1,-273828758/3645,-,Y*q_d^5*q_{d-1}^3
5,3,2,262812478127/306180,+,Y^2*q_d^5*q_{d-1}^3
5,3,3,-47432618537/204120,-,Y^3*q_d^5*q_{d-1}^3
5,3,4,-133249894688539/10497600,-,Y^4*q_d^5*q_{d-1}^3
5,3,5,354956548693159/12597120,+,Y^5*q_d^5*q_{d-1}^3
5,3,6,2805449975836249/60466176,+,Y^6*q_d^5*q_{d-1}^3
5,3,7,-841196024784699991/3265173504,-,Y^7*q_d^5*q_{d-1}^3
5,3,8,247132464085434231607/979552051200,+,Y^8*q_d^5*q_{d-1}^3
5,3,9,59662529538228207779/130606940160,+,Y^9*q_d^5*q_{d-1}^3
5,3,10,-698027549731796907773/522427760640,-,Y^10*q_d^5*q_{d-1}^3
5,3,11,2036688063239508494149/2089711042560,+,Y^11*q_d^5*q_{d-1}^3
5,3,12,28832063145064307503/46438023168,+,Y^12*q_d^5*q_{d-1}^3
5,3,13,-10890232636711823306917/6965703475200,-,Y^13*q_d^5*q_{d-1}^3
5,3,14,242651722521414747582839/250765325107200,+,Y^14*q_d^5*q_{d-1}^3
5,3,15,-151274490276994163177/3715041853440,-,Y^15*q_d^5*q_{d-1}^3
5,3,16,-21856873706338962262657/100306130042880,-,Y^16*q_d^5*q_{d-1}^3
5,3,17,91168203164344079427437/1003061300428800,+,Y^17*q_d^5*q_{d-1}^3
5,3,18,-37179822813040186827653/4012245201715200,-,Y^18*q_d^5*q_{d-1}^3
5,3,19,-84790508843410551713/167176883404800,-,Y^19*q_d^5*q_{d-1}^3
6,3,-1,-7364608/14175,-,Y^-1*q_d^6*q_{d-1}^3
6,3,0,1692416/8505,+,q_d^6*q_{d-1}^3
6,3,1,186804704/8505,+,Y*q_d^6*q_{d-1}^3
6,3,2,-3922639388/25515,-,Y^2*q_d^6*q_{d-1}^3
6,3,3,-76181166547/306180,-,Y^3*q_d^6*q_{d-1}^3
6,3,4,3311558432581/874800,+,Y^4*q_d^6*q_{d-1}^3
6,3,5,-5807633946157/1049760,-,Y^5*q_d^6*q_{d-1}^3
6,3,6,-597346571852203/25194240,-,Y^6*q_d^6*q_{d-1}^3
6,3,7,8782144979863691/100776960,+,Y^7*q_d^6*q_{d-1}^3
6,3,8,-7642759001461099709/163258675200,-,Y^8*q_d^6*q_{d-1}^3
6,3,9,-30055272170291074381/122444006400,-,Y^9*q_d^6*q_{d-1}^3
6,3,10,820861857579658668193/1567283281920,+,Y^10*q_d^6*q_{d-1}^3
6,3,11,-16645523348616172633/65303470080,-,Y^11*q_d^6*q_{d-1}^3
6,3,12,-307624130144177707457/696570347520,-,Y^12*q_d^6*q_{d-1}^3
6,3,13,2602958163909857808877/3482851737600,+,Y^13*q_d^6*q_{d-1}^3
6,3,14,-394357326084224560183/1031956070400,-,Y^14*q_d^6*q_{d-1}^3
6,3,15,-572955906004361287429/10030613004288,-,Y^15*q_d^6*q_{d-1}^3
6,3,16,14596590046553635835351/100306130042880,+,Y^16*q_d^6*q_{d-1}^3
6,3,17,-54947276600770169008603/1003061300428800,-,Y^17*q_d^6*q_{d-1}^3
6,3,18,5044246570846580439853/1337415067238400,+,Y^18*q_d^6*q_{d-1}^3
6,3,19,141849822737531662817/125382662553600,+,Y^19*q_d^6*q_{d-1}^3
7,3,0,217088/945,+,q_d^7*q_{d-1}^3
7,3,1,-3708224/1701,-,Y*q_d^7*q_{d-1}^3
7,3,2,35934356/2835,+,Y^2*q_d^7*q_{d-1}^3
7,3,3,252938911/2835,+,Y^3*q_d^7*q_{d-1}^3
7,3,4,-15536752211/21870,-,Y^4*q_d^7*q_{d-1}^3
7,3,5,4097140429/10935,+,Y^5*q_d^7*q_{d-1}^3
7,3,6,43029093224399/5598720,+,Y^6*q_d^7*q_{d-1}^3
7,3,7,-418852232794733/20155392,-,Y^7*q_d^7*q_{d-1}^3
7,3,8,-1349866000579441/403107840,-,Y^8*q_d^7*q_{d-1}^3
7,3,9,2116361749030859573/21767823360,+,Y^9*q_d^7*q_{d-1}^3
7,3,10,-95908688341667098235/626913312768,-,Y^10*q_d^7*q_{d-1}^3
7,3,11,4282896773651619989/696570347520,+,Y^11*q_d^7*q_{d-1}^3
7,3,12,126762481183985349449/522427760640,+,Y^12*q_d^7*q_{d-1}^3
7,3,13,-295680218561829342293/1044855521280,-,Y^13*q_d^7*q_{d-1}^3
7,3,14,2665871965859394427513/33435376680960,+,Y^14*q_d^7*q_{d-1}^3
7,3,15,1162532500836025532885/13374150672384,+,Y^15*q_d^7*q_{d-1}^3
7,3,16,-32907336939915223929073/401224520171520,-,Y^16*q_d^7*q_{d-1}^3
7,3,17,17160999966422377423897/802449040343040,+,Y^17*q_d^7*q_{d-1}^3
7,3,18,504093531074034580973/267483013447680,+,Y^18*q_d^7*q_{d-1}^3
7,3,19,-505686363145523766227/401224520171520,-,Y^19*q_d^7*q_{d-1}^3
7,3,20,-17304185861532199/1671768834048,-,Y^20*q_d^7*q_{d-1}^3
8,3,2,-74624/405,-,Y^2*q_d^8*q_{d-1}^3
8,3,3,-5026616/405,-,Y^3*q_d^8*q_{d-1}^3
8,3,4,276157888/3645,+,Y^4*q_d^8*q_{d-1}^3
8,3,5,7544162539/87480,+,Y^5*q_d^8*q_{d-1}^3
8,3,6,-6465145361/4050,-,Y^6*q_d^8*q_{d-1}^3
8,3,7,6806080216031/2099520,+,Y^7*q_d^8*q_{d-1}^3
8,3,8,122943882126247/25194240,+,Y^8*q_d^8*q_{d-1}^3
8,3,9,-11035698062232679/403107840,-,Y^9*q_d^8*q_{d-1}^3
8,3,10,330410555938532033/10883911680,+,Y^10*q_d^8*q_{d-1}^3
8,3,11,22869327572137765003/870712934400,+,Y^11*q_d^8*q_{d-1}^3
8,3,12,-32830294610992338211/348285173760,-,Y^12*q_d^8*q_{d-1}^3
8,3,13,320654803274101870603/4179422085120,+,Y^13*q_d^8*q_{d-1}^3
8,3,14,33049704591885412529/3343537668096,+,Y^14*q_d^8*q_{d-1}^3
8,3,15,-2337995972803660692299/41794220851200,-,Y^15*q_d^8*q_{d-1}^3
8,3,16,2233526475284800095827/66870753361920,+,Y^16*q_d^8*q_{d-1}^3
8,3,17,-40524316460891075197/12538266255360,-,Y^17*q_d^8*q_{d-1}^3
8,3,18,-454834463200102868113/133741506723840,-,Y^18*q_d^8*q_{d-1}^3
8,3,19,29157339993349229543/33435376680960,+,Y^19*q_d^8*q_{d-1}^3
8,3,20,4778910944420487077/133741506723840,+,Y^20*q_d^8*q_{d-1}^3
9,3,3,16576/27,+,Y^3*q_d^9*q_{d-1}^3
9,3,4,-466508/135,-,Y^4*q_d^9*q_{d-1}^3
9,3,5,-79285547/3645,-,Y^5*q_d^9*q_{d-1}^3
9,3,6,985755181/4860,+,Y^6*q_d^9*q_{d-1}^3
9,3,7,-975490224029/3499200,-,Y^7*q_d^9*q_{d-1}^3
9,3,8,-125232268485211/83980800,-,Y^8*q_d^9*q_{d-1}^3
9,3,9,360772083549803/67184640,+,Y^9*q_d^9*q_{d-1}^3
9,3,10,-5063870823333923/1612431360,-,Y^10*q_d^9*q_{d-1}^3
9,3,11,-1113430331480497487/87071293440,-,Y^11*q_d^9*q_{d-1}^3
9,3,12,10085507758417151843/386983526400,+,Y^12*q_d^9*q_{d-1}^3
9,3,13,-31636488023137819801/2612138803200,-,Y^13*q_d^9*q_{d-1}^3
9,3,14,-22317735672516961817/1393140695040,-,Y^14*q_d^9*q_{d-1}^3
9,3,15,259227406834124424787/11145125560320,+,Y^15*q_d^9*q_{d-1}^3
9,3,16,-2937841135852482035687/334353766809600,-,Y^16*q_d^9*q_{d-1}^3
9,3,17,-1498571422329245068063/668707533619200,-,Y^17*q_d^9*q_{d-1}^3
9,3,18,3219781888713478851917/1337415067238400,+,Y^18*q_d^9*q_{d-1}^3
9,3,19,-73041823070630533651/200612260085760,-,Y^19*q_d^9*q_{d-1}^3
9,3,20,-2482664870430114797/44580502241280,-,Y^20*q_d^9*q_{d-1}^3
9,3,21,-1054097915505103/7430083706880,-,Y^21*q_d^9*q_{d-1}^3
10,3,5,13552/9,+,Y^5*q_d^10*q_{d-1}^3
10,3,6,-3321884/243,-,Y^6*q_d^10*q_{d-1}^3
10,3,7,473199373/87480,+,Y^7*q_d^10*q_{d-1}^3
10,3,8,9482421947/38880,+,Y^8*q_d^10*q_{d-1}^3
10,3,9,-19472312181953/27993600,-,Y^9*q_d^10*q_{d-1}^3
10,3,10,-1042226698961/6298560,-,Y^10*q_d^10*q_{d-1}^3
10,3,11,5536003950160153/1612431360,+,Y^11*q_d^10*q_{d-1}^3
10,3,12,-286919897904848669/58047528960,-,Y^12*q_d^10*q_{d-1}^3
10,3,13,-345952806042747181/1044855521280,-,Y^13*q_d^10*q_{d-1}^3
10,3,14,302933204570564920681/41794220851200,+,Y^14*q_d^10*q_{d-1}^3
10,3,15,-18446045114142783221/2786281390080,-,Y^15*q_d^10*q_{d-1}^3
10,3,16,23701839645658420099/33435376680960,+,Y^16*q_d^10*q_{d-1}^3
10,3,17,17628085224064602679/8358844170240,+,Y^17*q_d^10*q_{d-1}^3
10,3,18,-359758757382036131567/334353766809600,-,Y^18*q_d^10*q_{d-1}^3
10,3,19,41417622451600925047/1003061300428800,+,Y^19*q_d^10*q_{d-1}^3
10,3,20,707017618188217735/13374150672384,+,Y^20*q_d^10*q_{d-1}^3
10,3,21,1525716896384009/2229025112064,+,Y^21*q_d^10*q_{d-1}^3
11,3,6,980/3,+,Y^6*q_d^11*q_{d-1}^3
11,3,7,55321/81,+,Y^7*q_d^11*q_{d-1}^3
11,3,8,-31294655/1458,-,Y^8*q_d^11*q_{d-1}^3
11,3,9,20832240737/388800,+,Y^9*q_d^11*q_{d-1}^3
11,3,10,1795628673881/16796160,+,Y^10*q_d^11*q_{d-1}^3
11,3,11,-233803171944349/403107840,-,Y^11*q_d^11*q_{d-1}^3
11,3,12,455406666419257/806215680,+,Y^12*q_d^11*q_{d-1}^3
11,3,13,532128238697367851/696570347520,+,Y^13*q_d^11*q_{d-1}^3
11,3,14,-333671889691543412107/167176883404800,-,Y^14*q_d^11*q_{d-1}^3
11,3,15,1732363502359957019/1486016741376,+,Y^15*q_d^11*q_{d-1}^3
11,3,16,77119152586056948577/133741506723840,+,Y^16*q_d^11*q_{d-1}^3
11,3,17,-51298486014187206809/53496602689536,-,Y^17*q_d^11*q_{d-1}^3
11,3,18,198112790456056938763/668707533619200,+,Y^18*q_d^11*q_{d-1}^3
11,3,19,1538813877373453261/24766945689600,+,Y^19*q_d^11*q_{d-1}^3
11,3,20,-223089817119717863/6687075336192,-,Y^20*q_d^11*q_{d-1}^3
11,3,21,-6384860729993207/4458050224128,-,Y^21*q_d^11*q_{d-1}^3
11,3,22,-337557922555/247669456896,-,Y^22*q_d^11*q_{d-1}^3
12,3,8,21266/27,+,Y^8*q_d^12*q_{d-1}^3
12,3,9,-4001095/1944,-,Y^9*q_d^12*q_{d-1}^3
12,3,10,-841252237/58320,-,Y^10*q_d^12*q_{d-1}^3
12,3,11,201101931205/3359232,+,Y^11*q_d^12*q_{d-1}^3
12,3,12,-13118224208257/604661760,-,Y^12*q_d^12*q_{d-1}^3
12,3,13,-678245232306719/3224862720,-,Y^13*q_d^12*q_{d-1}^3
12,3,14,122427207301393631/348285173760,+,Y^14*q_d^12*q_{d-1}^3
12,3,15,-2966451394378190537/50153065021440,-,Y^15*q_d^12*q_{d-1}^3
12,3,16,-2354190803278970257/7430083706880,-,Y^16*q_d^12*q_{d-1}^3
12,3,17,13747334783095837567/50153065021440,+,Y^17*q_d^12*q_{d-1}^3
12,3,18,-2220616893386238319/89161004482560,-,Y^18*q_d^12*q_{d-1}^3
12,3,19,-218646551508456701/4179422085120,-,Y^19*q_d^12*q_{d-1}^3
12,3,20,203575664846694469/14860167413760,+,Y^20*q_d^12*q_{d-1}^3
12,3,21,1924170187460717/1114512556032,+,Y^21*q_d^12*q_{d-1}^3
12,3,22,338687823551/41278242816,+,Y^22*q_d^12*q_{d-1}^3
13,3,9,343/9,+,Y^9*q_d^13*q_{d-1}^3
13,3,10,232897/324,+,Y^10*q_d^13*q_{d-1}^3
13,3,11,-52137715/15552,-,Y^11*q_d^13*q_{d-1}^3
13,3,12,-5071133921/1866240,-,Y^12*q_d^13*q_{d-1}^3
13,3,13,12038848038161/403107840,+,Y^13*q_d^13*q_{d-1}^3
13,3,14,-58635921893143/1612431360,-,Y^14*q_d^13*q_{d-1}^3
13,3,15,-1173318123877907/43535646720,-,Y^15*q_d^13*q_{d-1}^3
13,3,16,14128468373965866431/167176883404800,+,Y^16*q_d^13*q_{d-1}^3
13,3,17,-2296678328124971231/50153065021440,-,Y^17*q_d^13*q_{d-1}^3
13,3,18,-227346415627224313/12538266255360,-,Y^18*q_d^13*q_{d-1}^3
13,3,19,1498923519264933853/66870753361920,+,Y^19*q_d^13*q_{d-1}^3
13,3,20,-128413814638981459/44580502241280,-,Y^20*q_d^13*q_{d-1}^3
13,3,21,-5959179972494245/4458050224128,-,Y^21*q_d^13*q_{d-1}^3
13,3,22,-875955747149/41278242816,-,Y^22*q_d^13*q_{d-1}^3
13,3,23,-282475249/41278242816,-,Y^23*q_d^13*q_{d-1}^3
14,3,11,16807/216,+,Y^11*q_d^14*q_{d-1}^3
14,3,12,722701/2592,+,Y^12*q_d^14*q_{d-1}^3
14,3,13,-2490612523/1119744,-,Y^13*q_d^14*q_{d-1}^3
14,3,14,55197398137/33592320,+,Y^14*q_d^14*q_{d-1}^3
14,3,15,71140138011397/9674588160,+,Y^15*q_d^14*q_{d-1}^3
14,3,16,-13623600084566381/1044855521280,-,Y^16*q_d^14*q_{d-1}^3
14,3,17,517696511764058179/250765325107200,+,Y^17*q_d^14*q_{d-1}^3
14,3,18,1544685052352124361/167176883404800,+,Y^18*q_d^14*q_{d-1}^3
14,3,19,-8542909726625897/1486016741376,-,Y^19*q_d^14*q_{d-1}^3
14,3,20,-8130629379171229/22290251120640,-,Y^20*q_d^14*q_{d-1}^3
14,3,21,7678710360512807/11145125560320,+,Y^21*q_d^14*q_{d-1}^3
14,3,22,3818217940733/123834728448,+,Y^22*q_d^14*q_{d-1}^3
14,3,23,1977326743/41278242816,+,Y^23*q_d^14*q_{d-1}^3
15,3,13,117649/1728,+,Y^13*q_d^15*q_{d-1}^3
15,3,14,2941225/373248,+,Y^14*q_d^15*q_{d-1}^3
15,3,15,-7103999567/8957952,-,Y^15*q_d^15*q_{d-1}^3
15,3,16,1787911853/1679616,+,Y^16*q_d^15*q_{d-1}^3
15,3,17,835454353122319/1044855521280,+,Y^17*q_d^15*q_{d-1}^3
15,3,18,-212526020788660229/100306130042880,-,Y^18*q_d^15*q_{d-1}^3
15,3,19,740523111891036229/1003061300428800,+,Y^19*q_d^15*q_{d-1}^3
15,3,20,182258685924581/371504185344,+,Y^20*q_d^15*q_{d-1}^3
15,3,21,-340430494069295/1486016741376,-,Y^21*q_d^15*q_{d-1}^3
15,3,22,-1710387632695/61917364224,-,Y^22*q_d^15*q_{d-1}^3
15,3,23,-1977326743/13759414272,-,Y^23*q_d^15*q_{d-1}^3
16,3,15,4117715/124416,+,Y^15*q_d^16*q_{d-1}^3
16,3,16,-144120025/4478976,-,Y^16*q_d^16*q_{d-1}^3
16,3,17,-11512307597/71663616,-,Y^17*q_d^16*q_{d-1}^3
16,3,18,17371610979793/69657034752,+,Y^18*q_d^16*q_{d-1}^3
16,3,19,2232801844034321/125382662553600,+,Y^19*q_d^16*q_{d-1}^3
16,3,20,-2211038468473961/13374150672384,-,Y^20*q_d^16*q_{d-1}^3
16,3,21,7761249587917/185752092672,+,Y^21*q_d^16*q_{d-1}^3
16,3,22,1947666841855/123834728448,+,Y^22*q_d^16*q_{d-1}^3
16,3,23,9886633715/41278242816,+,Y^23*q_d^16*q_{d-1}^3
17,3,17,28824005/2985984,+,Y^17*q_d^17*q_{d-1}^3
17,3,18,-420830473/35831808,-,Y^18*q_d^17*q_{d-1}^3
17,3,19,-71454708395/3869835264,-,Y^19*q_d^17*q_{d-1}^3
17,3,20,904144707435641/33435376680960,+,Y^20*q_d^17*q_{d-1}^3
17,3,21,-62427030029/82556485632,-,Y^21*q_d^17*q_{d-1}^3
17,3,22,-25705247659/4586471424,-,Y^22*q_d^17*q_{d-1}^3
17,3,23,-9886633715/41278242816,-,Y^23*q_d^17*q_{d-1}^3
18,3,19,40353607/23887872,+,Y^19*q_d^18*q_{d-1}^3
18,3,20,-4559957591/2579890176,-,Y^20*q_d^18*q_{d-1}^3
18,3,21,-1359714787865/1114512556032,-,Y^21*q_d^18*q_{d-1}^3
18,3,22,142085050247/123834728448,+,Y^22*q_d^18*q_{d-1}^3
18,3,23,1977326743/13759414272,+,Y^23*q_d^18*q_{d-1}^3
19,3,21,282475249/1719926784,+,Y^21*q_d^19*q_{d-1}^3
19,3,22,-25140297161/247669456896,-,Y^22*q_d^19*q_{d-1}^3
19,3,23,-1977326743/41278242816,-,Y^23*q_d^19*q_{d-1}^3
20,3,23,282475249/41278242816,+,Y^23*q_d^20*q_{d-1}^3
4,4,-2,-548864/14175,-,Y^-2*q_d^4*q_{d-1}^4
4,4,-1,-50944/243,-,Y^-1*q_d^4*q_{d-1}^4
4,4,0,866122/567,+,q_d^4*q_{d-1}^4
4,4,1,-87064942/25515,-,Y*q_d^4*q_{d-1}^4
4,4,2,-10392196783/153090,-,Y^2*q_d^4*q_{d-1}^4
4,4,3,113305232983/510300,+,Y^3*q_d^4*q_{d-1}^4
4,4,4,1311208051919/2099520,+,Y^4*q_d^4*q_{d-1}^4
4,4,5,-27009738790109/6298560,-,Y^5*q_d^4*q_{d-1}^4
4,4,6,13229535940583/3779136,+,Y^6*q_d^4*q_{d-1}^4
4,4,7,496488162979844071/20407334400,+,Y^7*q_d^4*q_{d-1}^4
4,4,8,-263794000208725866289/3918208204800,-,Y^8*q_d^4*q_{d-1}^4
4,4,9,525558072803534933/29023764480,+,Y^9*q_d^4*q_{d-1}^4
4,4,10,589282511452325224261/3134566563840,+,Y^10*q_d^4*q_{d-1}^4
4,4,11,-226258414138662184739/696570347520,-,Y^11*q_d^4*q_{d-1}^4
4,4,12,1942726114158790833611/20897110425600,+,Y^12*q_d^4*q_{d-1}^4
4,4,13,522246754690199930983/1671768834048,+,Y^13*q_d^4*q_{d-1}^4
4,4,14,-19425997624727519081371/50153065021440,-,Y^14*q_d^4*q_{d-1}^4
4,4,15,1328738686668327338873/11145125560320,+,Y^15*q_d^4*q_{d-1}^4
4,4,16,37728788017678939467853/501530650214400,+,Y^16*q_d^4*q_{d-1}^4
4,4,17,-1656651579712623307471/26748301344768,-,Y^17*q_d^4*q_{d-1}^4
4,4,18,18194363061785774087/1857520926720,+,Y^18*q_d^4*q_{d-1}^4
4,4,19,22685774366865659/16325867520,+,Y^19*q_d^4*q_{d-1}^4
5,4,-1,1097728/14175,+,Y^-1*q_d^5*q_{d-1}^4
5,4,0,-29696/243,-,q_d^5*q_{d-1}^4
5,4,1,-395404/243,-,Y*q_d^5*q_{d-1}^4
5,4,2,840913886/25515,+,Y^2*q_d^5*q_{d-1}^4
5,4,3,-1852627577/61236,-,Y^3*q_d^5*q_{d-1}^4
5,4,4,-1131035313767/1749600,-,Y^4*q_d^5*q_{d-1}^4
5,4,5,1167174359147/524880,+,Y^5*q_d^5*q_{d-1}^4
5,4,6,16618026376817/10077696,+,Y^6*q_d^5*q_{d-1}^4
5,4,7,-562560924336947/25194240,-,Y^7*q_d^5*q_{d-1}^4
5,4,8,12306875533606714663/326517350400,+,Y^8*q_d^5*q_{d-1}^4
5,4,9,10979355359986336813/391820820480,+,Y^9*q_d^5*q_{d-1}^4
5,4,10,-560175218273230923503/3134566563840,-,Y^10*q_d^5*q_{d-1}^4
5,4,11,457298401095446101903/2089711042560,+,Y^11*q_d^5*q_{d-1}^4
5,4,12,69181844227970014061/4179422085120,+,Y^12*q_d^5*q_{d-1}^4
5,4,13,-13121596122286666131599/41794220851200,-,Y^13*q_d^5*q_{d-1}^4
5,4,14,53534304744026555992093/167176883404800,+,Y^14*q_d^5*q_{d-1}^4
5,4,15,-16803471226112763431477/200612260085760,-,Y^15*q_d^5*q_{d-1}^4
5,4,16,-1419518908689771213877/20061226008576,-,Y^16*q_d^5*q_{d-1}^4
5,4,17,28357217345145189973129/501530650214400,+,Y^17*q_d^5*q_{d-1}^4
5,4,18,-88998799788625180742519/8024490403430400,-,Y^18*q_d^5*q_{d-1}^4
5,4,19,-7813397001043944519139/16048980806860800,-,Y^19*q_d^5*q_{d-1}^4
6,4,0,-707584/14175,-,q_d^6*q_{d-1}^4
6,4,1,487424/1215,+,Y*q_d^6*q_{d-1}^4
6,4,2,-9044726/1701,-,Y^2*q_d^6*q_{d-1}^4
6,4,3,-312690422/25515,-,Y^3*q_d^6*q_{d-1}^4
6,4,4,533957577709/2449440,+,Y^4*q_d^6*q_{d-1}^4
6,4,5,-1677335727743/3499200,-,Y^5*q_d^6*q_{d-1}^4
6,4,6,-5714782122539/3359232,-,Y^6*q_d^6*q_{d-1}^4
6,4,7,933737815541219/100776960,+,Y^7*q_d^6*q_{d-1}^4
6,4,8,-1525570729728691/161243136,-,Y^8*q_d^6*q_{d-1}^4
6,4,9,-18264549628245892433/653034700800,-,Y^9*q_d^6*q_{d-1}^4
6,4,10,1390611064852094054731/15672832819200,+,Y^10*q_d^6*q_{d-1}^4
6,4,11,-468354522314259730697/6269133127680,-,Y^11*q_d^6*q_{d-1}^4
6,4,12,-131578413388786593347/2089711042560,-,Y^12*q_d^6*q_{d-1}^4
6,4,13,790533526658804776553/4179422085120,+,Y^13*q_d^6*q_{d-1}^4
6,4,14,-8437030178879068499369/55725627801600,-,Y^14*q_d^6*q_{d-1}^4
6,4,15,5236514906991594051749/334353766809600,+,Y^15*q_d^6*q_{d-1}^4
6,4,16,4300137581719876681687/80244904034304,+,Y^16*q_d^6*q_{d-1}^4
6,4,17,-28043346567274164271061/802449040343040,-,Y^17*q_d^6*q_{d-1}^4
6,4,18,27351689058572400316529/4012245201715200,+,Y^18*q_d^6*q_{d-1}^4
6,4,19,2395642339544010316459/8024490403430400,+,Y^19*q_d^6*q_{d-1}^4
6,4,20,-147980940100748163199/2006122600857600,-,Y^20*q_d^6*q_{d-1}^4
7,4,2,432896/1701,+,Y^2*q_d^7*q_{d-1}^4
7,4,3,11457464/2835,+,Y^3*q_d^7*q_{d-1}^4
7,4,4,-915124858/25515,-,Y^4*q_d^7*q_{d-1}^4
7,4,5,1509359717/43740,+,Y^5*q_d^7*q_{d-1}^4
7,4,6,288532341481/466560,+,Y^6*q_d^7*q_{d-1}^4
7,4,7,-39645089810941/16796160,-,Y^7*q_d^7*q_{d-1}^4
7,4,8,9608436958891/16796160,+,Y^8*q_d^7*q_{d-1}^4
7,4,9,5430842652669589/403107840,+,Y^9*q_d^7*q_{d-1}^4
7,4,10,-521887580649199943/17414258688,-,Y^10*q_d^7*q_{d-1}^4
7,4,11,36354807472331943451/3134566563840,+,Y^11*q_d^7*q_{d-1}^4
7,4,12,34221207903713764481/696570347520,+,Y^12*q_d^7*q_{d-1}^4
7,4,13,-361405258034910001403/4179422085120,-,Y^13*q_d^7*q_{d-1}^4
7,4,14,796125911649147187061/16717688340480,+,Y^14*q_d^7*q_{d-1}^4
7,4,15,60279020336236830709/3343537668096,+,Y^15*q_d^7*q_{d-1}^4
7,4,16,-419742236269806083291/11145125560320,-,Y^16*q_d^7*q_{d-1}^4
7,4,17,599068493393782554037/33435376680960,+,Y^17*q_d^7*q_{d-1}^4
7,4,18,-24118439400151848073/13374150672384,-,Y^18*q_d^7*q_{d-1}^4
7,4,19,-74330083606275119231/89161004482560,-,Y^19*q_d^7*q_{d-1}^4
7,4,20,90448607309728501127/641959232274432,+,Y^20*q_d^7*q_{d-1}^4
8,4,3,-27136/81,-,Y^3*q_d^8*q_{d-1}^4
8,4,4,106738/45,+,Y^4*q_d^8*q_{d-1}^4
8,4,5,16757438/3645,+,Y^5*q_d^8*q_{d-1}^4
8,4,6,-83148569719/699840,-,Y^6*q_d^8*q_{d-1}^4
8,4,7,503537179337/1399680,+,Y^7*q_d^8*q_{d-1}^4
8,4,8,28352396994551/67184640,+,Y^8*q_d^8*q_{d-1}^4
8,4,9,-1635112256817143/403107840,-,Y^9*q_d^8*q_{d-1}^4
8,4,10,538990090298311/80621568,+,Y^10*q_d^8*q_{d-1}^4
8,4,11,116584211049442441/43535646720,+,Y^11*q_d^8*q_{d-1}^4
8,4,12,-31592905019907635861/1393140695040,-,Y^12*q_d^8*q_{d-1}^4
8,4,13,236069144637581216717/8358844170240,+,Y^13*q_d^8*q_{d-1}^4
8,4,14,-47238398555805249583/8358844170240,-,Y^14*q_d^8*q_{d-1}^4
8,4,15,-127718554532850872255/6687075336192,-,Y^15*q_d^8*q_{d-1}^4
8,4,16,289568052569566546223/14860167413760,+,Y^16*q_d^8*q_{d-1}^4
8,4,17,-1620202306055670261967/267483013447680,-,Y^17*q_d^8*q_{d-1}^4
8,4,18,-1711937365226766122123/1604898080686080,-,Y^18*q_d^8*q_{d-1}^4
8,4,19,3123065600132173247251/3209796161372160,+,Y^19*q_d^8*q_{d-1}^4
8,4,20,-43669400528974400537/356644017930240,-,Y^20*q_d^8*q_{d-1}^4
8,4,21,-53796650466204443/16717688340480,-,Y^21*q_d^8*q_{d-1}^4
9,4,5,-99484/135,-,Y^5*q_d^9*q_{d-1}^4
9,4,6,41819974/3645,+,Y^6*q_d^9*q_{d-1}^4
9,4,7,-9879822491/349920,-,Y^7*q_d^9*q_{d-1}^4
9,4,8,-1988765572289/13996800,-,Y^8*q_d^9*q_{d-1}^4
9,4,9,26036368859507/33592320,+,Y^9*q_d^9*q_{d-1}^4
9,4,10,-86266833718403/100776960,-,Y^10*q_d^9*q_{d-1}^4
9,4,11,-851391886038203/403107840,-,Y^11*q_d^9*q_{d-1}^4
9,4,12,2394061690497964207/348285173760,+,Y^12*q_d^9*q_{d-1}^4
9,4,13,-30880858713522700433/5224277606400,-,Y^13*q_d^9*q_{d-1}^4
9,4,14,-10430424691608396551/3343537668096,-,Y^14*q_d^9*q_{d-1}^4
9,4,15,330701480015944388729/33435376680960,+,Y^15*q_d^9*q_{d-1}^4
9,4,16,-456747037210500248681/66870753361920,-,Y^16*q_d^9*q_{d-1}^4
9,4,17,341436143933469872329/668707533619200,+,Y^17*q_d^9*q_{d-1}^4
9,4,18,136409386577980178929/89161004482560,+,Y^18*q_d^9*q_{d-1}^4
9,4,19,-259136314599100658153/401224520171520,-,Y^19*q_d^9*q_{d-1}^4
9,4,20,29039268091982766247/641959232274432,+,Y^20*q_d^9*q_{d-1}^4
9,4,21,802353483334861423/89161004482560,+,Y^21*q_d^9*q_{d-1}^4
10,4,6,-3626/9,-,Y^6*q_d^10*q_{d-1}^4
10,4,7,6370/9,+,Y^7*q_d^10*q_{d-1}^4
10,4,8,2692696907/139968,+,Y^8*q_d^10*q_{d-1}^4
10,4,9,-13021388737/145800,-,Y^9*q_d^10*q_{d-1}^4
10,4,10,3944083650869/134369280,+,Y^10*q_d^10*q_{d-1}^4
10,4,11,16021025386841/26873856,+,Y^11*q_d^10*q_{d-1}^4
10,4,12,-17735062819684159/12899450880,-,Y^12*q_d^10*q_{d-1}^4
10,4,13,73469444142709817/139314069504,+,Y^13*q_d^10*q_{d-1}^4
10,4,14,175002624917821810801/83588441702400,+,Y^14*q_d^10*q_{d-1}^4
10,4,15,-36620864084287424627/11145125560320,-,Y^15*q_d^10*q_{d-1}^4
10,4,16,18723263806281265637/13374150672384,+,Y^16*q_d^10*q_{d-1}^4
10,4,17,101011654208753519399/133741506723840,+,Y^17*q_d^10*q_{d-1}^4
10,4,18,-1253112695750908543201/1337415067238400,-,Y^18*q_d^10*q_{d-1}^4
10,4,19,174207663556215658999/668707533619200,+,Y^19*q_d^10*q_{d-1}^4
10,4,20,53487767208531136411/3209796161372160,+,Y^20*q_d^10*q_{d-1}^4
10,4,21,-203587732627456625/17832200896512,-,Y^21*q_d^10*q_{d-1}^4
10,4,22,-316199686502861/4458050224128,-,Y^22*q_d^10*q_{d-1}^4
11,4,8,-81634/81,-,Y^8*q_d^11*q_{d-1}^4
11,4,9,63240989/11664,+,Y^9*q_d^11*q_{d-1}^4
11,4,10,31674616547/4665600,+,Y^10*q_d^11*q_{d-1}^4
11,4,11,-6230245958573/67184640,-,Y^11*q_d^11*q_{d-1}^4
11,4,12,27564577331753/161243136,+,Y^12*q_d^11*q_{d-1}^4
11,4,13,286279774327337/3224862720,+,Y^13*q_d^11*q_{d-1}^4
11,4,14,-893812490275694143/1393140695040,-,Y^14*q_d^11*q_{d-1}^4
11,4,15,58848162643735959697/83588441702400,+,Y^15*q_d^11*q_{d-1}^4
11,4,16,-133601867043224503/8358844170240,-,Y^16*q_d^11*q_{d-1}^4
11,4,17,-2139984280113234961/4179422085120,-,Y^17*q_d^11*q_{d-1}^4
11,4,18,9535456798183251971/26748301344768,+,Y^18*q_d^11*q_{d-1}^4
11,4,19,-59381612110664558057/1337415067238400,-,Y^19*q_d^11*q_{d-1}^4
11,4,20,-29827549715276120927/891610044825600,-,Y^20*q_d^11*q_{d-1}^4
11,4,21,452655692553223061/53496602689536,+,Y^21*q_d^11*q_{d-1}^4
11,4,22,5028419023191977/17832200896512,+,Y^22*q_d^11*q_{d-1}^4
12,4,9,-3430/27,-,Y^9*q_d^12*q_{d-1}^4
12,4,10,-3614191/5184,-,Y^10*q_d^12*q_{d-1}^4
12,4,11,723390283/93312,+,Y^11*q_d^12*q_{d-1}^4
12,4,12,-307785048529/26873856,-,Y^12*q_d^12*q_{d-1}^4
12,4,13,-14049873024607/403107840,-,Y^13*q_d^12*q_{d-1}^4
12,4,14,3008229985735079/25798901760,+,Y^14*q_d^12*q_{d-1}^4
12,4,15,-116389192885395689/1393140695040,-,Y^15*q_d^12*q_{d-1}^4
12,4,16,-3056876920379676527/33435376680960,-,Y^16*q_d^12*q_{d-1}^4
12,4,17,23764778645104742833/133741506723840,+,Y^17*q_d^12*q_{d-1}^4
12,4,18,-1085133513882122957/13374150672384,-,Y^18*q_d^12*q_{d-1}^4
12,4,19,-9285218181147407303/534966026895360,-,Y^19*q_d^12*q_{d-1}^4
12,4,20,12106532951384689811/534966026895360,+,Y^20*q_d^12*q_{d-1}^4
12,4,21,-3568789499937515/990677827584,-,Y^21*q_d^12*q_{d-1}^4
12,4,22,-948169455008461/1981355655168,-,Y^22*q_d^12*q_{d-1}^4
12,4,23,-17230990189/18345885696,-,Y^23*q_d^12*q_{d-1}^4
13,4,11,-703493/2592,-,Y^11*q_d^13*q_{d-1}^4
13,4,12,20209217/62208,+,Y^12*q_d^13*q_{d-1}^4
13,4,13,2493311933/559872,+,Y^13*q_d^13*q_{d-1}^4
13,4,14,-9993288019099/806215680,-,Y^14*q_d^13*q_{d-1}^4
13,4,15,59123532727133/38698352640,+,Y^15*q_d^13*q_{d-1}^4
13,4,16,252159016718234563/8358844170240,+,Y^16*q_d^13*q_{d-1}^4
13,4,17,-232165957612571059/6269133127680,-,Y^17*q_d^13*q_{d-1}^4
13,4,18,266236451290959821/44580502241280,+,Y^18*q_d^13*q_{d-1}^4
13,4,19,6132363922356571697/401224520171520,+,Y^19*q_d^13*q_{d-1}^4
13,4,20,-4792050715842432413/534966026895360,-,Y^20*q_d^13*q_{d-1}^4
13,4,21,13807365826365377/29720334827520,+,Y^21*q_d^13*q_{d-1}^4
13,4,22,8185391541320231/17832200896512,+,Y^22*q_d^13*q_{d-1}^4
13,4,23,393488021857/82556485632,+,Y^23*q_d^13*q_{d-1}^4
14,4,12,-16807/1728,-,Y^12*q_d^14*q_{d-1}^4
14,4,13,-1126069/5184,-,Y^13*q_d^14*q_{d-1}^4
14,4,14,6187446629/8957952,+,Y^14*q_d^14*q_{d-1}^4
14,4,15,114622176949/134369280,+,Y^15*q_d^14*q_{d-1}^4
14,4,16,-41230009006613/8599633920,-,Y^16*q_d^14*q_{d-1}^4
14,4,17,69358972488197/16325867520,+,Y^17*q_d^14*q_{d-1}^4
14,4,18,4832165569633153493/2006122600857600,+,Y^18*q_d^14*q_{d-1}^4
14,4,19,-67010845035170267/12538266255360,-,Y^19*q_d^14*q_{d-1}^4
14,4,20,119877266833913771/59440669655040,+,Y^20*q_d^14*q_{d-1}^4
14,4,21,9587539830267623/22290251120640,+,Y^21*q_d^14*q_{d-1}^4
14,4,22,-4854732579059993/17832200896512,-,Y^22*q_d^14*q_{d-1}^4
14,4,23,-92934356921/9172942848,-,Y^23*q_d^14*q_{d-1}^4
14,4,24,-1977326743/330225942528,-,Y^24*q_d^14*q_{d-1}^4
15,4,14,-117649/6912,-,Y^14*q_d^15*q_{d-1}^4
15,4,15,-113531285/1492992,-,Y^15*q_d^15*q_{d-1}^4
15,4,16,6878113487/17915904,+,Y^16*q_d^15*q_{d-1}^4
15,4,17,-73510271723/429981696,-,Y^17*q_d^15*q_{d-1}^4
15,4,18,-1369949117552183/1671768834048,-,Y^18*q_d^15*q_{d-1}^4
15,4,19,1029631183979282017/1003061300428800,+,Y^19*q_d^15*q_{d-1}^4
15,4,20,-13231890005759243/100306130042880,-,Y^20*q_d^15*q_{d-1}^4
15,4,21,-452733786807757/1486016741376,-,Y^21*q_d^15*q_{d-1}^4
15,4,22,290760046285135/2972033482752,+,Y^22*q_d^15*q_{d-1}^4
15,4,23,5803453990705/495338913792,+,Y^23*q_d^15*q_{d-1}^4
15,4,24,1977326743/55037657088,+,Y^24*q_d^15*q_{d-1}^4
16,4,16,-4117715/331776,-,Y^16*q_d^16*q_{d-1}^4
16,4,17,-28824005/4478976,-,Y^17*q_d^16*q_{d-1}^4
16,4,18,58968149429/573308928,+,Y^18*q_d^16*q_{d-1}^4
16,4,19,-3066510949537/30958682112,-,Y^19*q_d^16*q_{d-1}^4
16,4,20,-108605838252999017/2006122600857600,-,Y^20*q_d^16*q_{d-1}^4
16,4,21,280542224752685/2972033482752,+,Y^21*q_d^16*q_{d-1}^4
16,4,22,-2100849134027/123834728448,-,Y^22*q_d^16*q_{d-1}^4
16,4,23,-3964540119715/495338913792,-,Y^23*q_d^16*q_{d-1}^4
16,4,24,-9886633715/110075314176,-,Y^24*q_d^16*q_{d-1}^4
17,4,18,-28824005/5971968,-,Y^18*q_d^17*q_{d-1}^4
17,4,19,893544155/286654464,+,Y^19*q_d^17*q_{d-1}^4
17,4,20,877788953867/61917364224,+,Y^20*q_d^17*q_{d-1}^4
17,4,21,-98529390296351/6687075336192,-,Y^21*q_d^17*q_{d-1}^4
17,4,22,-1014045790303/990677827584,-,Y^22*q_d^17*q_{d-1}^4
17,4,23,33614554631/10319560704,+,Y^23*q_d^17*q_{d-1}^4
17,4,24,9886633715/82556485632,+,Y^24*q_d^17*q_{d-1}^4
18,4,20,-201768035/191102976,-,Y^20*q_d^18*q_{d-1}^4
18,4,21,4559957591/5159780352,+,Y^21*q_d^18*q_{d-1}^4
18,4,22,108995092507/110075314176,+,Y^22*q_d^18*q_{d-1}^4
18,4,23,-45478515089/61917364224,-,Y^23*q_d^18*q_{d-1}^4
18,4,24,-9886633715/110075314176,-,Y^24*q_d^18*q_{d-1}^4
19,4,22,-282475249/2293235712,-,Y^22*q_d^19*q_{d-1}^4
19,4,23,34179505129/495338913792,+,Y^23*q_d^19*q_{d-1}^4
19,4,24,1977326743/55037657088,+,Y^24*q_d^19*q_{d-1}^4
20,4,24,-1977326743/330225942528,-,Y^24*q_d^20*q_{d-1}^4
5,5,0,31744/14175,+,q_d^5*q_{d-1}^5
5,5,1,-59392/8505,-,Y*q_d^5*q_{d-1}^5
5,5,2,1154072/2835,+,Y^2*q_d^5*q_{d-1}^5
5,5,3,-1904449/3645,-,Y^3*q_d^5*q_{d-1}^5
5,5,4,-24330645473/2449440,-,Y^4*q_d^5*q_{d-1}^5
5,5,5,68488918541/1166400,+,Y^5*q_d^5*q_{d-1}^5
5,5,6,-71875495321/3359232,-,Y^6*q_d^5*q_{d-1}^5
5,5,7,-62992130354413/100776960,-,Y^7*q_d^5*q_{d-1}^5
5,5,8,162474627423367/89579520,+,Y^8*q_d^5*q_{d-1}^5
5,5,9,-277844537380270807/653034700800,-,Y^9*q_d^5*q_{d-1}^5
5,5,10,-117759996717840125699/15672832819200,-,Y^10*q_d^5*q_{d-1}^5
5,5,11,33409338563189590069/2089711042560,+,Y^11*q_d^5*q_{d-1}^5
5,5,12,-34865986691842492597/4179422085120,-,Y^12*q_d^5*q_{d-1}^5
5,5,13,-15973010712320981167/928760463360,-,Y^13*q_d^5*q_{d-1}^5
5,5,14,630301867373546103853/18575209267200,+,Y^14*q_d^5*q_{d-1}^5
5,5,15,-1455295466851195126109/66870753361920,-,Y^15*q_d^5*q_{d-1}^5
5,5,16,-175196106411788483203/100306130042880,-,Y^16*q_d^5*q_{d-1}^5
5,5,17,3611679942537596153/348285173760,+,Y^17*q_d^5*q_{d-1}^5
5,5,18,-42088294450874968806083/8024490403430400,-,Y^18*q_d^5*q_{d-1}^5
5,5,19,69072567621099051877/118881339310080,+,Y^19*q_d^5*q_{d-1}^5
5,5,20,57670514013310093/391820820480,+,Y^20*q_d^5*q_{d-1}^5
6,5,2,-476416/8505,-,Y^2*q_d^6*q_{d-1}^5
6,5,3,-344672/945,-,Y^3*q_d^6*q_{d-1}^5
6,5,4,42273398/8505,+,Y^4*q_d^6*q_{d-1}^5
6,5,5,-1515453851/87480,-,Y^5*q_d^6*q_{d-1}^5
6,5,6,-25635748873/466560,-,Y^6*q_d^6*q_{d-1}^5
6,5,7,4270040899937/9331200,+,Y^7*q_d^6*q_{d-1}^5
6,5,8,-764577168215791/1007769600,-,Y^8*q_d^6*q_{d-1}^5
6,5,9,-187170516352001/134369280,-,Y^9*q_d^6*q_{d-1}^5
6,5,10,1048716610331230003/145118822400,+,Y^10*q_d^6*q_{d-1}^5
6,5,11,-29657931748143820003/3134566563840,-,Y^11*q_d^6*q_{d-1}^5
6,5,12,-19838806361219028367/6965703475200,-,Y^12*q_d^6*q_{d-1}^5
6,5,13,482136961708384382161/20897110425600,+,Y^13*q_d^6*q_{d-1}^5
6,5,14,-229239855111994191731/8358844170240,-,Y^14*q_d^6*q_{d-1}^5
6,5,15,1604342920749028849019/167176883404800,+,Y^15*q_d^6*q_{d-1}^5
6,5,16,226480827297293678305/26748301344768,+,Y^16*q_d^6*q_{d-1}^5
6,5,17,-842132550491360291471/80244904034304,-,Y^17*q_d^6*q_{d-1}^5
6,5,18,536903553720575161729/133741506723840,+,Y^18*q_d^6*q_{d-1}^5
6,5,19,-98088145622851308253/401224520171520,-,Y^19*q_d^6*q_{d-1}^5
6,5,20,-4545151572459018239957/32097961613721600,-,Y^20*q_d^6*q_{d-1}^5
7,5,3,88448/1215,+,Y^3*q_d^7*q_{d-1}^5
7,5,4,-79712/135,-,Y^4*q_d^7*q_{d-1}^5
7,5,5,8699497/8505,+,Y^5*q_d^7*q_{d-1}^5
7,5,6,8683925443/349920,+,Y^6*q_d^7*q_{d-1}^5
7,5,7,-200150393447/1555200,-,Y^7*q_d^7*q_{d-1}^5
7,5,8,9001200427597/111974400,+,Y^8*q_d^7*q_{d-1}^5
7,5,9,995857348530251/1007769600,+,Y^9*q_d^7*q_{d-1}^5
7,5,10,-905016131705333/298598400,-,Y^10*q_d^7*q_{d-1}^5
7,5,11,633989585267932921/290237644800,+,Y^11*q_d^7*q_{d-1}^5
7,5,12,345475825931600369323/62691331276800,+,Y^12*q_d^7*q_{d-1}^5
7,5,13,-48907019415212857373/3482851737600,-,Y^13*q_d^7*q_{d-1}^5
7,5,14,953488932780821366521/83588441702400,+,Y^14*q_d^7*q_{d-1}^5
7,5,15,199778580378837013111/167176883404800,+,Y^15*q_d^7*q_{d-1}^5
7,5,16,-6181062633192348929419/668707533619200,-,Y^16*q_d^7*q_{d-1}^5
7,5,17,4566411445829681090909/668707533619200,+,Y^17*q_d^7*q_{d-1}^5
7,5,18,-6659368499142804506929/4012245201715200,-,Y^18*q_d^7*q_{d-1}^5
7,5,19,-36176750069868253951/133741506723840,-,Y^19*q_d^7*q_{d-1}^5
7,5,20,5103634234222790593327/32097961613721600,+,Y^20*q_d^7*q_{d-1}^5
7,5,21,-6651242811576443563/2006122600857600,-,Y^21*q_d^7*q_{d-1}^5
8,5,5,14992/135,+,Y^5*q_d^8*q_{d-1}^5
8,5,6,-14747788/3645,-,Y^6*q_d^8*q_{d-1}^5
8,5,7,3042182801/174960,+,Y^7*q_d^8*q_{d-1}^5
8,5,8,24914588957/1166400,+,Y^8*q_d^8*q_{d-1}^5
8,5,9,-106732379689679/335923200,-,Y^9*q_d^8*q_{d-1}^5
8,5,10,368835767935169/503884800,+,Y^10*q_d^8*q_{d-1}^5
8,5,11,9553663562431/111974400,+,Y^11*q_d^8*q_{d-1}^5
8,5,12,-135430274319351719/43535646720,-,Y^12*q_d^8*q_{d-1}^5
8,5,13,111660932821863361117/20897110425600,+,Y^13*q_d^8*q_{d-1}^5
8,5,14,-16399436145788113121/6965703475200,-,Y^14*q_d^8*q_{d-1}^5
8,5,15,-311083256826427648417/83588441702400,-,Y^15*q_d^8*q_{d-1}^5
8,5,16,661366231829382116107/111451255603200,+,Y^16*q_d^8*q_{d-1}^5
8,5,17,-2051483275053768674699/668707533619200,-,Y^17*q_d^8*q_{d-1}^5
8,5,18,97567496112137076739/1337415067238400,+,Y^18*q_d^8*q_{d-1}^5
8,5,19,4177499898133721507033/8024490403430400,+,Y^19*q_d^8*q_{d-1}^5
8,5,20,-137125741269723906889/891610044825600,-,Y^20*q_d^8*q_{d-1}^5
8,5,21,1727608160041130647/594406696550400,+,Y^21*q_d^8*q_{d-1}^5
9,5,6,5936/27,+,Y^6*q_d^9*q_{d-1}^5
9,5,7,-216041/243,-,Y^7*q_d^9*q_{d-1}^5
9,5,8,-486409579/69984,-,Y^8*q_d^9*q_{d-1}^5
9,5,9,172178062309/3110400,+,Y^9*q_d^9*q_{d-1}^5
9,5,10,-107691253465/1119744,-,Y^10*q_d^9*q_{d-1}^5
9,5,11,-819171623050853/4031078400,-,Y^11*q_d^9*q_{d-1}^5
9,5,12,287568843210311/286654464,+,Y^12*q_d^9*q_{d-1}^5
9,5,13,-19517431417750039/15479341056,-,Y^13*q_d^9*q_{d-1}^5
9,5,14,-22901615348485554899/83588441702400,-,Y^14*q_d^9*q_{d-1}^5
9,5,15,8832097178871753473/3715041853440,+,Y^15*q_d^9*q_{d-1}^5
9,5,16,-51566935672886676973/20897110425600,-,Y^16*q_d^9*q_{d-1}^5
9,5,17,94945112282240363423/133741506723840,+,Y^17*q_d^9*q_{d-1}^5
9,5,18,338201511107874127847/668707533619200,+,Y^18*q_d^9*q_{d-1}^5
9,5,19,-145857366109179013219/334353766809600,-,Y^19*q_d^9*q_{d-1}^5
9,5,20,1451039692353315026893/16048980806860800,+,Y^20*q_d^9*q_{d-1}^5
9,5,21,11404962017896698559/2674830134476800,+,Y^21*q_d^9*q_{d-1}^5
9,5,22,-11692439348066029/22290251120640,-,Y^22*q_d^9*q_{d-1}^5
10,5,8,232358/405,+,Y^8*q_d^10*q_{d-1}^5
10,5,9,-212370949/43740,-,Y^9*q_d^10*q_{d-1}^5
10,5,10,898359523/186624,+,Y^10*q_d^10*q_{d-1}^5
10,5,11,12702575813209/223948800,+,Y^11*q_d^10*q_{d-1}^5
10,5,12,-308877174299/1574640,-,Y^12*q_d^10*q_{d-1}^5
10,5,13,325288912880329/2149908480,+,Y^13*q_d^10*q_{d-1}^5
10,5,14,32808710787109549/92876046336,+,Y^14*q_d^10*q_{d-1}^5
10,5,15,-14505990399176324437/16717688340480,-,Y^15*q_d^10*q_{d-1}^5
10,5,16,70516936981237108789/111451255603200,+,Y^16*q_d^10*q_{d-1}^5
10,5,17,6546338725707969769/66870753361920,+,Y^17*q_d^10*q_{d-1}^5
10,5,18,-56019356827344289589/133741506723840,-,Y^18*q_d^10*q_{d-1}^5
10,5,19,59315416094348051099/267483013447680,+,Y^19*q_d^10*q_{d-1}^5
10,5,20,-4684744107163426481/213986410758144,-,Y^20*q_d^10*q_{d-1}^5
10,5,21,-170988033247008792857/16048980806860800,-,Y^21*q_d^10*q_{d-1}^5
10,5,22,1221513166987645/1114512556032,+,Y^22*q_d^10*q_{d-1}^5
11,5,9,12691/81,+,Y^9*q_d^11*q_{d-1}^5
11,5,10,4126633/38880,+,Y^10*q_d^11*q_{d-1}^5
11,5,11,-22187803589/3110400,-,Y^11*q_d^11*q_{d-1}^5
11,5,12,1494612517111/67184640,+,Y^12*q_d^11*q_{d-1}^5
11,5,13,2509092152273/1612431360,+,Y^13*q_d^11*q_{d-1}^5
11,5,14,-162130743448793/1433272320,-,Y^14*q_d^11*q_{d-1}^5
11,5,15,545702418011795527/2786281390080,+,Y^15*q_d^11*q_{d-1}^5
11,5,16,-23502752940239067089/334353766809600,-,Y^16*q_d^11*q_{d-1}^5
11,5,17,-16589391118967656199/111451255603200,-,Y^17*q_d^11*q_{d-1}^5
11,5,18,31259749898825249711/167176883404800,+,Y^18*q_d^11*q_{d-1}^5
11,5,19,-5863835681318430067/89161004482560,-,Y^19*q_d^11*q_{d-1}^5
11,5,20,-12007939705094967599/1069932053790720,-,Y^20*q_d^11*q_{d-1}^5
11,5,21,9316070632599650101/891610044825600,+,Y^21*q_d^11*q_{d-1}^5
11,5,22,-5279180061151423/5572562780160,-,Y^22*q_d^11*q_{d-1}^5
11,5,23,-1928742977498743/89161004482560,-,Y^23*q_d^11*q_{d-1}^5
12,5,11,458591/1296,+,Y^11*q_d^12*q_{d-1}^5
12,5,12,-603355277/466560,-,Y^12*q_d^12*q_{d-1}^5
12,5,13,-121778919773/44789760,-,Y^13*q_d^12*q_{d-1}^5
12,5,14,15211928098633/806215680,+,Y^14*q_d^12*q_{d-1}^5
12,5,15,-36955168531757/1433272320,-,Y^15*q_d^12*q_{d-1}^5
12,5,16,-47769612588131/4299816960,-,Y^16*q_d^12*q_{d-1}^5
12,5,17,19773881549943053827/334353766809600,+,Y^17*q_d^12*q_{d-1}^5
12,5,18,-3767723666792173823/74300837068800,-,Y^18*q_d^12*q_{d-1}^5
12,5,19,6889387248700522237/1337415067238400,+,Y^19*q_d^12*q_{d-1}^5
12,5,20,36685445882376014717/2674830134476800,+,Y^20*q_d^12*q_{d-1}^5
12,5,21,-1774723752534403307/297203348275200,-,Y^21*q_d^12*q_{d-1}^5
12,5,22,3439453041921169/11888133931008,+,Y^22*q_d^12*q_{d-1}^5
12,5,23,668153112697399/9906778275840,+,Y^23*q_d^12*q_{d-1}^5
13,5,12,84035/2592,+,Y^12*q_d^13*q_{d-1}^5
13,5,13,48377749/207360,+,Y^13*q_d^13*q_{d-1}^5
13,5,14,-6115007773/3732480,-,Y^14*q_d^13*q_{d-1}^5
13,5,15,2600352545651/1612431360,+,Y^15*q_d^13*q_{d-1}^5
13,5,16,22689686130461/4299816960,+,Y^16*q_d^13*q_{d-1}^5
13,5,17,-23735962178890619/1857520926720,-,Y^17*q_d^13*q_{d-1}^5
13,5,18,1227781114170445247/167176883404800,+,Y^18*q_d^13*q_{d-1}^5
13,5,19,1003644715863015751/222902511206400,+,Y^19*q_d^13*q_{d-1}^5
13,5,20,-2228636489450684201/334353766809600,-,Y^20*q_d^13*q_{d-1}^5
13,5,21,2653982972072621903/1337415067238400,+,Y^21*q_d^13*q_{d-1}^5
13,5,22,3635468324355259/19813556551680,+,Y^22*q_d^13*q_{d-1}^5
13,5,23,-143901325744463/1651129712640,-,Y^23*q_d^13*q_{d-1}^5
13,5,24,-140390198753/330225942528,-,Y^24*q_d^13*q_{d-1}^5
14,5,14,1226911/20736,+,Y^14*q_d^14*q_{d-1}^5
14,5,15,-234340001/8957952,-,Y^15*q_d^14*q_{d-1}^5
14,5,16,-33527225459/44789760,-,Y^16*q_d^14*q_{d-1}^5
14,5,17,6573396375217/4299816960,+,Y^17*q_d^14*q_{d-1}^5
14,5,18,-1154566249171643/8358844170240,-,Y^18*q_d^14*q_{d-1}^5
14,5,19,-4180920190989973417/2006122600857600,-,Y^19*q_d^14*q_{d-1}^5
14,5,20,245487605755250299/133741506723840,+,Y^20*q_d^14*q_{d-1}^5
14,5,21,-24165619619203559/99067782758400,-,Y^21*q_d^14*q_{d-1}^5
14,5,22,-403563055033481/1651129712640,-,Y^22*q_d^14*q_{d-1}^5
14,5,23,5373108073761589/89161004482560,+,Y^23*q_d^14*q_{d-1}^5
14,5,24,579356735699/330225942528,+,Y^24*q_d^14*q_{d-1}^5
15,5,15,117649/69120,+,Y^15*q_d^15*q_{d-1}^5
15,5,16,19647383/497664,+,Y^16*q_d^15*q_{d-1}^5
15,5,17,-3254759585/35831808,-,Y^17*q_d^15*q_{d-1}^5
15,5,18,-478596249649/4299816960,-,Y^18*q_d^15*q_{d-1}^5
15,5,19,768113655666203/1857520926720,+,Y^19*q_d^15*q_{d-1}^5
15,5,20,-268509823004743691/1003061300428800,-,Y^20*q_d^15*q_{d-1}^5
15,5,21,-18811736310998309/222902511206400,-,Y^21*q_d^15*q_{d-1}^5
15,5,22,246680417806795/1981355655168,+,Y^22*q_d^15*q_{d-1}^5
15,5,23,-131221496060137/5944066965504,-,Y^23*q_d^15*q_{d-1}^5
15,5,24,-120616931323/41278242816,-,Y^24*q_d^15*q_{d-1}^5
15,5,25,-1977326743/550376570880,-,Y^25*q_d^15*q_{d-1}^5
16,5,17,823543/331776,+,Y^17*q_d^16*q_{d-1}^5
16,5,18,201768035/17915904,+,Y^18*q_d^16*q_{d-1}^5
16,5,19,-3741355849/95551488,-,Y^19*q_d^16*q_{d-1}^5
16,5,20,1871836649501/154793410560,+,Y^20*q_d^16*q_{d-1}^5
16,5,21,85044831846337097/2006122600857600,+,Y^21*q_d^16*q_{d-1}^5
16,5,22,-505209110048069/14860167413760,-,Y^22*q_d^16*q_{d-1}^5
16,5,23,2094876800191/928760463360,+,Y^23*q_d^16*q_{d-1}^5
16,5,24,1247693174833/495338913792,+,Y^24*q_d^16*q_{d-1}^5
16,5,25,1977326743/110075314176,+,Y^25*q_d^16*q_{d-1}^5
17,5,19,5764801/3981312,+,Y^19*q_d^17*q_{d-1}^5
17,5,20,247886443/286654464,+,Y^20*q_d^17*q_{d-1}^5
17,5,21,-875759743915/123834728448,-,Y^21*q_d^17*q_{d-1}^5
17,5,22,1057212620191/232190115840,+,Y^22*q_d^17*q_{d-1}^5
17,5,23,2298904637183/1651129712640,+,Y^23*q_d^17*q_{d-1}^5
17,5,24,-393488021857/330225942528,-,Y^24*q_d^17*q_{d-1}^5
17,5,25,-1977326743/55037657088,-,Y^25*q_d^17*q_{d-1}^5
18,5,21,40353607/95551488,+,Y^21*q_d^18*q_{d-1}^5
18,5,22,-1250961817/6879707136,-,Y^22*q_d^18*q_{d-1}^5
18,5,23,-916470768577/1651129712640,-,Y^23*q_d^18*q_{d-1}^5
18,5,24,96889010407/330225942528,+,Y^24*q_d^18*q_{d-1}^5
18,5,25,1977326743/55037657088,+,Y^25*q_d^18*q_{d-1}^5
19,5,23,282475249/4586471424,+,Y^23*q_d^19*q_{d-1}^5
19,5,24,-13841287201/495338913792,-,Y^24*q_d^19*q_{d-1}^5
19,5,25,-1977326743/110075314176,-,Y^25*q_d^19*q_{d-1}^5
20,5,25,1977326743/550376570880,+,Y^25*q_d^20*q_{d-1}^5
6,6,3,-3968/1215,-,Y^3*q_d^6*q_{d-1}^6
6,6,4,3616/135,+,Y^4*q_d^6*q_{d-1}^6
6,6,5,-1656944/8505,-,Y^5*q_d^6*q_{d-1}^6
6,6,6,-438835271/699840,-,Y^6*q_d^6*q_{d-1}^6
6,6,7,34996607251/4665600,+,Y^7*q_d^6*q_{d-1}^6
6,6,8,-57409126987/2799360,-,Y^8*q_d^6*q_{d-1}^6
6,6,9,-6761251149629/403107840,-,Y^9*q_d^6*q_{d-1}^6
6,6,10,4105724485543/19906560,+,Y^10*q_d^6*q_{d-1}^6
6,6,11,-121605348259946141/290237644800,-,Y^11*q_d^6*q_{d-1}^6
6,6,12,1844696377538461403/15672832819200,+,Y^12*q_d^6*q_{d-1}^6
6,6,13,2604193014963268583/2786281390080,+,Y^13*q_d^6*q_{d-1}^6
6,6,14,-29619268907185797779/16717688340480,-,Y^14*q_d^6*q_{d-1}^6
6,6,15,2677778611622281667/2229025112064,+,Y^15*q_d^6*q_{d-1}^6
6,6,16,82171511052023764847/334353766809600,+,Y^16*q_d^6*q_{d-1}^6
6,6,17,-87357960196934744401/89161004482560,-,Y^17*q_d^6*q_{d-1}^6
6,6,18,1064957969696834101609/1604898080686080,+,Y^18*q_d^6*q_{d-1}^6
6,6,19,-182129245220043085363/1069932053790720,-,Y^19*q_d^6*q_{d-1}^6
6,6,20,-198900431799580473403/32097961613721600,-,Y^20*q_d^6*q_{d-1}^6
6,6,21,2871092272123201/348285173760,+,Y^21*q_d^6*q_{d-1}^6
7,6,5,304/45,+,Y^5*q_d^7*q_{d-1}^6
7,6,6,527048/1215,+,Y^6*q_d^7*q_{d-1}^6
7,6,7,-331053881/116640,-,Y^7*q_d^7*q_{d-1}^6
7,6,8,46779514141/13996800,+,Y^8*q_d^7*q_{d-1}^6
7,6,9,3806850736787/111974400,+,Y^9*q_d^7*q_{d-1}^6
7,6,10,-196863616110101/1343692800,-,Y^10*q_d^7*q_{d-1}^6
7,6,11,134566979905901/806215680,+,Y^11*q_d^7*q_{d-1}^6
7,6,12,8432580368973143/29023764480,+,Y^12*q_d^7*q_{d-1}^6
7,6,13,-7855115392735181759/6965703475200,-,Y^13*q_d^7*q_{d-1}^6
7,6,14,109233133990925066233/83588441702400,+,Y^14*q_d^7*q_{d-1}^6
7,6,15,-29529817253693950259/167176883404800,-,Y^15*q_d^7*q_{d-1}^6
7,6,16,-9801727772078837/8599633920,-,Y^16*q_d^7*q_{d-1}^6
7,6,17,276732969735190744153/222902511206400,+,Y^17*q_d^7*q_{d-1}^6
7,6,18,-1309400882005601146013/2674830134476800,-,Y^18*q_d^7*q_{d-1}^6
7,6,19,-32793953223070880099/5349660268953600,-,Y^19*q_d^7*q_{d-1}^6
7,6,20,364543320540826818643/6419592322744320,+,Y^20*q_d^7*q_{d-1}^6
7,6,21,-143844521878153141073/12839184645488640,-,Y^21*q_d^7*q_{d-1}^6
8,6,6,-19348/405,-,Y^6*q_d^8*q_{d-1}^6
8,6,7,200872/729,+,Y^7*q_d^8*q_{d-1}^6
8,6,8,412578787/699840,+,Y^8*q_d^8*q_{d-1}^6
8,6,9,-3823555463/311040,-,Y^9*q_d^8*q_{d-1}^6
8,6,10,10529232549503/268738560,+,Y^10*q_d^8*q_{d-1}^6
8,6,11,-30774631851551/8062156800,-,Y^11*q_d^8*q_{d-1}^6
8,6,12,-7525251225982309/32248627200,-,Y^12*q_d^8*q_{d-1}^6
8,6,13,186991093968572861/348285173760,+,Y^13*q_d^8*q_{d-1}^6
8,6,14,-1230534801947846863/3343537668096,-,Y^14*q_d^8*q_{d-1}^6
8,6,15,-1552530616372202387/3715041853440,-,Y^15*q_d^8*q_{d-1}^6
8,6,16,83925454889200837153/83588441702400,+,Y^16*q_d^8*q_{d-1}^6
8,6,17,-489574579758102632311/668707533619200,-,Y^17*q_d^8*q_{d-1}^6
8,6,18,60529095942622075447/534966026895360,+,Y^18*q_d^8*q_{d-1}^6
8,6,19,745961295455301668393/5349660268953600,+,Y^19*q_d^8*q_{d-1}^6
8,6,20,-493954181364409941049/6419592322744320,-,Y^20*q_d^8*q_{d-1}^6
8,6,21,224302597611976046513/21398641075814400,+,Y^21*q_d^8*q_{d-1}^6
8,6,22,634952653343681869/1337415067238400,+,Y^22*q_d^8*q_{d-1}^6
9,6,8,-477652/3645,-,Y^8*q_d^9*q_{d-1}^6
9,6,9,34423823/19440,+,Y^9*q_d^9*q_{d-1}^6
9,6,10,-65490172099/13996800,-,Y^10*q_d^9*q_{d-1}^6
9,6,11,-1905867325501/167961600,-,Y^11*q_d^9*q_{d-1}^6
9,6,12,13321371437047/167961600,+,Y^12*q_d^9*q_{d-1}^6
9,6,13,-221320179446107/1612431360,-,Y^13*q_d^9*q_{d-1}^6
9,6,14,-2653313729782583/696570347520,-,Y^14*q_d^9*q_{d-1}^6
9,6,15,1181513005694761733/3482851737600,+,Y^15*q_d^9*q_{d-1}^6
9,6,16,-80982608214203891417/167176883404800,-,Y^16*q_d^9*q_{d-1}^6
9,6,17,25122710041640120581/111451255603200,+,Y^17*q_d^9*q_{d-1}^6
9,6,18,8450272300552169213/89161004482560,+,Y^18*q_d^9*q_{d-1}^6
9,6,19,-402981877586349326069/2674830134476800,-,Y^19*q_d^9*q_{d-1}^6
9,6,20,76096187881666378643/1337415067238400,+,Y^20*q_d^9*q_{d-1}^6
9,6,21,-39933512058439715569/10699320537907200,-,Y^21*q_d^9*q_{d-1}^6
9,6,22,-88676331832612210981/64195923227443200,-,Y^22*q_d^9*q_{d-1}^6
10,6,9,-20776/243,-,Y^9*q_d^10*q_{d-1}^6
10,6,10,123225151/699840,+,Y^10*q_d^10*q_{d-1}^6
10,6,11,4282909981/1555200,+,Y^11*q_d^10*q_{d-1}^6
10,6,12,-4206699724213/298598400,-,Y^12*q_d^10*q_{d-1}^6
10,6,13,27858997043927/1612431360,+,Y^13*q_d^10*q_{d-1}^6
10,6,14,463810071479441/12899450880,+,Y^14*q_d^10*q_{d-1}^6
10,6,15,-24405008751197465/185752092672,-,Y^15*q_d^10*q_{d-1}^6
10,6,16,5740566925709612029/41794220851200,+,Y^16*q_d^10*q_{d-1}^6
10,6,17,-3111343922211617141/668707533619200,-,Y^17*q_d^10*q_{d-1}^6
10,6,18,-5815263848768711239/53496602689536,-,Y^18*q_d^10*q_{d-1}^6
10,6,19,9590319914586472453/106993205379072,+,Y^19*q_d^10*q_{d-1}^6
10,6,20,-60392675098210573601/2674830134476800,-,Y^20*q_d^10*q_{d-1}^6
10,6,21,-19702833024628310347/5349660268953600,-,Y^21*q_d^10*q_{d-1}^6
10,6,22,131573979054539033957/64195923227443200,+,Y^22*q_d^10*q_{d-1}^6
10,6,23,-211203475035133/8358844170240,-,Y^23*q_d^10*q_{d-1}^6
11,6,11,-24242897/116640,-,Y^11*q_d^11*q_{d-1}^6
11,6,12,5733278957/4665600,+,Y^12*q_d^11*q_{d-1}^6
11,6,13,-120397063717/268738560,-,Y^13*q_d^11*q_{d-1}^6
11,6,14,-35940075176747/3224862720,-,Y^14*q_d^11*q_{d-1}^6
11,6,15,46581432989021/1612431360,+,Y^15*q_d^11*q_{d-1}^6
11,6,16,-6634412713850831/348285173760,-,Y^16*q_d^11*q_{d-1}^6
11,6,17,-8829538602783639839/334353766809600,-,Y^17*q_d^11*q_{d-1}^6
11,6,18,4772429166021789433/89161004482560,+,Y^18*q_d^11*q_{d-1}^6
11,6,19,-16878102605575455587/534966026895360,-,Y^19*q_d^11*q_{d-1}^6
11,6,20,1004000716938742103/1069932053790720,+,Y^20*q_d^11*q_{d-1}^6
11,6,21,63863759667172474891/10699320537907200,+,Y^21*q_d^11*q_{d-1}^6
11,6,22,-519374478732913489/297203348275200,-,Y^22*q_d^11*q_{d-1}^6
11,6,23,3760873487859257/1069932053790720,+,Y^23*q_d^11*q_{d-1}^6
12,6,12,-621859/15552,-,Y^12*q_d^12*q_{d-1}^6
12,6,13,-69751451/933120,-,Y^13*q_d^12*q_{d-1}^6
12,6,14,800479668289/537477120,+,Y^14*q_d^12*q_{d-1}^6
12,6,15,-5639494642453/1612431360,-,Y^15*q_d^12*q_{d-1}^6
12,6,16,-16763716343087/51597803520,-,Y^16*q_d^12*q_{d-1}^6
12,6,17,15569954811465523/1393140695040,+,Y^17*q_d^12*q_{d-1}^6
12,6,18,-20223082866794810471/1337415067238400,-,Y^18*q_d^12*q_{d-1}^6
12,6,19,14040391477730733647/2674830134476800,+,Y^19*q_d^12*q_{d-1}^6
12,6,20,22825076620612518049/5349660268953600,+,Y^20*q_d^12*q_{d-1}^6
12,6,21,-574907827360870675/142657607172096,-,Y^21*q_d^12*q_{d-1}^6
12,6,22,5644630850989963/6687075336192,+,Y^22*q_d^12*q_{d-1}^6
12,6,23,493967448328417/7430083706880,+,Y^23*q_d^12*q_{d-1}^6
12,6,24,-328099803792733/89161004482560,-,Y^24*q_d^12*q_{d-1}^6
13,6,14,-23916361/311040,-,Y^14*q_d^13*q_{d-1}^6
13,6,15,9234641479/44789760,+,Y^15*q_d^13*q_{d-1}^6
13,6,16,1482997893517/3224862720,+,Y^16*q_d^13*q_{d-1}^6
13,6,17,-6328651682563/2866544640,-,Y^17*q_d^13*q_{d-1}^6
13,6,18,488800607238839/206391214080,+,Y^18*q_d^13*q_{d-1}^6
13,6,19,31025030542773617/66870753361920,+,Y^19*q_d^13*q_{d-1}^6
13,6,20,-1352521367349399821/534966026895360,-,Y^20*q_d^13*q_{d-1}^6
13,6,21,1385642642026644169/891610044825600,+,Y^21*q_d^13*q_{d-1}^6
13,6,22,-1539339821307149687/10699320537907200,-,Y^22*q_d^13*q_{d-1}^6
13,6,23,-7399131197650381/71328803586048,-,Y^23*q_d^13*q_{d-1}^6
13,6,24,2822779965336233/356644017930240,+,Y^24*q_d^13*q_{d-1}^6
14,6,15,-117649/20736,-,Y^15*q_d^14*q_{d-1}^6
14,6,16,-1534126153/35831808,-,Y^16*q_d^14*q_{d-1}^6
14,6,17,115836919681/537477120,+,Y^17*q_d^14*q_{d-1}^6
14,6,18,-1652436323573/10319560704,-,Y^18*q_d^14*q_{d-1}^6
14,6,19,-1121936767130207/2786281390080,-,Y^19*q_d^14*q_{d-1}^6
14,6,20,1938958577461075513/2674830134476800,+,Y^20*q_d^14*q_{d-1}^6
14,6,21,-141554329989201409/445805022412800,-,Y^21*q_d^14*q_{d-1}^6
14,6,22,-98160583676200997/1188813393100800,-,Y^22*q_d^14*q_{d-1}^6
14,6,23,13755503036290519/178322008965120,+,Y^23*q_d^14*q_{d-1}^6
14,6,24,-2180846810555119/356644017930240,-,Y^24*q_d^14*q_{d-1}^6
14,6,25,-247165842875/1981355655168,-,Y^25*q_d^14*q_{d-1}^6
15,6,17,-50942017/5971968,-,Y^17*q_d^15*q_{d-1}^6
15,6,18,69059963/71663616,+,Y^18*q_d^15*q_{d-1}^6
15,6,19,61885138735/859963392,+,Y^19*q_d^15*q_{d-1}^6
15,6,20,-607095210905701/5572562780160,-,Y^20*q_d^15*q_{d-1}^6
15,6,21,53363012751300203/4012245201715200,+,Y^21*q_d^15*q_{d-1}^6
15,6,22,20688997160585369/334353766809600,+,Y^22*q_d^15*q_{d-1}^6
15,6,23,-1917907895664019/59440669655040,-,Y^23*q_d^15*q_{d-1}^6
15,6,24,15455310420179/11888133931008,+,Y^24*q_d^15*q_{d-1}^6
15,6,25,781044063485/1981355655168,+,Y^25*q_d^15*q_{d-1}^6
16,6,18,-823543/3981312,-,Y^18*q_d^16*q_{d-1}^6
16,6,19,-40353607/8957952,-,Y^19*q_d^16*q_{d-1}^6
16,6,20,2911224505/382205952,+,Y^20*q_d^16*q_{d-1}^6
16,6,21,806201655049/116095057920,+,Y^21*q_d^16*q_{d-1}^6
16,6,22,-46569059655982577/2674830134476800,-,Y^22*q_d^16*q_{d-1}^6
16,6,23,1261220516736341/178322008965120,+,Y^23*q_d^16*q_{d-1}^6
16,6,24,2041610038951/1981355655168,+,Y^24*q_d^16*q_{d-1}^6
16,6,25,-116662277837/247669456896,-,Y^25*q_d^16*q_{d-1}^6
16,6,26,-1977326743/1320903770112,-,Y^26*q_d^16*q_{d-1}^6
17,6,20,-5764801/23887872,-,Y^20*q_d^17*q_{d-1}^6
17,6,21,-547656095/573308928,-,Y^21*q_d^17*q_{d-1}^6
17,6,22,275182775735/123834728448,+,Y^22*q_d^17*q_{d-1}^6
17,6,23,-21601153236677/44580502241280,-,Y^23*q_d^17*q_{d-1}^6
17,6,24,-5291286010661/6604518850560,-,Y^24*q_d^17*q_{d-1}^6
17,6,25,21750594173/82556485632,+,Y^25*q_d^17*q_{d-1}^6
17,6,26,1977326743/330225942528,+,Y^26*q_d^17*q_{d-1}^6
18,6,22,-40353607/382205952,-,Y^22*q_d^18*q_{d-1}^6
18,6,23,-1008840175/20639121408,-,Y^23*q_d^18*q_{d-1}^6
18,6,24,12841365173147/59440669655040,+,Y^24*q_d^18*q_{d-1}^6
18,6,25,-132480891781/1981355655168,-,Y^25*q_d^18*q_{d-1}^6
18,6,26,-1977326743/220150628352,-,Y^26*q_d^18*q_{d-1}^6
19,6,24,-282475249/13759414272,-,Y^24*q_d^19*q_{d-1}^6
19,6,25,9886633715/1981355655168,+,Y^25*q_d^19*q_{d-1}^6
19,6,26,1977326743/330225942528,+,Y^26*q_d^19*q_{d-1}^6
20,6,26,-1977326743/1320903770112,-,Y^26*q_d^20*q_{d-1}^6
7,7,6,868/405,+,Y^6*q_d^7*q_{d-1}^7
7,7,7,-10948/729,-,Y^7*q_d^7*q_{d-1}^7
7,7,8,7182971/174960,+,Y^8*q_d^7*q_{d-1}^7
7,7,9,424371187/1036800,+,Y^9*q_d^7*q_{d-1}^7
7,7,10,-655967832257/268738560,-,Y^10*q_d^7*q_{d-1}^7
7,7,11,7160824553647/1612431360,+,Y^11*q_d^7*q_{d-1}^7
7,7,12,28781880214169/6449725440,+,Y^12*q_d^7*q_{d-1}^7
7,7,13,-1437540809567233/43535646720,-,Y^13*q_d^7*q_{d-1}^7
7,7,14,4608839312956228669/83588441702400,+,Y^14*q_d^7*q_{d-1}^7
7,7,15,-93692195061119569/3715041853440,-,Y^15*q_d^7*q_{d-1}^7
7,7,16,-508850535150744121/11145125560320,-,Y^16*q_d^7*q_{d-1}^7
7,7,17,616424996656422737/7430083706880,+,Y^17*q_d^7*q_{d-1}^7
7,7,18,-141516475265278163533/2674830134476800,-,Y^18*q_d^7*q_{d-1}^7
7,7,19,7700824118279705749/1069932053790720,+,Y^19*q_d^7*q_{d-1}^7
7,7,20,47282308631330491411/6419592322744320,+,Y^20*q_d^7*q_{d-1}^7
7,7,21,-1348014968258926429/475525357240320,-,Y^21*q_d^7*q_{d-1}^7
7,7,22,4676623137479167/62691331276800,+,Y^22*q_d^7*q_{d-1}^7
8,7,8,4508/729,+,Y^8*q_d^8*q_{d-1}^7
8,7,9,-8646239/43740,-,Y^9*q_d^8*q_{d-1}^7
8,7,10,12081896713/13996800,+,Y^10*q_d^8*q_{d-1}^7
8,7,11,-198653365613/671846400,-,Y^11*q_d^8*q_{d-1}^7
8,7,12,-1053620307077/125971200,-,Y^12*q_d^8*q_{d-1}^7
8,7,13,169711916315371/6449725440,+,Y^13*q_d^8*q_{d-1}^7
8,7,14,-453518415845821/17414258688,-,Y^14*q_d^8*q_{d-1}^7
8,7,15,-119081667001644589/5224277606400,-,Y^15*q_d^8*q_{d-1}^7
8,7,16,7098680003243618803/83588441702400,+,Y^16*q_d^8*q_{d-1}^7
8,7,17,-28783288706731189379/334353766809600,-,Y^17*q_d^8*q_{d-1}^7
8,7,18,1425057872618676583/53496602689536,+,Y^18*q_d^8*q_{d-1}^7
8,7,19,8435636200498446443/445805022412800,+,Y^19*q_d^8*q_{d-1}^7
8,7,20,-98265629894760534283/5349660268953600,-,Y^20*q_d^8*q_{d-1}^7
8,7,21,70803468541767836441/16048980806860800,+,Y^21*q_d^8*q_{d-1}^7
8,7,22,452939999440915189/6419592322744320,+,Y^22*q_d^8*q_{d-1}^7
9,7,9,67718/3645,+,Y^9*q_d^9*q_{d-1}^7
9,7,10,-6564481/87480,-,Y^10*q_d^9*q_{d-1}^7
9,7,11,-8965050773/27993600,-,Y^11*q_d^9*q_{d-1}^7
9,7,12,4189044515173/1343692800,+,Y^12*q_d^9*q_{d-1}^7
9,7,13,-120212501547313/16124313600,-,Y^13*q_d^9*q_{d-1}^7
9,7,14,3924692638117/5159780352,+,Y^14*q_d^9*q_{d-1}^7
9,7,15,37871885327945939/1393140695040,+,Y^15*q_d^9*q_{d-1}^7
9,7,16,-8595631982191623251/167176883404800,-,Y^16*q_d^9*q_{d-1}^7
9,7,17,5692848907342592527/167176883404800,+,Y^17*q_d^9*q_{d-1}^7
9,7,18,3335878527142679623/334353766809600,+,Y^18*q_d^9*q_{d-1}^7
9,7,19,-15844307460001628069/534966026895360,-,Y^19*q_d^9*q_{d-1}^7
9,7,20,89361453251487771067/5349660268953600,+,Y^20*q_d^9*q_{d-1}^7
9,7,21,-2896451811717288517/1188813393100800,-,Y^21*q_d^9*q_{d-1}^7
9,7,22,-7151805689158235903/12839184645488640,-,Y^22*q_d^9*q_{d-1}^7
9,7,23,502738070833888813/8024490403430400,+,Y^23*q_d^9*q_{d-1}^7
10,7,11,554288/10935,+,Y^11*q_d^10*q_{d-1}^7
10,7,12,-117627391/259200,-,Y^12*q_d^10*q_{d-1}^7
10,7,13,290393228237/335923200,+,Y^13*q_d^10*q_{d-1}^7
10,7,14,874825812623/403107840,+,Y^14*q_d^10*q_{d-1}^7
10,7,15,-283831326088373/25798901760,-,Y^15*q_d^10*q_{d-1}^7
10,7,16,43554182075121781/2786281390080,+,Y^16*q_d^10*q_{d-1}^7
10,7,17,-76257772336764011/27862813900800,-,Y^17*q_d^10*q_{d-1}^7
10,7,18,-3826288271724478889/222902511206400,-,Y^18*q_d^10*q_{d-1}^7
10,7,19,903454827468953767/44580502241280,+,Y^19*q_d^10*q_{d-1}^7
10,7,20,-4262078233084778351/534966026895360,-,Y^20*q_d^10*q_{d-1}^7
10,7,21,-1565742716299258399/2674830134476800,-,Y^21*q_d^10*q_{d-1}^7
10,7,22,1417065115943094037/1337415067238400,+,Y^22*q_d^10*q_{d-1}^7
10,7,23,-4226433025548058843/32097961613721600,-,Y^23*q_d^10*q_{d-1}^7
11,7,12,127253/5832,+,Y^12*q_d^11*q_{d-1}^7
11,7,13,-214176403/9331200,-,Y^13*q_d^11*q_{d-1}^7
11,7,14,-30475593757/53747712,-,Y^14*q_d^11*q_{d-1}^7
11,7,15,14072002447433/6449725440,+,Y^15*q_d^11*q_{d-1}^7
11,7,16,-28555169628013/12899450880,-,Y^16*q_d^11*q_{d-1}^7
11,7,17,-8110647560023337/2786281390080,-,Y^17*q_d^11*q_{d-1}^7
11,7,18,12026707397381511541/1337415067238400,+,Y^18*q_d^11*q_{d-1}^7
11,7,19,-4113517101304608319/534966026895360,-,Y^19*q_d^11*q_{d-1}^7
11,7,20,1285178117780552807/1069932053790720,+,Y^20*q_d^11*q_{d-1}^7
11,7,21,4082211826491223453/2139864107581440,+,Y^21*q_d^11*q_{d-1}^7
11,7,22,-10898318607875541073/10699320537907200,-,Y^22*q_d^11*q_{d-1}^7
11,7,23,401222515913928611/3566440179302400,+,Y^23*q_d^11*q_{d-1}^7
11,7,24,20793850504637/4179422085120,+,Y^24*q_d^11*q_{d-1}^7
12,7,14,42034307/933120,+,Y^14*q_d^12*q_{d-1}^7
12,7,15,-27330614213/134369280,-,Y^15*q_d^12*q_{d-1}^7
12,7,16,139164137707/3224862720,+,Y^16*q_d^12*q_{d-1}^7
12,7,17,12386005507547/10319560704,+,Y^17*q_d^12*q_{d-1}^7
12,7,18,-3420522023311337/1393140695040,-,Y^18*q_d^12*q_{d-1}^7
12,7,19,483373234168107367/334353766809600,+,Y^19*q_d^12*q_{d-1}^7
12,7,20,442770844293771427/534966026895360,+,Y^20*q_d^12*q_{d-1}^7
12,7,21,-151973335587909241/106993205379072,-,Y^21*q_d^12*q_{d-1}^7
12,7,22,237463888063504571/427972821516288,+,Y^22*q_d^12*q_{d-1}^7
12,7,23,-6042762600055433/267483013447680,-,Y^23*q_d^12*q_{d-1}^7
12,7,24,-3558433484595493/237762678620160,-,Y^24*q_d^12*q_{d-1}^7
13,7,15,4353013/622080,+,Y^15*q_d^13*q_{d-1}^7
13,7,16,1342929721/89579520,+,Y^16*q_d^13*q_{d-1}^7
13,7,17,-1216117595021/6449725440,-,Y^17*q_d^13*q_{d-1}^7
13,7,18,9018015030773/25798901760,+,Y^18*q_d^13*q_{d-1}^7
13,7,19,-170847513717433/11145125560320,-,Y^19*q_d^13*q_{d-1}^7
13,7,20,-247357273660798861/445805022412800,-,Y^20*q_d^13*q_{d-1}^7
13,7,21,249258842788153247/445805022412800,+,Y^21*q_d^13*q_{d-1}^7
13,7,22,-700173847585429/4643802316800,-,Y^22*q_d^13*q_{d-1}^7
13,7,23,-42715886552145961/1069932053790720,-,Y^23*q_d^13*q_{d-1}^7
13,7,24,4527032489274197/237762678620160,+,Y^24*q_d^13*q_{d-1}^7
13,7,25,-73950042861457/356644017930240,-,Y^25*q_d^13*q_{d-1}^7
14,7,17,1529437/139968,+,Y^17*q_d^14*q_{d-1}^7
14,7,18,-12184635617/537477120,-,Y^18*q_d^14*q_{d-1}^7
14,7,19,-693742915957/17199267840,-,Y^19*q_d^14*q_{d-1}^7
14,7,20,161356816204283/1114512556032,+,Y^20*q_d^14*q_{d-1}^7
14,7,21,-157991285239775071/1337415067238400,-,Y^21*q_d^14*q_{d-1}^7
14,7,22,-1473317768955529/668707533619200,-,Y^22*q_d^14*q_{d-1}^7
14,7,23,24099395820646559/594406696550400,+,Y^23*q_d^14*q_{d-1}^7
14,7,24,-4597041696877651/356644017930240,-,Y^24*q_d^14*q_{d-1}^7
14,7,25,-471451190581/44580502241280,-,Y^25*q_d^14*q_{d-1}^7
15,7,18,4117715/5971968,+,Y^18*q_d^15*q_{d-1}^7
15,7,19,678952379/143327232,+,Y^19*q_d^15*q_{d-1}^7
15,7,20,-15036365743/859963392,-,Y^20*q_d^15*q_{d-1}^7
15,7,21,116275096372981/11145125560320,+,Y^21*q_d^15*q_{d-1}^7
15,7,22,19165087067240009/1337415067238400,+,Y^22*q_d^15*q_{d-1}^7
15,7,23,-47379604457515841/2674830134476800,-,Y^23*q_d^15*q_{d-1}^7
15,7,24,370796118035/82556485632,+,Y^24*q_d^15*q_{d-1}^7
15,7,25,11918443592251/23776267862016,+,Y^25*q_d^15*q_{d-1}^7
15,7,26,-21750594173/990677827584,-,Y^26*q_d^15*q_{d-1}^7
16,7,20,58471553/71663616,+,Y^20*q_d^16*q_{d-1}^7
16,7,21,-4117715/127401984,-,Y^21*q_d^16*q_{d-1}^7
16,7,22,-232910313545/61917364224,-,Y^22*q_d^16*q_{d-1}^7
16,7,23,5205193483451857/1337415067238400,+,Y^23*q_d^16*q_{d-1}^7
16,7,24,-25925109757253/59440669655040,-,Y^24*q_d^16*q_{d-1}^7
16,7,25,-1630545138845/2972033482752,-,Y^25*q_d^16*q_{d-1}^7
16,7,26,91804455925/1981355655168,+,Y^26*q_d^16*q_{d-1}^7
17,7,21,823543/47775744,+,Y^21*q_d^17*q_{d-1}^7
17,7,22,182003003/573308928,+,Y^22*q_d^17*q_{d-1}^7
17,7,23,-92926121491/247669456896,-,Y^23*q_d^17*q_{d-1}^7
17,7,24,-16469055617287/89161004482560,-,Y^24*q_d^17*q_{d-1}^7
17,7,25,255916810793/990677827584,+,Y^25*q_d^17*q_{d-1}^7
17,7,26,-20055742679/660451885056,-,Y^26*q_d^17*q_{d-1}^7
17,7,27,-282475249/660451885056,-,Y^27*q_d^17*q_{d-1}^7
18,7,23,5764801/382205952,+,Y^23*q_d^18*q_{d-1}^7
18,7,24,1804382713/41278242816,+,Y^24*q_d^18*q_{d-1}^7
18,7,25,-185401764961/3302259425280,-,Y^25*q_d^18*q_{d-1}^7
18,7,26,9886633715/1981355655168,+,Y^26*q_d^18*q_{d-1}^7
18,7,27,282475249/220150628352,+,Y^27*q_d^18*q_{d-1}^7
19,7,25,40353607/9172942848,+,Y^25*q_d^19*q_{d-1}^7
19,7,26,1977326743/1981355655168,+,Y^26*q_d^19*q_{d-1}^7
19,7,27,-282475249/220150628352,-,Y^27*q_d^19*q_{d-1}^7
20,7,27,282475249/660451885056,+,Y^27*q_d^20*q_{d-1}^7
8,8,9,-3038/3645,-,Y^9*q_d^8*q_{d-1}^8
8,8,10,404201/87480,+,Y^10*q_d^8*q_{d-1}^8
8,8,11,-15743/3200,-,Y^11*q_d^8*q_{d-1}^8
8,8,12,-56977254397/537477120,-,Y^12*q_d^8*q_{d-1}^8
8,8,13,292849127165/644972544,+,Y^13*q_d^8*q_{d-1}^8
8,8,14,-89829484723/134369280,-,Y^14*q_d^8*q_{d-1}^8
8,8,15,-29903293841873/87071293440,-,Y^15*q_d^8*q_{d-1}^8
8,8,16,447473291764055167/167176883404800,+,Y^16*q_d^8*q_{d-1}^8
8,8,17,-16953150932101517/4458050224128,-,Y^17*q_d^8*q_{d-1}^8
8,8,18,64541606570972881/33435376680960,+,Y^18*q_d^8*q_{d-1}^8
8,8,19,8275837998481907/11888133931008,+,Y^19*q_d^8*q_{d-1}^8
8,8,20,-472023703902341549/334353766809600,-,Y^20*q_d^8*q_{d-1}^8
8,8,21,1463685082085019773/2139864107581440,+,Y^21*q_d^8*q_{d-1}^8
8,8,22,-578394482042900173/6419592322744320,-,Y^22*q_d^8*q_{d-1}^8
8,8,23,-73109073691577/4179422085120,-,Y^23*q_d^8*q_{d-1}^8
9,8,11,-27097/8748,-,Y^11*q_d^9*q_{d-1}^8
9,8,12,9846599/194400,+,Y^12*q_d^9*q_{d-1}^8
9,8,13,-75991010599/447897600,-,Y^13*q_d^9*q_{d-1}^8
9,8,14,121848954871/3224862720,+,Y^14*q_d^9*q_{d-1}^8
9,8,15,1004156443843/955514880,+,Y^15*q_d^9*q_{d-1}^8
9,8,16,-10023106554136067/3715041853440,-,Y^16*q_d^9*q_{d-1}^8
9,8,17,821407679844700739/334353766809600,+,Y^17*q_d^9*q_{d-1}^8
9,8,18,456914442918679249/891610044825600,+,Y^18*q_d^9*q_{d-1}^8
9,8,19,-3094513905758565913/1069932053790720,-,Y^19*q_d^9*q_{d-1}^8
9,8,20,1234963238309509429/534966026895360,+,Y^20*q_d^9*q_{d-1}^8
9,8,21,-3380421034205701129/5349660268953600,-,Y^21*q_d^9*q_{d-1}^8
9,8,22,-3492039293284823659/42797282151628800,-,Y^22*q_d^9*q_{d-1}^8
9,8,23,15259394798143044143/256783692909772800,+,Y^23*q_d^9*q_{d-1}^8
10,8,12,-1659091/349920,-,Y^12*q_d^10*q_{d-1}^8
10,8,13,337855/23328,+,Y^13*q_d^10*q_{d-1}^8
10,8,14,59484005063/895795200,+,Y^14*q_d^10*q_{d-1}^8
10,8,15,-1488788132279/3224862720,-,Y^15*q_d^10*q_{d-1}^8
10,8,16,124555010646857/137594142720,+,Y^16*q_d^10*q_{d-1}^8
10,8,17,-1931885835789329/7430083706880,-,Y^17*q_d^10*q_{d-1}^8
10,8,18,-837253544387691571/534966026895360,-,Y^18*q_d^10*q_{d-1}^8
10,8,19,4401900450680600357/1783220089651200,+,Y^19*q_d^10*q_{d-1}^8
10,8,20,-2954267966707322951/2139864107581440,-,Y^20*q_d^10*q_{d-1}^8
10,8,21,46124668661544109/4279728215162880,+,Y^21*q_d^10*q_{d-1}^8
10,8,22,635527680172409171/2139864107581440,+,Y^22*q_d^10*q_{d-1}^8
10,8,23,-3845879465737455377/42797282151628800,-,Y^23*q_d^10*q_{d-1}^8
10,8,24,-16468195681098287/32097961613721600,-,Y^24*q_d^10*q_{d-1}^8
11,8,14,-8540357/777600,-,Y^14*q_d^11*q_{d-1}^8
11,8,15,9996565901/134369280,+,Y^15*q_d^11*q_{d-1}^8
11,8,16,-377110541549/3224862720,-,Y^16*q_d^11*q_{d-1}^8
11,8,17,-3429655830713/17199267840,-,Y^17*q_d^11*q_{d-1}^8
11,8,18,37877330835297583/44580502241280,+,Y^18*q_d^11*q_{d-1}^8
11,8,19,-2644626266447825359/2674830134476800,-,Y^19*q_d^11*q_{d-1}^8
11,8,20,19755341911638389/71328803586048,+,Y^20*q_d^11*q_{d-1}^8
11,8,21,769491344520860899/2139864107581440,+,Y^21*q_d^11*q_{d-1}^8
11,8,22,-11465005790768369/35664401793024,-,Y^22*q_d^11*q_{d-1}^8
11,8,23,1565161877240513237/21398641075814400,+,Y^23*q_d^11*q_{d-1}^8
11,8,24,107195698819964629/28531521434419200,+,Y^24*q_d^11*q_{d-1}^8
12,8,15,-890771/233280,-,Y^15*q_d^12*q_{d-1}^8
12,8,16,98236915/35831808,+,Y^16*q_d^12*q_{d-1}^8
12,8,17,219024302917/3224862720,+,Y^17*q_d^12*q_{d-1}^8
12,8,18,-56904282992641/275188285440,-,Y^18*q_d^12*q_{d-1}^8
12,8,19,2709802309802987/14860167413760,+,Y^19*q_d^12*q_{d-1}^8
12,8,20,215286500870847721/2139864107581440,+,Y^20*q_d^12*q_{d-1}^8
12,8,21,-416090393869103653/1426576071720960,-,Y^21*q_d^12*q_{d-1}^8
12,8,22,1552346092962418831/8559456430325760,+,Y^22*q_d^12*q_{d-1}^8
12,8,23,-403085518787086471/17118912860651520,-,Y^23*q_d^12*q_{d-1}^8
12,8,24,-18849385738791853/1902101428961280,-,Y^24*q_d^12*q_{d-1}^8
12,8,25,14439610131989/19813556551680,+,Y^25*q_d^12*q_{d-1}^8
13,8,17,-6941291/1105920,-,Y^17*q_d^13*q_{d-1}^8
13,8,18,72108803221/3224862720,+,Y^18*q_d^13*q_{d-1}^8
13,8,19,-862194444461/137594142720,-,Y^19*q_d^13*q_{d-1}^8
13,8,20,-2068032652748867/29720334827520,-,Y^20*q_d^13*q_{d-1}^8
13,8,21,589620426449967493/5349660268953600,+,Y^21*q_d^13*q_{d-1}^8
13,8,22,-73679554917084599/1426576071720960,-,Y^22*q_d^13*q_{d-1}^8
13,8,23,-39383599790556889/4279728215162880,-,Y^23*q_d^13*q_{d-1}^8
13,8,24,199147355029964551/17118912860651520,+,Y^24*q_d^13*q_{d-1}^8
13,8,25,-12329116485889/9906778275840,-,Y^25*q_d^13*q_{d-1}^8
14,8,18,-30471091/35831808,-,Y^18*q_d^14*q_{d-1}^8
14,8,19,-555420929/358318080,-,Y^19*q_d^14*q_{d-1}^8
14,8,20,3957699300961/275188285440,+,Y^20*q_d^14*q_{d-1}^8
14,8,21,-115467109999409/5572562780160,-,Y^21*q_d^14*q_{d-1}^8
14,8,22,69524069748624197/21398641075814400,+,Y^22*q_d^14*q_{d-1}^8
14,8,23,21394614981003271/1783220089651200,+,Y^23*q_d^14*q_{d-1}^8
14,8,24,-2786950530395605/380420285792256,-,Y^24*q_d^14*q_{d-1}^8
14,8,25,124765207180187/158508452413440,+,Y^25*q_d^14*q_{d-1}^8
14,8,26,24987478051291/713288035860480,+,Y^26*q_d^14*q_{d-1}^8
15,8,20,-73295327/71663616,-,Y^20*q_d^15*q_{d-1}^8
15,8,21,22893671857/13759414272,+,Y^21*q_d^15*q_{d-1}^8
15,8,22,53139784304579/29720334827520,+,Y^22*q_d^15*q_{d-1}^8
15,8,23,-10067675661924349/2139864107581440,-,Y^23*q_d^15*q_{d-1}^8
15,8,24,4370984055458699/1783220089651200,+,Y^24*q_d^15*q_{d-1}^8
15,8,25,-2559854119249/47552535724032,-,Y^25*q_d^15*q_{d-1}^8
15,8,26,-636981686495/5944066965504,-,Y^26*q_d^15*q_{d-1}^8
16,8,21,-4117715/71663616,-,Y^21*q_d^16*q_{d-1}^8
16,8,22,-1927914163/6115295232,-,Y^22*q_d^16*q_{d-1}^8
16,8,23,798012343457/990677827584,+,Y^23*q_d^16*q_{d-1}^8
16,8,24,-7500725418868549/21398641075814400,-,Y^24*q_d^16*q_{d-1}^8
16,8,25,-17183248577747/95105071448064,-,Y^25*q_d^16*q_{d-1}^8
16,8,26,2502771059747/23776267862016,+,Y^26*q_d^16*q_{d-1}^8
16,8,27,-26835148655/15850845241344,-,Y^27*q_d^16*q_{d-1}^8
17,8,23,-458713451/9172942848,-,Y^23*q_d^17*q_{d-1}^8
17,8,24,7836011645/1981355655168,+,Y^24*q_d^17*q_{d-1}^8
17,8,25,5214490625911/59440669655040,+,Y^25*q_d^17*q_{d-1}^8
17,8,26,-481758654769/10567230160896,-,Y^26*q_d^17*q_{d-1}^8
17,8,27,282475249/330225942528,+,Y^27*q_d^17*q_{d-1}^8
18,8,24,-5764801/6115295232,-,Y^24*q_d^18*q_{d-1}^8
18,8,25,-697540921/55037657088,-,Y^25*q_d^18*q_{d-1}^8
18,8,26,88518519355/10567230160896,+,Y^26*q_d^18*q_{d-1}^8
18,8,27,3672178237/2641807540224,+,Y^27*q_d^18*q_{d-1}^8
18,8,28,-282475249/3522410053632,-,Y^28*q_d^18*q_{d-1}^8
19,8,26,-40353607/73383542784,-,Y^26*q_d^19*q_{d-1}^8
19,8,27,-13276336703/15850845241344,-,Y^27*q_d^19*q_{d-1}^8
19,8,28,282475249/1761205026816,+,Y^28*q_d^19*q_{d-1}^8
20,8,28,-282475249/3522410053632,-,Y^28*q_d^20*q_{d-1}^8
9,9,12,74431/349920,+,Y^12*q_d^9*q_{d-1}^9
9,9,13,-551887/583200,-,Y^13*q_d^9*q_{d-1}^9
9,9,14,29021867/44789760,+,Y^14*q_d^9*q_{d-1}^9
9,9,15,18822323009/1289945088,+,Y^15*q_d^9*q_{d-1}^9
9,9,16,-6943394486161/137594142720,-,Y^16*q_d^9*q_{d-1}^9
9,9,17,95598582598547/1486016741376,+,Y^17*q_d^9*q_{d-1}^9
9,9,18,551316278779763/2674830134476800,+,Y^18*q_d^9*q_{d-1}^9
9,9,19,-7479352871450845/71328803586048,-,Y^19*q_d^9*q_{d-1}^9
9,9,20,13338922532002081/106993205379072,+,Y^20*q_d^9*q_{d-1}^9
9,9,21,-1764503078999297/35664401793024,-,Y^21*q_d^9*q_{d-1}^9
9,9,22,-211995709672318243/42797282151628800,-,Y^22*q_d^9*q_{d-1}^9
9,9,23,12347604032222599/1902101428961280,+,Y^23*q_d^9*q_{d-1}^9
9,9,24,-11115764230613/25076532510720,-,Y^24*q_d^9*q_{d-1}^9
10,9,14,1587061/2332800,+,Y^14*q_d^10*q_{d-1}^9
10,9,15,-669193/82944,-,Y^15*q_d^10*q_{d-1}^9
10,9,16,14393980937/644972544,+,Y^16*q_d^10*q_{d-1}^9
10,9,17,-674749806143/77396705280,-,Y^17*q_d^10*q_{d-1}^9
10,9,18,-203787094124005/2972033482752,-,Y^18*q_d^10*q_{d-1}^9
10,9,19,398034913832027969/2674830134476800,+,Y^19*q_d^10*q_{d-1}^9
10,9,20,-751302859832857297/6419592322744320,-,Y^20*q_d^10*q_{d-1}^9
10,9,21,9470289658039049/1283918464548864,+,Y^21*q_d^10*q_{d-1}^9
10,9,22,86205731642514743/2139864107581440,+,Y^22*q_d^10*q_{d-1}^9
10,9,23,-133388517197866399/7132880358604800,-,Y^23*q_d^10*q_{d-1}^9
10,9,24,10348456010353909/6340338096537600,+,Y^24*q_d^10*q_{d-1}^9
11,9,15,11613637/13996800,+,Y^15*q_d^11*q_{d-1}^9
11,9,16,-3339791/1574640,-,Y^16*q_d^11*q_{d-1}^9
11,9,17,-27656809271/3869835264,-,Y^17*q_d^11*q_{d-1}^9
11,9,18,49960940351861/1238347284480,+,Y^18*q_d^11*q_{d-1}^9
11,9,19,-17554060326586637/267483013447680,-,Y^19*q_d^11*q_{d-1}^9
11,9,20,853176211075681661/32097961613721600,+,Y^20*q_d^11*q_{d-1}^9
11,9,21,43960100890481867/1069932053790720,+,Y^21*q_d^11*q_{d-1}^9
11,9,22,-659087073303948289/12839184645488640,-,Y^22*q_d^11*q_{d-1}^9
11,9,23,46991950568391031/2567836929097728,+,Y^23*q_d^11*q_{d-1}^9
11,9,24,-235566307857477191/513567385819545600,-,Y^24*q_d^11*q_{d-1}^9
11,9,25,-536269615714427/1188813393100800,-,Y^25*q_d^11*q_{d-1}^9
12,9,17,59715271/40310784,+,Y^17*q_d^12*q_{d-1}^9
12,9,18,-38211538043/4837294080,-,Y^18*q_d^12*q_{d-1}^9
12,9,19,6730069548517/619173642240,+,Y^19*q_d^12*q_{d-1}^9
12,9,20,562348700163481/66870753361920,+,Y^20*q_d^12*q_{d-1}^9
12,9,21,-218777856276370993/6419592322744320,-,Y^21*q_d^12*q_{d-1}^9
12,9,22,381138855128573171/12839184645488640,+,Y^22*q_d^12*q_{d-1}^9
12,9,23,-36004322279280299/5135673858195456,-,Y^23*q_d^12*q_{d-1}^9
12,9,24,-14231499121861049/5706304286883840,-,Y^24*q_d^12*q_{d-1}^9
12,9,25,53536268090672017/51356738581954560,+,Y^25*q_d^12*q_{d-1}^9
13,9,18,6235397/13436928,+,Y^18*q_d^13*q_{d-1}^9
13,9,19,-6675757207/19349176320,-,Y^19*q_d^13*q_{d-1}^9
13,9,20,-1955940390131/412782428160,-,Y^20*q_d^13*q_{d-1}^9
13,9,21,2013782932399553/178322008965120,+,Y^21*q_d^13*q_{d-1}^9
13,9,22,-6418119331048789/802449040343040,-,Y^22*q_d^13*q_{d-1}^9
13,9,23,-14159359662840119/12839184645488640,-,Y^23*q_d^13*q_{d-1}^9
13,9,24,22709614373160449/6419592322744320,+,Y^24*q_d^13*q_{d-1}^9
13,9,25,-7101504241474867/6419592322744320,-,Y^25*q_d^13*q_{d-1}^9
13,9,26,-130463211431/66870753361920,-,Y^26*q_d^13*q_{d-1}^9
14,9,20,1834500857/3224862720,+,Y^20*q_d^14*q_{d-1}^9
14,9,21,-486525556951/309586821120,-,Y^21*q_d^14*q_{d-1}^9
14,9,22,151910281419463/267483013447680,+,Y^22*q_d^14*q_{d-1}^9
14,9,23,124349674881781909/64195923227443200,+,Y^23*q_d^14*q_{d-1}^9
14,9,24,-3028120513399373/1426576071720960,-,Y^24*q_d^14*q_{d-1}^9
14,9,25,3257412144413567/5706304286883840,+,Y^25*q_d^14*q_{d-1}^9
14,9,26,403671537058699/8559456430325760,+,Y^26*q_d^14*q_{d-1}^9
15,9,21,30471091/429981696,+,Y^21*q_d^15*q_{d-1}^9
15,9,22,7075057913/82556485632,+,Y^22*q_d^15*q_{d-1}^9
15,9,23,-65329453329959/106993205379072,-,Y^23*q_d^15*q_{d-1}^9
15,9,24,19719397709281921/32097961613721600,+,Y^24*q_d^15*q_{d-1}^9
15,9,25,-1174206679619953/12839184645488640,-,Y^25*q_d^15*q_{d-1}^9
15,9,26,-44789973022361/570630428688384,-,Y^26*q_d^15*q_{d-1}^9
15,9,27,108752970865/17832200896512,+,Y^27*q_d^15*q_{d-1}^9
16,9,23,839190317/13759414272,+,Y^23*q_d^16*q_{d-1}^9
16,9,24,-650556969307/8916100448256,-,Y^24*q_d^16*q_{d-1}^9
16,9,25,-2161919448611741/64195923227443200,-,Y^25*q_d^16*q_{d-1}^9
16,9,26,45832560342415/855945643032576,+,Y^26*q_d^16*q_{d-1}^9
16,9,27,-587830993169/71328803586048,-,Y^27*q_d^16*q_{d-1}^9
17,9,24,28824005/9172942848,+,Y^24*q_d^17*q_{d-1}^9
17,9,25,138084278353/11888133931008,+,Y^25*q_d^17*q_{d-1}^9
17,9,26,-3528143036929/213986410758144,-,Y^26*q_d^17*q_{d-1}^9
17,9,27,32865130501/10567230160896,+,Y^27*q_d^17*q_{d-1}^9
17,9,28,3107227739/31701690482688,+,Y^28*q_d^17*q_{d-1}^9
18,9,26,3533823013/1981355655168,+,Y^26*q_d^18*q_{d-1}^9
18,9,27,-53018874797/285315214344192,-,Y^27*q_d^18*q_{d-1}^9
18,9,28,-35874356623/95105071448064,-,Y^28*q_d^18*q_{d-1}^9
19,9,27,40353607/1320903770112,+,Y^27*q_d^19*q_{d-1}^9
19,9,28,10451584213/47552535724032,+,Y^28*q_d^19*q_{d-1}^9
19,9,29,-282475249/31701690482688,-,Y^29*q_d^19*q_{d-1}^9
20,9,29,282475249/31701690482688,+,Y^29*q_d^20*q_{d-1}^9
10,10,15,-521017/13996800,-,Y^15*q_d^10*q_{d-1}^10
10,10,16,27100087/201553920,+,Y^16*q_d^10*q_{d-1}^10
10,10,17,-582648269/4837294080,-,Y^17*q_d^10*q_{d-1}^10
10,10,18,-2728457695537/2476694568960,-,Y^18*q_d^10*q_{d-1}^10
10,10,19,867487628498519/267483013447680,+,Y^19*q_d^10*q_{d-1}^10
10,10,20,-1701555851309489/501530650214400,-,Y^20*q_d^10*q_{d-1}^10
10,10,21,1150906838823581/1426576071720960,+,Y^21*q_d^10*q_{d-1}^10
10,10,22,42179062235833747/25678369290977280,+,Y^22*q_d^10*q_{d-1}^10
10,10,23,-27983542219298813/17118912860651520,-,Y^23*q_d^10*q_{d-1}^10
10,10,24,69122201193148537/171189128606515200,+,Y^24*q_d^10*q_{d-1}^10
10,10,25,14322988207759/267483013447680,+,Y^25*q_d^10*q_{d-1}^10
11,10,17,-16924649/201553920,-,Y^17*q_d^11*q_{d-1}^10
11,10,18,1959290431/2418647040,+,Y^18*q_d^11*q_{d-1}^10
11,10,19,-2329614037037/1238347284480,-,Y^19*q_d^11*q_{d-1}^10
11,10,20,261428463508079/267483013447680,+,Y^20*q_d^11*q_{d-1}^10
11,10,21,13916037682715539/6419592322744320,+,Y^21*q_d^11*q_{d-1}^10
11,10,22,-498261242235671033/128391846454886400,-,Y^22*q_d^11*q_{d-1}^10
11,10,23,581677762582252861/256783692909772800,+,Y^23*q_d^11*q_{d-1}^10
11,10,24,-3703291730246521/20542695432781824,-,Y^24*q_d^11*q_{d-1}^10
11,10,25,-201115898879578613/1027134771639091200,-,Y^25*q_d^11*q_{d-1}^10
12,10,18,-81295459/806215680,-,Y^18*q_d^12*q_{d-1}^10
12,10,19,550614127/2418647040,+,Y^19*q_d^12*q_{d-1}^10
12,10,20,992556662629/2476694568960,+,Y^20*q_d^12*q_{d-1}^10
12,10,21,-526335562696013/267483013447680,-,Y^21*q_d^12*q_{d-1}^10
12,10,22,321652482825128063/128391846454886400,+,Y^22*q_d^12*q_{d-1}^10
12,10,23,-242213564292642383/256783692909772800,-,Y^23*q_d^12*q_{d-1}^10
12,10,24,-226387236915187957/513567385819545600,-,Y^24*q_d^12*q_{d-1}^10
12,10,25,339288803619595753/1027134771639091200,+,Y^25*q_d^12*q_{d-1}^10
12,10,26,-1531037519466959/128391846454886400,-,Y^26*q_d^12*q_{d-1}^10
13,10,20,-611892449/4837294080,-,Y^20*q_d^13*q_{d-1}^10
13,10,21,323318393489/619173642240,+,Y^21*q_d^13*q_{d-1}^10
13,10,22,-161650242832057/267483013447680,-,Y^22*q_d^13*q_{d-1}^10
13,10,23,-1873707190599713/16048980806860800,-,Y^23*q_d^13*q_{d-1}^10
13,10,24,52270678079134319/85594564303257600,+,Y^24*q_d^13*q_{d-1}^10
13,10,25,-77925508366967303/256783692909772800,-,Y^25*q_d^13*q_{d-1}^10
13,10,26,18300780330951979/1027134771639091200,+,Y^26*q_d^13*q_{d-1}^10
14,10,21,-6235397/161243136,-,Y^21*q_d^14*q_{d-1}^10
14,10,22,5478560983/165112971264,+,Y^22*q_d^14*q_{d-1}^10
14,10,23,9564816522751/53496602689536,+,Y^23*q_d^14*q_{d-1}^10
14,10,24,-78983779058969141/256783692909772800,-,Y^24*q_d^14*q_{d-1}^10
14,10,25,3490875066841169/25678369290977280,+,Y^25*q_d^14*q_{d-1}^10
14,10,26,530694073131257/114126085737676800,+,Y^26*q_d^14*q_{d-1}^10
14,10,27,-6098358150661/1069932053790720,-,Y^27*q_d^14*q_{d-1}^10
15,10,23,-13401515239/412782428160,-,Y^23*q_d^15*q_{d-1}^10
15,10,24,16985392371997/267483013447680,+,Y^24*q_d^15*q_{d-1}^10
15,10,25,-2605401699124609/128391846454886400,-,Y^25*q_d^15*q_{d-1}^10
15,10,26,-155732230833529/8024490403430400,-,Y^26*q_d^15*q_{d-1}^10
15,10,27,10508603859691/1141260857376768,+,Y^27*q_d^15*q_{d-1}^10
16,10,24,-213297637/55037657088,-,Y^24*q_d^16*q_{d-1}^10
16,10,25,-64813657643/29720334827520,-,Y^25*q_d^16*q_{d-1}^10
16,10,26,2956053135130781/256783692909772800,+,Y^26*q_d^16*q_{d-1}^10
16,10,27,-32607737901151/5706304286883840,-,Y^27*q_d^16*q_{d-1}^10
16,10,28,325693962097/2853152143441920,+,Y^28*q_d^16*q_{d-1}^10
17,10,26,-12515382971/5944066965504,-,Y^26*q_d^17*q_{d-1}^10
17,10,27,6118800135007/4279728215162880,+,Y^27*q_d^17*q_{d-1}^10
17,10,28,389533368371/1902101428961280,+,Y^28*q_d^17*q_{d-1}^10
18,10,27,-201768035/1981355655168,-,Y^27*q_d^18*q_{d-1}^10
18,10,28,-114967426343/634033809653760,-,Y^28*q_d^18*q_{d-1}^10
18,10,29,5367029731/190210142896128,+,Y^29*q_d^18*q_{d-1}^10
19,10,29,-5367029731/190210142896128,-,Y^29*q_d^19*q_{d-1}^10
20,10,30,-282475249/634033809653760,-,Y^30*q_d^20*q_{d-1}^10
11,11,18,3647119/806215680,+,Y^18*q_d^11*q_{d-1}^11
11,11,19,-62034637/4837294080,-,Y^19*q_d^11*q_{d-1}^11
11,11,20,3082958431/206391214080,+,Y^20*q_d^11*q_{d-1}^11
11,11,21,22621780194391/534966026895360,+,Y^21*q_d^11*q_{d-1}^11
11,11,22,-14532145743730573/128391846454886400,-,Y^22*q_d^11*q_{d-1}^11
11,11,23,91349308499225/1141260857376768,+,Y^23*q_d^11*q_{d-1}^11
11,11,24,-1110509070038501/102713477163909120,-,Y^24*q_d^11*q_{d-1}^11
11,11,25,-17276160699007/2536135238615040,-,Y^25*q_d^11*q_{d-1}^11
11,11,26,35297663225363/16048980806860800,+,Y^26*q_d^11*q_{d-1}^11
12,11,20,28118111/4837294080,+,Y^20*q_d^12*q_{d-1}^11
12,11,21,-2541100751/51597803520,-,Y^21*q_d^12*q_{d-1}^11
12,11,22,8282207292821/89161004482560,+,Y^22*q_d^12*q_{d-1}^11
12,11,23,-2803775568911723/64195923227443200,-,Y^23*q_d^12*q_{d-1}^11
12,11,24,-2685563083883281/85594564303257600,-,Y^24*q_d^12*q_{d-1}^11
12,11,25,4598495546748131/128391846454886400,+,Y^25*q_d^12*q_{d-1}^11
12,11,26,-412897501519895/41085390865563648,-,Y^26*q_d^12*q_{d-1}^11
13,11,21,81295459/9674588160,+,Y^21*q_d^13*q_{d-1}^11
13,11,22,-335417299/20639121408,-,Y^22*q_d^13*q_{d-1}^11
13,11,23,-1840604604769/178322008965120,-,Y^23*q_d^13*q_{d-1}^11
13,11,24,241197336513917/5135673858195456,+,Y^24*q_d^13*q_{d-1}^11
13,11,25,-84144933897913/2139864107581440,-,Y^25*q_d^13*q_{d-1}^11
13,11,26,69967831979591/8024490403430400,+,Y^26*q_d^13*q_{d-1}^11
13,11,27,7384669727393/4012245201715200,+,Y^27*q_d^13*q_{d-1}^11
14,11,23,339652663/51597803520,+,Y^23*q_d^14*q_{d-1}^11
14,11,24,-2581393533467/133741506723840,-,Y^24*q_d^14*q_{d-1}^11
14,11,25,129428973307529/8024490403430400,+,Y^25*q_d^14*q_{d-1}^11
14,11,26,-1576706838763/14265760717209600,-,Y^26*q_d^14*q_{d-1}^11
14,11,27,-6040894614293/1783220089651200,-,Y^27*q_d^14*q_{d-1}^11
15,11,24,43647779/20639121408,+,Y^24*q_d^15*q_{d-1}^11
15,11,25,-321724484837/178322008965120,-,Y^25*q_d^15*q_{d-1}^11
15,11,26,-391358342129629/128391846454886400,-,Y^26*q_d^15*q_{d-1}^11
15,11,27,249385631383259/85594564303257600,+,Y^27*q_d^15*q_{d-1}^11
15,11,28,-75743720339/356644017930240,-,Y^28*q_d^15*q_{d-1}^11
16,11,26,31470048659/29720334827520,+,Y^26*q_d^16*q_{d-1}^11
16,11,27,-71345425062443/64195923227443200,-,Y^27*q_d^16*q_{d-1}^11
16,11,28,600905561837/5706304286883840,+,Y^28*q_d^16*q_{d-1}^11
17,11,27,1493083459/11888133931008,+,Y^27*q_d^17*q_{d-1}^11
17,11,28,36358599907/2853152143441920,+,Y^28*q_d^17*q_{d-1}^11
17,11,29,-10451584213/317016904826880,-,Y^29*q_d^17*q_{d-1}^11
18,11,29,282475249/8806025134080,+,Y^29*q_d^18*q_{d-1}^11
19,11,30,282475249/190210142896128,+,Y^30*q_d^19*q_{d-1}^11
12,12,21,-3647119/9674588160,-,Y^21*q_d^12*q_{d-1}^12
12,12,22,1294139/1719926784,+,Y^22*q_d^12*q_{d-1}^12
12,12,23,-40371607297/44580502241280,-,Y^23*q_d^12*q_{d-1}^12
12,12,24,-152704157341729/256783692909772800,-,Y^24*q_d^12*q_{d-1}^12
12,12,25,8627062461829/4279728215162880,+,Y^25*q_d^12*q_{d-1}^12
12,12,26,-166655892953333/205426954327818240,-,Y^26*q_d^12*q_{d-1}^12
12,12,27,-86719901443/713288035860480,-,Y^27*q_d^12*q_{d-1}^12
13,12,23,-117649/644972544,-,Y^23*q_d^13*q_{d-1}^12
13,12,24,18131710933/11145125560320,+,Y^24*q_d^13*q_{d-1}^12
13,12,25,-11054614280479/4755253572403200,-,Y^25*q_d^13*q_{d-1}^12
13,12,26,18758854339519/32097961613721600,+,Y^26*q_d^13*q_{d-1}^12
13,12,27,9109060061717/32097961613721600,+,Y^27*q_d^13*q_{d-1}^12
14,12,24,-569068213/1238347284480,-,Y^24*q_d^14*q_{d-1}^12
14,12,25,11153242849/16717688340480,+,Y^25*q_d^14*q_{d-1}^12
14,12,26,32560805126773/256783692909772800,+,Y^26*q_d^14*q_{d-1}^12
14,12,27,-4384940703269/10699320537907200,-,Y^27*q_d^14*q_{d-1}^12
14,12,28,25866662087/297203348275200,+,Y^28*q_d^14*q_{d-1}^12
15,12,26,-24904763863/133741506723840,-,Y^26*q_d^15*q_{d-1}^12
15,12,27,19217902148977/64195923227443200,+,Y^27*q_d^15*q_{d-1}^12
15,12,28,-3711765125467/32097961613721600,-,Y^28*q_d^15*q_{d-1}^12
16,12,27,-305534453/4458050224128,-,Y^27*q_d^16*q_{d-1}^12
16,12,28,10372773618529/256783692909772800,+,Y^28*q_d^16*q_{d-1}^12
16,12,29,36358599907/2139864107581440,+,Y^29*q_d^16*q_{d-1}^12
17,12,29,-128364823867/8559456430325760,-,Y^29*q_d^17*q_{d-1}^12
18,12,30,-10451584213/5706304286883840,-,Y^30*q_d^18*q_{d-1}^12
13,13,24,25529833/1238347284480,+,Y^24*q_d^13*q_{d-1}^13
13,13,25,-381300409/16717688340480,-,Y^25*q_d^13*q_{d-1}^13
13,13,26,1252668786341/64195923227443200,+,Y^26*q_d^13*q_{d-1}^13
13,13,27,-1555672727/237762678620160,-,Y^27*q_d^13*q_{d-1}^13
13,13,28,-85670707661/12839184645488640,-,Y^28*q_d^13*q_{d-1}^13
14,13,26,-20588575/26748301344768,-,Y^26*q_d^14*q_{d-1}^13
14,13,27,-353165709491/16048980806860800,-,Y^27*q_d^14*q_{d-1}^13
14,13,28,359026041479/16048980806860800,+,Y^28*q_d^14*q_{d-1}^13
15,13,27,3983477491/267483013447680,+,Y^27*q_d^15*q_{d-1}^13
15,13,28,-7465417295/641959232274432,-,Y^28*q_d^15*q_{d-1}^13
15,13,29,-27884342437/8024490403430400,-,Y^29*q_d^15*q_{d-1}^13
16,13,29,66865926799/32097961613721600,+,Y^29*q_d^16*q_{d-1}^13
17,13,30,2138741171/2139864107581440,+,Y^30*q_d^17*q_{d-1}^13
14,14,27,-178708831/267483013447680,-,Y^27*q_d^14*q_{d-1}^14
14,14,28,443889677/2006122600857600,+,Y^28*q_d^14*q_{d-1}^14
14,14,29,1250961817/8559456430325760,+,Y^29*q_d^14*q_{d-1}^14
15,14,29,4559957591/32097961613721600,+,Y^29*q_d^15*q_{d-1}^14
16,14,30,-27884342437/128391846454886400,-,Y^30*q_d^16*q_{d-1}^14
15,15,30,1250961817/128391846454886400,+,Y^30*q_d^15*q_{d-1}^15
