R_monomial,y_power,coefficient
R11,10,1
R12,10,9/2
R12,12,-23/48
R13,10,6
R13,12,-27/8
R14,10,7/2
R14,12,-49/8
R14,14,119/192
R15,10,21/20
R15,12,-217/48
R15,14,1589/768
R16,10,7/40
R16,12,-105/64
R16,14,3353/1536
R16,16,-8533/36864
R17,10,1/60
R17,12,-77/240
R17,14,2359/2304
R17,16,-1435/3072
R18,10,1/1120
R18,12,-101/2880
R18,14,2257/9216
R18,16,-11761/36864
R18,18,132301/3538944
R19,10,1/40320
R19,12,-19/8960
R19,14,5827/184320
R19,16,-4897/49152
R19,18,702689/14155776
R20,10,1/3628800
R20,12,-127/1935360
R20,14,7309/3317760
R20,16,-252043/15925248
R20,18,5805241/254803968
R20,20,-18868811/6115295232
R21,12,-1/1244160
R21,14,1/12960
R21,16,-17353/13271040
R21,18,227045/47775744
R21,20,-42453047/15288238080
R22,14,7/6635520
R22,16,-2107/39813120
R22,18,61789/127401984
R22,20,-6542627/7644119040
R22,22,103418861/733835427840
R23,16,-49/59719680
R23,18,4459/191102976
R23,20,-164983/1433272320
R23,22,47118253/550376570880
R24,18,2401/5733089280
R24,20,-314531/45864714240
R24,22,6264209/366917713920
R24,24,-96921167/26418075402240
R25,20,-16807/114661785600
R25,22,184877/137594142720
R25,24,-6369853/4403012567040
R26,22,117649/3302259425280
R26,24,-2235331/13209037701120
R26,26,34000561/634033809653760
R27,24,-117649/19813556551680
R27,26,7882483/634033809653760
R28,26,823543/1268067619307520
R28,28,-823543/2028908190892032
R29,28,-5764801/136951302885212160
R30,30,40353607/32868312692450918400
R2*R10,10,-1
R2*R11,10,-4
R2*R11,12,11/24
R2*R12,10,-14/3
R2*R12,12,35/12
R2*R13,10,-7/3
R2*R13,12,14/3
R2*R13,14,-301/576
R2*R14,10,-7/12
R2*R14,12,427/144
R2*R14,14,-3563/2304
R2*R15,10,-7/90
R2*R15,12,259/288
R2*R15,14,-203/144
R2*R15,16,28189/165888
R2*R16,10,-1/180
R2*R16,12,203/1440
R2*R16,14,-3829/6912
R2*R16,16,49301/165888
R2*R17,10,-1/5040
R2*R17,12,5/432
R2*R17,14,-1471/13824
R2*R17,16,14137/82944
R2*R17,18,-373381/15925248
R2*R18,10,-1/362880
R2*R18,12,113/241920
R2*R18,14,-5713/552960
R2*R18,16,170465/3981312
R2*R18,18,-3337153/127401984
R2*R19,12,1/138240
R2*R19,14,-133/276480
R2*R19,16,40789/7962624
R2*R19,18,-34279/3538944
R2*R19,20,4918823/3057647616
R2*R20,14,-7/829440
R2*R20,16,1127/3981312
R2*R20,18,-145579/95551488
R2*R20,20,4464733/3822059520
R2*R21,16,343/59719680
R2*R21,18,-9947/95551488
R2*R21,20,1038947/3822059520
R2*R21,22,-5382013/91729428480
R2*R22,18,-2401/955514880
R2*R22,20,31213/1274019840
R2*R22,22,-2965235/110075314176
R2*R23,20,16807/22932357120
R2*R23,22,-991613/275188285440
R2*R23,24,15109493/13209037701120
R2*R24,22,-117649/825564856320
R2*R24,24,2000033/6604518850560
R2*R25,24,117649/6604518850560
R2*R25,26,-117649/10567230160896
R2*R26,26,-823543/634033809653760
R2*R27,28,5764801/136951302885212160
R3*R9,10,-1
R3*R10,10,-7/2
R3*R10,12,35/48
R3*R11,10,-7/2
R3*R11,12,175/48
R3*R11,14,-77/576
R3*R12,10,-35/24
R3*R12,12,1379/288
R3*R12,14,-5915/4608
R3*R13,10,-7/24
R3*R13,12,721/288
R3*R13,14,-1267/512
R3*R13,16,2107/13824
R3*R14,10,-7/240
R3*R14,12,707/1152
R3*R14,14,-47495/27648
R3*R14,16,126329/221184
R3*R15,10,-1/720
R3*R15,12,259/3456
R3*R15,14,-14707/27648
R3*R15,16,390341/663552
R3*R15,18,-197323/3981312
R3*R16,10,-1/40320
R3*R16,12,31/6912
R3*R16,14,-14767/184320
R3*R16,16,323107/1327104
R3*R16,18,-12797233/127401984
R3*R17,12,1/8640
R3*R17,14,-245/41472
R3*R17,16,10297/221184
R3*R17,18,-494795/7962624
R3*R17,20,2613667/382205952
R3*R18,12,1/1244160
R3*R18,14,-1/5120
R3*R18,16,169463/39813120
R3*R18,18,-762517/47775744
R3*R18,20,25665227/3057647616
R3*R19,14,-7/3317760
R3*R19,16,3479/19906560
R3*R19,18,-355495/191102976
R3*R19,20,12381173/3822059520
R3*R19,22,-34431761/73383542784
R3*R20,16,49/19906560
R3*R20,18,-18179/191102976
R3*R20,20,2918587/5733089280
R3*R20,22,-4418869/12230590464
R3*R21,18,-2401/1433272320
R3*R21,20,127253/3822059520
R3*R21,22,-4713163/55037657088
R3*R21,24,37674091/2201506283520
R3*R22,20,16807/22932357120
R3*R22,22,-521017/68797071360
R3*R22,24,21462539/2641807540224
R3*R23,22,-117649/550376570880
R3*R23,24,7176589/6604518850560
R3*R23,26,-105766451/317016904826880
R3*R24,24,823543/19813556551680
R3*R24,26,-18941489/211344603217920
R3*R25,26,-823543/158508452413440
R3*R25,28,823543/253613523861504
R3*R26,28,5764801/15216811431690240
R3*R27,30,-40353607/3286831269245091840
R4*R8,10,-1
R4*R9,10,-7/2
R4*R9,12,35/48
R4*R10,10,-17/4
R4*R10,12,27/8
R4*R10,14,-35/256
R4*R11,10,-31/12
R4*R11,12,227/48
R4*R11,14,-2593/2304
R4*R12,10,-41/48
R4*R12,12,3679/1152
R4*R12,14,-18895/9216
R4*R12,16,3325/24576
R4*R13,10,-37/240
R4*R13,12,457/384
R4*R13,14,-4909/3072
R4*R13,16,94817/221184
R4*R14,10,-149/10080
R4*R14,12,283/1152
R4*R14,14,-18733/27648
R4*R14,16,280673/663552
R4*R14,18,-44275/1179648
R4*R15,10,-1/1440
R4*R15,12,233/8640
R4*R15,14,-35/216
R4*R15,16,17129/82944
R4*R15,18,-1997653/31850496
R4*R16,10,-1/80640
R4*R16,12,929/645120
R4*R16,14,-7649/368640
R4*R16,16,101599/1769472
R4*R16,18,-3187111/84934656
R4*R16,20,2923015/679477248
R4*R17,12,1/34560
R4*R17,14,-71/55296
R4*R17,16,34727/3981312
R4*R17,18,-127519/10616832
R4*R17,20,199997/47775744
R4*R18,14,-49/1658880
R4*R18,16,637/995328
R4*R18,18,-207809/95551488
R4*R18,20,3007669/1911029760
R4*R18,22,-2881445/12230590464
R4*R19,16,343/19906560
R4*R19,18,-343/1769472
R4*R19,20,140287/424673280
R4*R19,22,-137543/1019215872
R4*R20,18,-2401/382205952
R4*R20,20,184877/5096079360
R4*R20,22,-34528781/1100753141760
R4*R20,24,3776773/587068342272
R4*R21,20,16807/11466178560
R4*R21,22,-1126069/275188285440
R4*R21,24,6672379/3302259425280
R4*R22,22,-117649/550376570880
R4*R22,24,117649/440301256704
R4*R22,26,-588245/7044820107264
R4*R23,24,117649/6604518850560
R4*R23,26,-117649/10567230160896
R4*R24,26,-823543/1268067619307520
R4*R24,28,823543/2028908190892032
R5*R7,10,-1
R5*R8,10,-7/2
R5*R8,12,35/48
R5*R9,10,-14/3
R5*R9,12,27/8
R5*R9,14,-5/36
R5*R10,10,-35/12
R5*R10,12,263/48
R5*R10,14,-2513/2304
R5*R11,10,-7/8
R5*R11,12,403/96
R5*R11,14,-10873/4608
R5*R11,16,101/864
R5*R12,10,-91/720
R5*R12,12,1789/1152
R5*R12,14,-64469/27648
R5*R12,16,95347/221184
R5*R13,10,-1/120
R5*R13,12,5/18
R5*R13,14,-1693/1536
R5*R13,16,50473/82944
R5*R13,18,-4463/165888
R5*R14,10,-1/5040
R5*R14,12,1411/60480
R5*R14,14,-6871/27648
R5*R14,16,21755/55296
R5*R14,18,-281129/3981312
R5*R15,12,7/8640
R5*R15,14,-2723/103680
R5*R15,16,116123/995328
R5*R15,18,-190729/2654208
R5*R15,20,117509/47775744
R5*R16,12,1/138240
R5*R16,14,-329/276480
R5*R16,16,209363/13271040
R5*R16,18,-971873/31850496
R5*R16,20,5903653/1019215872
R5*R17,14,-7/414720
R5*R17,16,1813/1990656
R5*R17,18,-264257/47775744
R5*R17,20,8142379/1911029760
R5*R17,22,-115591/1146617856
R5*R18,16,343/19906560
R5*R18,18,-39445/95551488
R5*R18,20,13086479/11466178560
R5*R18,22,-14200543/55037657088
R5*R19,18,-2401/238878720
R5*R19,20,55223/477757440
R5*R19,22,-1976023/15288238080
R5*R19,24,16807/9172942848
R5*R20,20,16807/4586471424
R5*R20,22,-5428661/275188285440
R5*R20,24,83077001/13209037701120
R5*R21,22,-117649/137594142720
R5*R21,24,6235397/3302259425280
R5*R21,26,-117649/9906778275840
R5*R22,24,823543/6604518850560
R5*R22,26,-823543/10567230160896
R5*R23,26,-823543/79254226206720
R5*R24,28,5764801/15216811431690240
R6^2,10,-1/2
R6*R7,10,-7/2
R6*R7,12,35/48
R6*R8,10,-59/12
R6*R8,12,27/8
R6*R8,14,-323/2304
R6*R9,10,-19/6
R6*R9,12,53/9
R6*R9,14,-629/576
R6*R10,10,-21/20
R6*R10,12,2617/576
R6*R10,14,-3043/1152
R6*R10,16,12853/110592
R6*R11,10,-29/144
R6*R11,12,647/384
R6*R11,14,-8147/3072
R6*R11,16,38213/73728
R6*R12,10,-11/480
R6*R12,12,5861/17280
R6*R12,14,-16297/13824
R6*R12,16,517967/663552
R6*R12,18,-385519/10616832
R6*R13,10,-1/720
R6*R13,12,23/576
R6*R13,14,-3991/15360
R6*R13,16,38125/82944
R6*R13,18,-904993/7962624
R6*R14,10,-1/30240
R6*R14,12,13/5040
R6*R14,14,-13087/414720
R6*R14,16,238219/1990656
R6*R14,18,-1102169/10616832
R6*R14,20,2420257/382205952
R6*R15,12,7/103680
R6*R15,14,-1757/829440
R6*R15,16,102529/6635520
R6*R15,18,-3410911/95551488
R6*R15,20,2002217/159252480
R6*R16,14,-133/2211840
R6*R16,16,41797/39813120
R6*R16,18,-677033/127401984
R6*R16,20,3428971/509607936
R6*R16,22,-30278227/48922361856
R6*R17,16,931/29859840
R6*R17,18,-35329/95551488
R6*R17,20,3753449/2866544640
R6*R17,22,-21940681/30576476160
R6*R18,18,-31213/2866544640
R6*R18,20,2336173/22932357120
R6*R18,22,-2648303/12230590464
R6*R18,24,427572481/13209037701120
R6*R19,20,16807/5733089280
R6*R19,22,-2000033/91729428480
R6*R19,24,46101601/2201506283520
R6*R20,22,-2235331/3302259425280
R6*R20,24,43177183/13209037701120
R6*R20,26,-185061877/211344603217920
R6*R21,24,1294139/9906778275840
R6*R21,26,-15412019/52836150804480
R6*R22,26,-5764801/317016904826880
R6*R22,28,5764801/507227047723008
R6*R23,28,5764801/3804202857922560
R6*R24,30,-40353607/730406948721131520
R7^2,10,-5/2
R7^2,12,27/16
R7^2,14,-9/128
R7*R8,10,-79/24
R7*R8,12,195/32
R7*R8,14,-5035/4608
R7*R9,10,-7/6
R7*R9,12,43/9
R7*R9,14,-357/128
R7*R9,16,1067/9216
R7*R10,10,-9/40
R7*R10,12,929/480
R7*R10,14,-12839/4608
R7*R10,16,5203/9216
R7*R11,10,-1/48
R7*R11,12,503/1152
R7*R11,14,-12181/9216
R7*R11,16,544295/663552
R7*R11,18,-37709/884736
R7*R12,10,-1/1440
R7*R12,12,29/576
R7*R12,14,-4793/13824
R7*R12,16,39905/82944
R7*R12,18,-3941101/31850496
R7*R13,12,7/2880
R7*R13,14,-7/144
R7*R13,16,4067/27648
R7*R13,18,-67081/663552
R7*R13,20,166495/21233664
R7*R14,12,1/34560
R7*R14,14,-169/55296
R7*R14,16,10969/442368
R7*R14,18,-1170281/31850496
R7*R14,20,773143/63700992
R7*R15,14,-49/829440
R7*R15,16,245/124416
R7*R15,18,-117061/15925248
R7*R15,20,401849/70778880
R7*R15,22,-20765759/30576476160
R7*R16,16,343/6635520
R7*R16,18,-5831/7962624
R7*R16,20,335111/254803968
R7*R16,22,-279545/509607936
R7*R17,18,-2401/95551488
R7*R17,20,621859/3822059520
R7*R17,22,-2696323/18345885696
R7*R17,24,4045685/146767085568
R7*R18,20,16807/2293235712
R7*R18,22,-5865643/275188285440
R7*R18,24,16807/1528823808
R7*R19,22,-117649/91729428480
R7*R19,24,117649/73383542784
R7*R19,26,-588245/1174136684544
R7*R20,24,823543/6604518850560
R7*R20,26,-823543/10567230160896
R7*R21,26,-823543/158508452413440
R7*R21,28,823543/253613523861504
R8^2,10,-29/48
R8^2,12,2797/1152
R8^2,14,-13079/9216
R8^2,16,12787/221184
R8*R9,10,-17/72
R8*R9,12,149/72
R8*R9,14,-39571/13824
R8*R9,16,48619/82944
R8*R10,10,-37/1440
R8*R10,12,221/480
R8*R10,14,-20281/13824
R8*R10,16,93157/110592
R8*R10,18,-483215/10616832
R8*R11,10,-1/576
R8*R11,12,179/3456
R8*R11,14,-21629/55296
R8*R11,16,362449/663552
R8*R11,18,-7925527/63700992
R8*R12,10,-1/17280
R8*R12,12,49/15360
R8*R12,14,-82469/1658880
R8*R12,16,486709/2654208
R8*R12,18,-14223137/127401984
R8*R12,20,22931315/3057647616
R8*R13,12,7/69120
R8*R13,14,-91/30720
R8*R13,16,285047/9953280
R8*R13,18,-529585/10616832
R8*R13,20,18037411/1528823808
R8*R14,14,-91/1105920
R8*R14,16,931/497664
R8*R14,18,-1971515/191102976
R8*R14,20,2909081/382205952
R8*R14,22,-37033171/73383542784
R8*R15,16,343/7464960
R8*R15,18,-160181/191102976
R8*R15,20,25979849/11466178560
R8*R15,22,-34817587/61152952320
R8*R16,18,-40817/1911029760
R8*R16,20,775523/3057647616
R8*R16,22,-20473327/73383542784
R8*R16,24,8079365/587068342272
R8*R17,20,184877/22932357120
R8*R17,22,-4420241/91729428480
R8*R17,24,67950701/4403012567040
R8*R18,22,-7176589/3302259425280
R8*R18,24,67883473/13209037701120
R8*R18,26,-79177777/634033809653760
R8*R19,24,823543/2201506283520
R8*R19,26,-823543/3522410053632
R8*R20,26,-5764801/158508452413440
R8*R21,28,5764801/3804202857922560
R9^2,10,-1/72
R9^2,12,101/432
R9^2,14,-5243/6912
R9^2,16,11761/27648
R9^2,18,-185083/7962624
R9*R10,10,-1/720
R9*R10,12,263/4320
R9*R10,14,-127/320
R9*R10,16,32497/55296
R9*R10,18,-666527/5308416
R9*R11,12,7/1728
R9*R11,14,-2317/41472
R9*R11,16,41881/221184
R9*R11,18,-55853/442368
R9*R11,20,2807819/382205952
R9*R12,12,7/103680
R9*R12,14,-3619/829440
R9*R12,16,116417/3981312
R9*R12,18,-1755481/31850496
R9*R12,20,893585/63700992
R9*R13,14,-49/414720
R9*R13,16,24647/9953280
R9*R13,18,-477211/47775744
R9*R13,20,1234849/127401984
R9*R13,22,-172529/286654464
R9*R14,16,2597/29859840
R9*R14,18,-343/393216
R9*R14,20,1347647/573308928
R9*R14,22,-50801387/55037657088
R9*R15,18,-16807/477757440
R9*R15,20,2494639/11466178560
R9*R15,22,-33808481/91729428480
R9*R15,24,225629173/6604518850560
R9*R16,20,16807/1911029760
R9*R16,22,-2336173/55037657088
R9*R16,24,14739739/440301256704
R9*R17,22,-1294139/825564856320
R9*R17,24,1294139/206391214080
R9*R17,26,-39647713/31701690482688
R9*R18,24,823543/3302259425280
R9*R18,26,-30471091/52836150804480
R9*R19,26,-5764801/158508452413440
R9*R19,28,5764801/253613523861504
R9*R20,28,40353607/11412608573767680
R9*R21,30,-40353607/273902605770424320
R10^2,10,-1/28800
R10^2,12,19/11520
R10^2,14,-1891/61440
R10^2,16,41641/442368
R10^2,18,-2792441/42467328
R10^2,20,155575/42467328
R10*R11,12,7/69120
R10*R11,14,-371/92160
R10*R11,16,84749/2488320
R10*R11,18,-571039/10616832
R10*R11,20,23796871/1528823808
R10*R12,14,-49/552960
R10*R12,16,57281/19906560
R10*R12,18,-536305/47775744
R10*R12,20,7224511/764411904
R10*R12,22,-27694555/36691771392
R10*R13,16,343/4976640
R10*R13,18,-6517/5308416
R10*R13,20,24353/10616832
R10*R13,22,-989555/1019215872
R10*R14,18,-2401/59719680
R10*R14,20,477799/1528823808
R10*R14,22,-1841567/6115295232
R10*R14,24,13481615/293534171136
R10*R15,20,1697507/114661785600
R10*R15,22,-2134489/45864714240
R10*R15,24,114943073/4403012567040
R10*R16,22,-117649/36691771392
R10*R16,24,588245/146767085568
R10*R16,26,-2941225/2348273369088
R10*R17,24,823543/2201506283520
R10*R17,26,-823543/3522410053632
R10*R18,26,-5764801/317016904826880
R10*R18,28,5764801/507227047723008
R11^2,14,-49/663552
R11^2,16,4949/3981312
R11^2,18,-1205645/191102976
R11^2,20,3454157/764411904
R11^2,22,-9878449/24461180928
R11*R12,16,343/3732480
R11*R12,18,-70315/63700992
R11*R12,20,6493333/2293235712
R11*R12,22,-31230493/36691771392
R11*R13,18,-16807/477757440
R11*R13,20,88837/254803968
R11*R13,22,-19935503/55037657088
R11*R13,24,5390245/146767085568
R11*R14,20,16807/1528823808
R11*R14,22,-3916031/55037657088
R11*R14,24,60387551/2641807540224
R11*R15,22,-5058907/1651129712640
R11*R15,24,53765593/6604518850560
R11*R15,26,-52824401/105672301608960
R11*R16,24,823543/1320903770112
R11*R16,26,-4117715/10567230160896
R11*R17,26,-5764801/79254226206720
R11*R18,28,40353607/11412608573767680
R12^2,18,-146461/5733089280
R12^2,20,434581/3057647616
R12^2,22,-48565027/220150628352
R12^2,24,26835977/1761205026816
R12*R13,20,117649/7644119040
R12*R13,22,-386561/6879707136
R12*R13,24,96018391/2641807540224
R12*R14,22,-588245/220150628352
R12*R14,24,22470959/2641807540224
R12*R14,26,-132119827/126806761930752
R12*R15,24,823543/2476694568960
R12*R15,26,-83177843/105672301608960
R12*R16,26,-5764801/126806761930752
R12*R16,28,28824005/1014454095446016
R12*R17,28,40353607/7608405715845120
R12*R18,30,-282475249/1095610423081697280
R13^2,22,-117649/55037657088
R13^2,24,588245/220150628352
R13^2,26,-2941225/3522410053632
R13*R14,24,823543/1320903770112
R13*R14,26,-4117715/10567230160896
R13*R15,26,-5764801/158508452413440
R13*R15,28,5764801/253613523861504
R14^2,26,-5764801/126806761930752
R14*R15,28,40353607/7608405715845120
R15^2,30,-282475249/1826017371802828800
R2^2*R9,10,1
R2^2*R10,10,7/2
R2^2*R10,12,-7/16
R2^2*R11,10,7/2
R2^2*R11,12,-119/48
R2^2*R12,10,35/24
R2^2*R12,12,-329/96
R2^2*R12,14,665/1536
R2^2*R13,10,7/24
R2^2*R13,12,-175/96
R2^2*R13,14,5131/4608
R2^2*R14,10,7/240
R2^2*R14,12,-511/1152
R2^2*R14,14,7861/9216
R2^2*R14,16,-8855/73728
R2^2*R15,10,1/720
R2^2*R15,12,-301/5760
R2^2*R15,14,2485/9216
R2^2*R15,16,-117509/663552
R2^2*R16,10,1/40320
R2^2*R16,12,-11/3840
R2^2*R16,14,4313/110592
R2^2*R16,16,-108683/1327104
R2^2*R16,18,584603/42467328
R2^2*R17,12,-1/17280
R2^2*R17,14,35/13824
R2^2*R17,16,-10297/663552
R2^2*R17,18,98959/7962624
R2^2*R18,14,49/829440
R2^2*R18,16,-4949/3981312
R2^2*R18,18,110593/31850496
R2^2*R18,20,-576289/764411904
R2^2*R19,16,-343/9953280
R2^2*R19,18,5831/15925248
R2^2*R19,20,-197911/477757440
R2^2*R20,18,2401/191102976
R2^2*R20,20,-247303/3822059520
R2^2*R20,22,3776773/183458856960
R2^2*R21,20,-16807/5733089280
R2^2*R21,22,218491/34398535680
R2^2*R22,22,117649/275188285440
R2^2*R22,24,-117649/440301256704
R2^2*R23,24,-117649/3302259425280
R2^2*R24,26,823543/634033809653760
R2*R3*R8,10,2
R2*R3*R9,10,6
R2*R3*R9,12,-17/12
R2*R3*R10,10,5
R2*R3*R10,12,-37/6
R2*R3*R10,14,49/192
R2*R3*R11,10,5/3
R2*R3*R11,12,-41/6
R2*R3*R11,14,1237/576
R2*R3*R12,10,1/4
R2*R3*R12,12,-835/288
R2*R3*R12,14,2707/768
R2*R3*R12,16,-4655/18432
R2*R3*R13,10,1/60
R2*R3*R13,12,-157/288
R2*R3*R13,14,1541/768
R2*R3*R13,16,-44843/55296
R2*R3*R14,10,1/2520
R2*R3*R14,12,-67/1440
R2*R3*R14,14,3343/6912
R2*R3*R14,16,-114517/165888
R2*R3*R14,18,61985/884736
R2*R3*R15,12,-7/4320
R2*R3*R15,14,301/5760
R2*R3*R15,16,-12425/55296
R2*R3*R15,18,117509/995328
R2*R3*R16,12,-1/69120
R2*R3*R16,14,329/138240
R2*R3*R16,16,-13853/442368
R2*R3*R16,18,921599/15925248
R2*R3*R16,20,-4092221/509607936
R2*R3*R17,14,7/207360
R2*R3*R17,16,-1813/995328
R2*R3*R17,18,29057/2654208
R2*R3*R17,20,-500339/63700992
R2*R3*R18,16,-343/9953280
R2*R3*R18,18,39445/47775744
R2*R3*R18,20,-1432711/637009920
R2*R3*R18,22,4034023/9172942848
R2*R3*R19,18,2401/119439360
R2*R3*R19,20,-55223/238878720
R2*R3*R19,22,5793613/22932357120
R2*R3*R20,20,-16807/2293235712
R2*R3*R20,22,5428661/137594142720
R2*R3*R20,24,-26437411/2201506283520
R2*R3*R21,22,117649/68797071360
R2*R3*R21,24,-6235397/1651129712640
R2*R3*R22,24,-823543/3302259425280
R2*R3*R22,26,823543/5283615080448
R2*R3*R23,26,823543/39627113103360
R2*R3*R24,28,-5764801/7608405715845120
R2*R4*R7,10,2
R2*R4*R8,10,6
R2*R4*R8,12,-17/12
R2*R4*R9,10,19/3
R2*R4*R9,12,-45/8
R2*R4*R9,14,25/96
R2*R4*R10,10,10/3
R2*R4*R10,12,-27/4
R2*R4*R10,14,265/144
R2*R4*R11,10,11/12
R2*R4*R11,12,-565/144
R2*R4*R11,14,6503/2304
R2*R4*R11,16,-505/2304
R2*R4*R12,10,23/180
R2*R4*R12,12,-353/288
R2*R4*R12,14,4283/2304
R2*R4*R12,16,-31951/55296
R2*R4*R13,10,1/120
R2*R4*R13,12,-569/2880
R2*R4*R13,14,3049/4608
R2*R4*R13,16,-154985/331776
R2*R4*R13,18,22315/442368
R2*R4*R14,10,1/5040
R2*R4*R14,12,-5/336
R2*R4*R14,14,577/4608
R2*R4*R14,16,-1301/6912
R2*R4*R14,18,1069349/15925248
R2*R4*R15,12,-7/17280
R2*R4*R15,14,77/6912
R2*R4*R15,16,-10423/248832
R2*R4*R15,18,13993/442368
R2*R4*R15,20,-587545/127401984
R2*R4*R16,14,49/138240
R2*R4*R16,16,-2989/663552
R2*R4*R16,18,127841/15925248
R2*R4*R16,20,-426055/127401984
R2*R4*R17,16,-343/1990656
R2*R4*R17,18,16807/15925248
R2*R4*R17,20,-592361/637009920
R2*R4*R17,22,577955/3057647616
R2*R4*R18,18,2401/47775744
R2*R4*R18,20,-45619/318504960
R2*R4*R18,22,9851303/137594142720
R2*R4*R19,20,-16807/1911029760
R2*R4*R19,22,16807/1528823808
R2*R4*R19,24,-84035/24461180928
R2*R4*R20,22,117649/137594142720
R2*R4*R20,24,-117649/220150628352
R2*R4*R21,24,-117649/3302259425280
R2*R4*R21,26,117649/5283615080448
R2*R5*R6,10,2
R2*R5*R7,10,6
R2*R5*R7,12,-17/12
R2*R5*R8,10,7
R2*R5*R8,12,-45/8
R2*R5*R8,14,19/72
R2*R5*R9,10,11/3
R2*R5*R9,12,-289/36
R2*R5*R9,14,1019/576
R2*R5*R10,10,17/20
R2*R5*R10,12,-757/144
R2*R5*R10,14,859/256
R2*R5*R10,16,-635/3456
R2*R5*R11,10,1/12
R2*R5*R11,12,-445/288
R2*R5*R11,14,19933/6912
R2*R5*R11,16,-10805/18432
R2*R5*R12,10,1/360
R2*R5*R12,12,-1703/8640
R2*R5*R12,14,1703/1536
R2*R5*R12,16,-243149/331776
R2*R5*R12,18,11177/331776
R2*R5*R13,12,-7/720
R2*R5*R13,14,1589/8640
R2*R5*R13,16,-10927/27648
R2*R5*R13,18,4991/62208
R2*R5*R14,12,-1/8640
R2*R5*R14,14,7/576
R2*R5*R14,16,-29309/331776
R2*R5*R14,18,581/8192
R2*R5*R14,20,-55027/23887872
R2*R5*R15,14,49/207360
R2*R5*R15,16,-7693/995328
R2*R5*R15,18,556787/23887872
R2*R5*R15,20,-5161709/955514880
R2*R5*R16,16,-343/1658880
R2*R5*R16,18,22295/7962624
R2*R5*R16,20,-309043/95551488
R2*R5*R16,22,12005/191102976
R2*R5*R17,18,2401/23887872
R2*R5*R17,20,-31213/53084160
R2*R5*R17,22,1438199/7644119040
R2*R5*R18,20,-16807/573308928
R2*R5*R18,22,2302559/34398535680
R2*R5*R18,24,-117649/206391214080
R2*R5*R19,22,117649/22932357120
R2*R5*R19,24,-117649/36691771392
R2*R5*R20,24,-823543/1651129712640
R2*R5*R21,26,823543/39627113103360
R2*R6^2,10,3
R2*R6^2,12,-17/24
R2*R6*R7,10,22/3
R2*R6*R7,12,-45/8
R2*R6*R7,14,17/64
R2*R6*R8,10,47/12
R2*R6*R8,12,-1243/144
R2*R6*R8,14,4079/2304
R2*R6*R9,10,19/18
R2*R6*R9,12,-797/144
R2*R6*R9,14,4387/1152
R2*R6*R9,16,-1681/9216
R2*R6*R10,10,59/360
R2*R6*R10,12,-1559/960
R2*R6*R10,14,44437/13824
R2*R6*R10,16,-27029/36864
R2*R6*R11,10,1/72
R2*R6*R11,12,-55/216
R2*R6*R11,14,107/96
R2*R6*R11,16,-19667/20736
R2*R6*R11,18,14735/294912
R2*R6*R12,10,1/2160
R2*R6*R12,12,-1/45
R2*R6*R12,14,2521/13824
R2*R6*R12,16,-18113/41472
R2*R6*R12,18,2212001/15925248
R2*R6*R13,12,-7/8640
R2*R6*R13,14,91/5760
R2*R6*R13,16,-81109/995328
R2*R6*R13,18,133847/1327104
R2*R6*R13,20,-13769/1769472
R2*R6*R14,14,7/11520
R2*R6*R14,16,-3479/497664
R2*R6*R14,18,588833/23887872
R2*R6*R14,20,-2405557/191102976
R2*R6*R15,16,-7889/29859840
R2*R6*R15,18,109417/47775744
R2*R6*R15,20,-9260657/1911029760
R2*R6*R15,22,29361143/45864714240
R2*R6*R16,18,2401/29859840
R2*R6*R16,20,-55223/95551488
R2*R6*R16,22,415373/764411904
R2*R6*R17,20,-117649/5733089280
R2*R6*R17,22,2336173/22932357120
R2*R6*R17,24,-5663959/220150628352
R2*R6*R18,22,117649/25798901760
R2*R6*R18,24,-4353013/412782428160
R2*R6*R19,24,-823543/1100753141760
R2*R6*R19,26,823543/1761205026816
R2*R6*R20,26,5764801/79254226206720
R2*R6*R21,28,-5764801/1902101428961280
R2*R7^2,10,2
R2*R7^2,12,-53/12
R2*R7^2,14,85/96
R2*R7*R8,10,7/6
R2*R7*R8,12,-183/32
R2*R7*R8,14,2303/576
R2*R7*R8,16,-3349/18432
R2*R7*R9,10,1/6
R2*R7*R9,12,-275/144
R2*R7*R9,14,3787/1152
R2*R7*R9,16,-66467/82944
R2*R7*R10,10,1/120
R2*R7*R10,12,-193/576
R2*R7*R10,14,649/512
R2*R7*R10,16,-106039/110592
R2*R7*R10,18,26635/442368
R2*R7*R11,12,-7/288
R2*R7*R11,14,917/3456
R2*R7*R11,16,-73661/165888
R2*R7*R11,18,8029/55296
R2*R7*R12,12,-7/17280
R2*R7*R12,14,175/6912
R2*R7*R12,16,-8995/82944
R2*R7*R12,18,179515/1990656
R2*R7*R12,20,-400799/42467328
R2*R7*R13,14,49/69120
R2*R7*R13,16,-4361/331776
R2*R7*R13,18,200557/7962624
R2*R7*R13,20,-686735/63700992
R2*R7*R14,16,-343/663552
R2*R7*R14,18,60025/15925248
R2*R7*R14,20,-1352449/382205952
R2*R7*R14,22,1925945/3057647616
R2*R7*R15,18,2401/11943936
R2*R7*R15,20,-290521/477757440
R2*R7*R15,22,247303/764411904
R2*R7*R16,20,-16807/382205952
R2*R7*R16,22,84035/1528823808
R2*R7*R16,24,-420175/24461180928
R2*R7*R17,22,117649/22932357120
R2*R7*R17,24,-117649/36691771392
R2*R7*R18,24,-823543/3302259425280
R2*R7*R18,26,823543/5283615080448
R2*R8^2,10,1/12
R2*R8^2,12,-289/288
R2*R8^2,14,3829/2304
R2*R8^2,16,-2525/6144
R2*R8*R9,10,1/72
R2*R8*R9,12,-31/96
R2*R8*R9,14,91/64
R2*R8*R9,16,-159487/165888
R2*R8*R9,18,508609/7962624
R2*R8*R10,10,1/1440
R2*R8*R10,12,-23/960
R2*R8*R10,14,38849/138240
R2*R8*R10,16,-57823/110592
R2*R8*R10,18,54851/393216
R2*R8*R11,12,-7/6912
R2*R8*R11,14,301/13824
R2*R8*R11,16,-90209/663552
R2*R8*R11,18,822731/7962624
R2*R8*R11,20,-2115239/254803968
R2*R8*R12,14,49/69120
R2*R8*R12,16,-12985/995328
R2*R8*R12,18,100009/2654208
R2*R8*R12,20,-647731/63700992
R2*R8*R13,16,-3773/9953280
R2*R8*R13,18,80605/15925248
R2*R8*R13,20,-240443/42467328
R2*R8*R13,22,1154195/3057647616
R2*R8*R14,18,16807/95551488
R2*R8*R14,20,-16807/14155776
R2*R8*R14,22,2336173/6115295232
R2*R8*R15,20,-689087/11466178560
R2*R8*R15,22,6941291/45864714240
R2*R8*R15,24,-11311111/2201506283520
R2*R8*R16,22,117649/9172942848
R2*R8*R16,24,-588245/73383542784
R2*R8*R17,24,-823543/550376570880
R2*R8*R18,26,5764801/79254226206720
R2*R9^2,12,-7/432
R2*R9^2,14,77/576
R2*R9^2,16,-69433/248832
R2*R9^2,18,68929/995328
R2*R9*R10,12,-7/8640
R2*R9*R10,14,329/11520
R2*R9*R10,16,-126385/995328
R2*R9*R10,18,80227/663552
R2*R9*R10,20,-23275/2985984
R2*R9*R11,14,49/41472
R2*R9*R11,16,-13475/995328
R2*R9*R11,18,909293/23887872
R2*R9*R11,20,-850003/63700992
R2*R9*R12,16,-20923/29859840
R2*R9*R12,18,22295/5308416
R2*R9*R12,20,-2712787/382205952
R2*R9*R12,22,1660463/3057647616
R2*R9*R13,18,26411/119439360
R2*R9*R13,20,-31213/31850496
R2*R9*R13,22,9971353/13759414272
R2*R9*R14,20,-16807/382205952
R2*R9*R14,22,2336173/13759414272
R2*R9*R14,24,-18874261/660451885056
R2*R9*R15,22,1529437/206391214080
R2*R9*R15,24,-29529899/1651129712640
R2*R9*R16,24,-823543/660451885056
R2*R9*R16,26,4117715/5283615080448
R2*R9*R17,26,5764801/39627113103360
R2*R9*R18,28,-40353607/5706304286883840
R2*R10^2,14,49/138240
R2*R10^2,16,-637/73728
R2*R10^2,18,91091/5308416
R2*R10^2,20,-315805/42467328
R2*R10*R11,16,-5831/9953280
R2*R10*R11,18,90895/15925248
R2*R10*R11,20,-2241505/382205952
R2*R10*R11,22,770035/1019215872
R2*R10*R12,18,146461/477757440
R2*R10*R12,20,-400967/382205952
R2*R10*R12,22,11594429/18345885696
R2*R10*R13,20,-16807/191102976
R2*R10*R13,22,84035/764411904
R2*R10*R13,24,-420175/12230590464
R2*R10*R14,22,117649/9172942848
R2*R10*R14,24,-588245/73383542784
R2*R10*R15,24,-823543/1100753141760
R2*R10*R15,26,823543/1761205026816
R2*R11^2,18,2401/23887872
R2*R11^2,20,-69629/95551488
R2*R11^2,22,1078049/4586471424
R2*R11*R12,20,-16807/254803968
R2*R11*R12,22,5428661/27518828544
R2*R11*R12,24,-7546343/440301256704
R2*R11*R13,22,117649/6879707136
R2*R11*R13,24,-588245/55037657088
R2*R11*R14,24,-823543/330225942528
R2*R11*R15,26,5764801/39627113103360
R2*R12^2,22,117649/27518828544
R2*R12^2,24,-6941291/660451885056
R2*R12*R13,24,-823543/660451885056
R2*R12*R13,26,4117715/5283615080448
R2*R12*R14,26,5764801/31701690482688
R2*R12*R15,28,-40353607/3804202857922560
R3^2*R7,10,1
R3^2*R8,10,5/2
R3^2*R8,12,-47/48
R3^2*R9,10,5/3
R3^2*R9,12,-41/12
R3^2*R9,14,21/64
R3^2*R10,10,5/12
R3^2*R10,12,-145/48
R3^2*R10,14,4093/2304
R3^2*R10,16,-343/9216
R3^2*R11,10,1/24
R3^2*R11,12,-95/96
R3^2*R11,14,10057/4608
R3^2*R11,16,-3829/9216
R3^2*R12,10,1/720
R3^2*R12,12,-155/1152
R3^2*R12,14,2917/3072
R3^2*R12,16,-58027/73728
R3^2*R12,18,32585/884736
R3^2*R13,12,-7/960
R3^2*R13,14,2359/13824
R3^2*R13,16,-157927/331776
R3^2*R13,18,125461/884736
R3^2*R14,12,-1/8640
R3^2*R14,14,889/69120
R3^2*R14,16,-75719/663552
R3^2*R14,18,131621/995328
R3^2*R14,20,-433895/42467328
R3^2*R15,14,49/138240
R3^2*R15,16,-114317/9953280
R3^2*R15,18,703787/15925248
R3^2*R15,20,-822563/42467328
R3^2*R16,14,7/3317760
R3^2*R16,16,-2989/6635520
R3^2*R16,18,380093/63700992
R3^2*R16,20,-7648949/764411904
R3^2*R16,22,28645547/24461180928
R3^2*R17,16,-49/9953280
R3^2*R17,18,3773/11943936
R3^2*R17,20,-1204273/637009920
R3^2*R17,22,353633/286654464
R3^2*R18,18,2401/477757440
R3^2*R18,20,-103243/764411904
R3^2*R18,22,99471029/275188285440
R3^2*R18,24,-28238161/440301256704
R3^2*R19,20,-16807/5733089280
R3^2*R19,22,184877/5096079360
R3^2*R19,24,-21160013/550376570880
R3^2*R20,22,117649/110075314176
R3^2*R20,24,-39647713/6604518850560
R3^2*R20,26,185061877/105672301608960
R3^2*R21,24,-823543/3302259425280
R3^2*R21,26,823543/1467670855680
R3^2*R22,26,5764801/158508452413440
R3^2*R22,28,-5764801/253613523861504
R3^2*R23,28,-5764801/1902101428961280
R3^2*R24,30,40353607/365203474360565760
R3*R4*R6,10,2
R3*R4*R7,10,5
R3*R4*R7,12,-47/24
R3*R4*R8,10,9/2
R3*R4*R8,12,-151/24
R3*R4*R8,14,761/1152
R3*R4*R9,10,2
R3*R4*R9,12,-115/18
R3*R4*R9,14,223/72
R3*R4*R9,16,-175/2304
R3*R4*R10,10,13/30
R3*R4*R10,12,-919/288
R3*R4*R10,14,4355/1152
R3*R4*R10,16,-39205/55296
R3*R4*R11,10,1/24
R3*R4*R11,12,-473/576
R3*R4*R11,14,29341/13824
R3*R4*R11,16,-131003/110592
R3*R4*R11,18,3535/55296
R3*R4*R12,10,1/720
R3*R4*R12,12,-431/4320
R3*R4*R12,14,4411/6912
R3*R4*R12,16,-499/648
R3*R4*R12,18,1062283/5308416
R3*R4*R13,12,-7/1440
R3*R4*R13,14,413/4320
R3*R4*R13,16,-22043/82944
R3*R4*R13,18,166705/995328
R3*R4*R13,20,-156205/10616832
R3*R4*R14,12,-1/17280
R3*R4*R14,14,169/27648
R3*R4*R14,16,-32123/663552
R3*R4*R14,18,1046213/15925248
R3*R4*R14,20,-129857/5971968
R3*R4*R15,14,49/414720
R3*R4*R15,16,-245/62208
R3*R4*R15,18,340207/23887872
R3*R4*R15,20,-9801029/955514880
R3*R4*R15,22,4112815/3057647616
R3*R4*R16,16,-343/3317760
R3*R4*R16,18,5831/3981312
R3*R4*R16,20,-966917/382205952
R3*R4*R16,22,790615/764411904
R3*R4*R17,18,2401/47775744
R3*R4*R17,20,-621859/1911029760
R3*R4*R17,22,1438199/5096079360
R3*R4*R17,24,-4045685/73383542784
R3*R4*R18,20,-16807/1146617856
R3*R4*R18,22,5865643/137594142720
R3*R4*R18,24,-4420241/206391214080
R3*R4*R19,22,117649/45864714240
R3*R4*R19,24,-117649/36691771392
R3*R4*R19,26,588245/587068342272
R3*R4*R20,24,-823543/3302259425280
R3*R4*R20,26,823543/5283615080448
R3*R4*R21,26,823543/79254226206720
R3*R4*R21,28,-823543/126806761930752
R3*R5^2,10,1
R3*R5*R6,10,5
R3*R5*R6,12,-47/24
R3*R5*R7,10,5
R3*R5*R7,12,-151/24
R3*R5*R7,14,191/288
R3*R5*R8,10,25/12
R3*R5*R8,12,-367/48
R3*R5*R8,14,2323/768
R3*R5*R8,16,-133/1728
R3*R5*R9,10,1/3
R3*R5*R9,12,-49/12
R3*R5*R9,14,7961/1728
R3*R5*R9,16,-335/512
R3*R5*R10,10,1/60
R3*R5*R10,12,-257/288
R3*R5*R10,14,21971/6912
R3*R5*R10,16,-74789/55296
R3*R5*R10,18,4445/82944
R3*R5*R11,12,-7/96
R3*R5*R11,14,6419/6912
R3*R5*R11,16,-207221/165888
R3*R5*R11,18,252049/1327104
R3*R5*R12,12,-7/4320
R3*R5*R12,14,5579/51840
R3*R5*R12,16,-82271/165888
R3*R5*R12,18,1017037/3981312
R3*R5*R12,20,-78239/7962624
R3*R5*R13,14,49/11520
R3*R5*R13,16,-10927/138240
R3*R5*R13,18,581189/3981312
R3*R5*R13,20,-144893/5971968
R3*R5*R14,14,7/207360
R3*R5*R14,16,-1519/331776
R3*R5*R14,18,86681/2654208
R3*R5*R14,20,-4376729/191102976
R3*R5*R14,22,385189/573308928
R3*R5*R15,16,-343/4976640
R3*R5*R15,18,63455/23887872
R3*R5*R15,20,-22253497/2866544640
R3*R5*R15,22,2426725/1528823808
R3*R5*R16,18,2401/39813120
R3*R5*R16,20,-2401/2654208
R3*R5*R16,22,4578707/4586471424
R3*R5*R16,24,-84035/4586471424
R3*R5*R17,20,-16807/573308928
R3*R5*R17,22,521017/2866544640
R3*R5*R17,24,-10067393/183458856960
R3*R5*R18,22,117649/13759414272
R3*R5*R18,24,-33059369/1651129712640
R3*R5*R18,26,823543/4953389137920
R3*R5*R19,24,-823543/550376570880
R3*R5*R19,26,823543/880602513408
R3*R5*R20,26,5764801/39627113103360
R3*R5*R21,28,-5764801/951050714480640
R3*R6^2,10,31/12
R3*R6^2,12,-151/48
R3*R6^2,14,85/256
R3*R6*R7,10,13/6
R3*R6*R7,12,-293/36
R3*R6*R7,14,3485/1152
R3*R6*R7,16,-119/1536
R3*R6*R8,10,11/24
R3*R6*R8,12,-2393/576
R3*R6*R8,14,70939/13824
R3*R6*R8,16,-72271/110592
R3*R6*R9,10,1/18
R3*R6*R9,12,-415/432
R3*R6*R9,14,11641/3456
R3*R6*R9,16,-33305/20736
R3*R6*R9,18,11767/221184
R3*R6*R10,10,1/360
R3*R6*R10,12,-107/864
R3*R6*R10,14,10429/11520
R3*R6*R10,16,-242765/165888
R3*R6*R10,18,654829/2654208
R3*R6*R11,12,-7/864
R3*R6*R11,14,2527/20736
R3*R6*R11,16,-164647/331776
R3*R6*R11,18,707371/1990656
R3*R6*R11,20,-103145/7077888
R3*R6*R12,12,-7/51840
R3*R6*R12,14,413/46080
R3*R6*R12,16,-144935/1990656
R3*R6*R12,18,298585/1769472
R3*R6*R12,20,-1434055/31850496
R3*R6*R13,14,49/207360
R3*R6*R13,16,-27391/4976640
R3*R6*R13,18,711823/23887872
R3*R6*R13,20,-6665323/191102976
R3*R6*R13,22,96383/42467328
R3*R6*R14,16,-49/276480
R3*R6*R14,18,109417/47775744
R3*R6*R14,20,-4856537/573308928
R3*R6*R14,22,4041569/1019215872
R3*R6*R15,18,55223/716636160
R3*R6*R15,20,-1399783/1911029760
R3*R6*R15,22,14403599/9172942848
R3*R6*R15,24,-205528001/1100753141760
R3*R6*R16,20,-16807/716636160
R3*R6*R16,22,184877/1019215872
R3*R6*R16,24,-12218689/73383542784
R3*R6*R17,22,823543/137594142720
R3*R6*R17,24,-8588377/275188285440
R3*R6*R17,26,39647713/5283615080448
R3*R6*R18,24,-823543/619173642240
R3*R6*R18,26,83177843/26418075402240
R3*R6*R19,26,5764801/26418075402240
R3*R6*R19,28,-5764801/42268920643584
R3*R6*R20,28,-40353607/1902101428961280
R3*R6*R21,30,40353607/45650434295070720
R3*R7^2,10,1/4
R3*R7^2,12,-101/48
R3*R7^2,14,6085/2304
R3*R7^2,16,-1505/4608
R3*R7*R8,10,1/24
R3*R7*R8,12,-667/576
R3*R7*R8,14,15589/4608
R3*R7*R8,16,-188821/110592
R3*R7*R8,18,23443/442368
R3*R7*R9,12,-7/48
R3*R7*R9,14,3731/3456
R3*R7*R9,16,-15071/10368
R3*R7*R9,18,68341/248832
R3*R7*R10,12,-7/1440
R3*R7*R10,14,77/432
R3*R7*R10,16,-14945/27648
R3*R7*R10,18,117971/331776
R3*R7*R10,20,-186445/10616832
R3*R7*R11,14,49/4608
R3*R7*R11,16,-12103/110592
R3*R7*R11,18,1286887/7962624
R3*R7*R11,20,-1009253/21233664
R3*R7*R12,14,49/414720
R3*R7*R12,16,-49/5184
R3*R7*R12,18,101675/2654208
R3*R7*R12,20,-5741575/191102976
R3*R7*R12,22,2805593/1019215872
R3*R7*R13,16,-343/1658880
R3*R7*R13,18,35329/7962624
R3*R7*R13,20,-1547959/191102976
R3*R7*R13,22,5167295/1528823808
R3*R7*R14,18,2401/15925248
R3*R7*R14,20,-16807/14155776
R3*R7*R14,22,9971353/9172942848
R3*R7*R14,24,-13481615/73383542784
R3*R7*R15,20,-16807/286654464
R3*R7*R15,22,1394981/7644119040
R3*R7*R15,24,-1193297/12230590464
R3*R7*R16,22,117649/9172942848
R3*R7*R16,24,-588245/36691771392
R3*R7*R16,26,2941225/587068342272
R3*R7*R17,24,-823543/550376570880
R3*R7*R17,26,823543/880602513408
R3*R7*R18,26,5764801/79254226206720
R3*R7*R18,28,-5764801/126806761930752
R3*R8^2,10,1/576
R3*R8^2,12,-71/1152
R3*R8^2,14,10885/18432
R3*R8^2,16,-53485/73728
R3*R8^2,18,2998129/21233664
R3*R8*R9,12,-7/864
R3*R8*R9,14,1127/6912
R3*R8*R9,16,-70217/110592
R3*R8*R9,18,692335/1990656
R3*R8*R9,20,-3560263/191102976
R3*R8*R10,12,-7/34560
R3*R8*R10,14,1309/138240
R3*R8*R10,16,-6167/51840
R3*R8*R10,18,1032031/5308416
R3*R8*R10,20,-3785383/84934656
R3*R8*R11,14,49/165888
R3*R8*R11,16,-7693/995328
R3*R8*R11,18,269941/5308416
R3*R8*R11,20,-2150659/63700992
R3*R8*R11,22,14806673/6115295232
R3*R8*R12,16,-343/1658880
R3*R8*R12,18,423605/95551488
R3*R8*R12,20,-1623419/127401984
R3*R8*R12,22,56025277/18345885696
R3*R8*R13,18,26411/238878720
R3*R8*R13,20,-631463/382205952
R3*R8*R13,22,5385443/3057647616
R3*R8*R13,24,-8079365/73383542784
R3*R8*R14,20,-117649/2293235712
R3*R8*R14,22,3411821/9172942848
R3*R8*R14,24,-16353211/146767085568
R3*R8*R15,22,4823609/275188285440
R3*R8*R15,24,-50236123/1100753141760
R3*R8*R15,26,79177777/52836150804480
R3*R8*R16,24,-823543/220150628352
R3*R8*R16,26,4117715/1761205026816
R3*R8*R17,26,5764801/13209037701120
R3*R8*R18,28,-40353607/1902101428961280
R3*R9^2,14,49/6912
R3*R9^2,16,-13279/248832
R3*R9^2,18,638029/5971968
R3*R9^2,20,-1046983/47775744
R3*R9*R10,14,49/207360
R3*R9*R10,16,-52087/4976640
R3*R9*R10,18,1090495/23887872
R3*R9*R10,20,-7860335/191102976
R3*R9*R10,22,162925/71663616
R3*R9*R11,16,-343/995328
R3*R9*R11,18,53165/11943936
R3*R9*R11,20,-7416689/573308928
R3*R9*R11,22,1183007/286654464
R3*R9*R12,18,146461/716636160
R3*R9*R12,20,-501809/382205952
R3*R9*R12,22,63153503/27518828544
R3*R9*R12,24,-11623241/73383542784
R3*R9*R13,20,-184877/2866544640
R3*R9*R13,22,521017/1719926784
R3*R9*R13,24,-73328941/330225942528
R3*R9*R14,22,117649/9172942848
R3*R9*R14,24,-8588377/165112971264
R3*R9*R14,26,132119827/15850845241344
R3*R9*R15,24,-10706059/4953389137920
R3*R9*R15,26,35412349/6604518850560
R3*R9*R16,26,5764801/15850845241344
R3*R9*R16,28,-28824005/126806761930752
R3*R9*R17,28,-40353607/951050714480640
R3*R9*R18,30,282475249/136951302885212160
R3*R10^2,16,-343/3317760
R3*R10^2,18,7889/2654208
R3*R10^2,20,-709667/127401984
R3*R10^2,22,1195355/509607936
R3*R10*R11,18,40817/238878720
R3*R10*R11,20,-703493/382205952
R3*R10*R11,22,16698955/9172942848
R3*R10*R11,24,-5390245/24461180928
R3*R10*R12,20,-1025227/11466178560
R3*R10*R12,22,487403/1528823808
R3*R10*R12,24,-84690473/440301256704
R3*R10*R13,22,117649/4586471424
R3*R10*R13,24,-588245/18345885696
R3*R10*R13,26,2941225/293534171136
R3*R10*R14,24,-823543/220150628352
R3*R10*R14,26,4117715/1761205026816
R3*R10*R15,26,5764801/26418075402240
R3*R10*R15,28,-5764801/42268920643584
R3*R11^2,20,-16807/573308928
R3*R11^2,22,789929/3439853568
R3*R11^2,24,-7546343/110075314176
R3*R11*R12,22,117649/6115295232
R3*R11*R12,24,-39647713/660451885056
R3*R11*R12,26,52824401/10567230160896
R3*R11*R13,24,-823543/165112971264
R3*R11*R13,26,4117715/1320903770112
R3*R11*R14,26,5764801/7925422620672
R3*R11*R15,28,-40353607/951050714480640
R3*R12^2,24,-823543/660451885056
R3*R12^2,26,823543/260919263232
R3*R12*R13,26,5764801/15850845241344
R3*R12*R13,28,-28824005/126806761930752
R3*R12*R14,28,-40353607/760840571584512
R3*R12*R15,30,282475249/91300868590141440
R4^2*R5,10,1
R4^2*R6,10,5/2
R4^2*R6,12,-47/48
R4^2*R7,10,11/4
R4^2*R7,12,-23/8
R4^2*R7,14,85/256
R4^2*R8,10,5/3
R4^2*R8,12,-623/192
R4^2*R8,14,761/576
R4^2*R8,16,-475/12288
R4^2*R9,10,7/12
R4^2*R9,12,-289/144
R4^2*R9,14,409/256
R4^2*R9,16,-2695/9216
R4^2*R10,10,9/80
R4^2*R10,12,-139/192
R4^2*R10,14,589/576
R4^2*R10,16,-5245/12288
R4^2*R10,18,15875/589824
R4^2*R11,10,1/96
R4^2*R11,12,-29/192
R4^2*R11,14,97/256
R4^2*R11,16,-11987/41472
R4^2*R11,18,231235/3538944
R4^2*R12,10,1/2880
R4^2*R12,12,-73/4608
R4^2*R12,14,577/6912
R4^2*R12,16,-74153/663552
R4^2*R12,18,3137153/63700992
R4^2*R12,20,-279425/56623104
R4^2*R13,12,-7/11520
R4^2*R13,14,91/9216
R4^2*R13,16,-1855/73728
R4^2*R13,18,4025/196608
R4^2*R13,20,-16625/3145728
R4^2*R14,14,49/110592
R4^2*R14,16,-539/165888
R4^2*R14,18,4165/884736
R4^2*R14,20,-295715/127401984
R4^2*R14,22,1375675/4076863488
R4^2*R15,16,-343/1990656
R4^2*R15,18,6517/10616832
R4^2*R15,20,-69629/119439360
R4^2*R15,22,1019053/6115295232
R4^2*R16,18,2401/63700992
R4^2*R16,20,-12005/169869312
R4^2*R16,22,60025/1358954496
R4^2*R16,24,-300125/32614907904
R4^2*R17,20,-16807/3822059520
R4^2*R17,22,16807/3057647616
R4^2*R17,24,-84035/48922361856
R4^2*R18,22,117649/550376570880
R4^2*R18,24,-117649/440301256704
R4^2*R18,26,588245/7044820107264
R4*R5^2,10,5/2
R4*R5^2,12,-47/48
R4*R5*R6,10,35/6
R4*R5*R6,12,-23/4
R4*R5*R6,14,767/1152
R4*R5*R7,10,7/2
R4*R5*R7,12,-15/2
R4*R5*R7,14,329/128
R4*R5*R7,16,-5/64
R4*R5*R8,10,9/8
R4*R5*R8,12,-2857/576
R4*R5*R8,14,17845/4608
R4*R5*R8,16,-58603/110592
R4*R5*R9,10,1/6
R4*R5*R9,12,-65/36
R4*R5*R9,14,5027/1728
R4*R5*R9,16,-82577/82944
R4*R5*R9,18,1195/27648
R4*R5*R10,10,1/120
R4*R5*R10,12,-319/960
R4*R5*R10,14,5447/4608
R4*R5*R10,16,-100091/110592
R4*R5*R10,18,3475/27648
R4*R5*R11,12,-7/288
R4*R5*R11,14,301/1152
R4*R5*R11,16,-22841/55296
R4*R5*R11,18,311185/1990656
R4*R5*R11,20,-15715/2654208
R4*R5*R12,12,-7/17280
R4*R5*R12,14,175/6912
R4*R5*R12,16,-2933/27648
R4*R5*R12,18,681163/7962624
R4*R5*R12,20,-5057297/382205952
R4*R5*R13,14,49/69120
R4*R5*R13,16,-4361/331776
R4*R5*R13,18,65023/2654208
R4*R5*R13,20,-686735/63700992
R4*R5*R13,22,8575/31850496
R4*R5*R14,16,-343/663552
R4*R5*R14,18,60025/15925248
R4*R5*R14,20,-438011/127401984
R4*R5*R14,22,2118025/3057647616
R4*R5*R15,18,2401/11943936
R4*R5*R15,20,-290521/477757440
R4*R5*R15,22,3642317/11466178560
R4*R5*R15,24,-16807/4586471424
R4*R5*R16,20,-16807/382205952
R4*R5*R16,22,84035/1528823808
R4*R5*R16,24,-420175/24461180928
R4*R5*R17,22,117649/22932357120
R4*R5*R17,24,-117649/36691771392
R4*R5*R18,24,-823543/3302259425280
R4*R5*R18,26,823543/5283615080448
R4*R6^2,10,43/24
R4*R6^2,12,-2231/576
R4*R6^2,14,5923/4608
R4*R6^2,16,-1445/36864
R4*R6*R7,10,5/4
R4*R6*R7,12,-161/32
R4*R6*R7,14,9785/2304
R4*R6*R7,16,-3251/6144
R4*R6*R8,10,35/144
R4*R6*R8,12,-355/192
R4*R6*R8,14,42175/13824
R4*R6*R8,16,-4923/4096
R4*R6*R8,18,8425/196608
R4*R6*R9,10,1/36
R4*R6*R9,12,-311/864
R4*R6*R9,14,2071/1728
R4*R6*R9,16,-173813/165888
R4*R6*R9,18,698323/3981312
R4*R6*R10,10,1/720
R4*R6*R10,12,-7/180
R4*R6*R10,14,17099/69120
R4*R6*R10,16,-24595/55296
R4*R6*R10,18,1171157/5308416
R4*R6*R10,20,-109025/10616832
R4*R6*R11,12,-7/3456
R4*R6*R11,14,77/3072
R4*R6*R11,16,-204785/1990656
R4*R6*R11,18,559195/5308416
R4*R6*R11,20,-1720957/63700992
R4*R6*R12,14,343/276480
R4*R6*R12,16,-10535/995328
R4*R6*R12,18,1314425/47775744
R4*R6*R12,20,-1626947/95551488
R4*R6*R12,22,8623265/6115295232
R4*R6*R13,16,-4459/9953280
R4*R6*R13,18,5831/1769472
R4*R6*R13,20,-1831277/382205952
R4*R6*R13,22,5554885/3057647616
R4*R6*R14,18,12005/95551488
R4*R6*R14,20,-549829/764411904
R4*R6*R14,22,10513979/18345885696
R4*R6*R14,24,-13481615/146767085568
R4*R6*R15,20,-184877/5733089280
R4*R6*R15,22,4521083/45864714240
R4*R6*R15,24,-13899389/275188285440
R4*R6*R16,22,117649/18345885696
R4*R6*R16,24,-588245/73383542784
R4*R6*R16,26,2941225/1174136684544
R4*R6*R17,24,-823543/1100753141760
R4*R6*R17,26,823543/1761205026816
R4*R6*R18,26,5764801/158508452413440
R4*R6*R18,28,-5764801/253613523861504
R4*R7^2,10,1/8
R4*R7^2,12,-63/64
R4*R7^2,14,2329/1536
R4*R7^2,16,-7715/12288
R4*R7^2,18,175/8192
R4*R7*R8,10,1/48
R4*R7*R8,12,-125/288
R4*R7*R8,14,2981/2304
R4*R7*R8,16,-6985/6912
R4*R7*R8,18,346375/1769472
R4*R7*R9,12,-7/144
R4*R7*R9,14,1057/3456
R4*R7*R9,16,-25585/55296
R4*R7*R9,18,68747/331776
R4*R7*R9,20,-15085/1179648
R4*R7*R10,12,-7/5760
R4*R7*R10,14,21/512
R4*R7*R10,16,-1435/12288
R4*R7*R10,18,29225/294912
R4*R7*R10,20,-41125/1572864
R4*R7*R11,14,49/27648
R4*R7*R11,16,-1421/82944
R4*R7*R11,18,13573/497664
R4*R7*R11,20,-426055/31850496
R4*R7*R11,22,550025/339738624
R4*R7*R12,16,-343/331776
R4*R7*R12,18,63455/15925248
R4*R7*R12,20,-386561/95551488
R4*R7*R12,22,3743845/3057647616
R4*R7*R13,18,2401/7962624
R4*R7*R13,20,-12005/21233664
R4*R7*R13,22,60025/169869312
R4*R7*R13,24,-300125/4076863488
R4*R7*R14,20,-16807/382205952
R4*R7*R14,22,84035/1528823808
R4*R7*R14,24,-420175/24461180928
R4*R7*R15,22,117649/45864714240
R4*R7*R15,24,-117649/36691771392
R4*R7*R15,26,588245/587068342272
R4*R8^2,10,1/1152
R4*R8^2,12,-59/3072
R4*R8^2,14,2017/12288
R4*R8^2,16,-222553/884736
R4*R8^2,18,4175141/42467328
R4*R8^2,20,-2264645/339738624
R4*R8*R9,12,-7/3456
R4*R8*R9,14,329/9216
R4*R8*R9,16,-270935/1990656
R4*R8*R9,18,624169/5308416
R4*R8*R9,20,-2127377/95551488
R4*R8*R10,14,343/276480
R4*R8*R10,16,-1421/73728
R4*R8*R10,18,182231/5308416
R4*R8*R10,20,-686735/42467328
R4*R8*R10,22,824425/679477248
R4*R8*R11,16,-343/497664
R4*R8*R11,18,12005/1990656
R4*R8*R11,20,-90209/15925248
R4*R8*R11,22,866075/764411904
R4*R8*R12,18,60025/191102976
R4*R8*R12,20,-1639883/1528823808
R4*R8*R12,22,7551145/12230590464
R4*R8*R12,24,-8079365/293534171136
R4*R8*R13,20,-16807/191102976
R4*R8*R13,22,84035/764411904
R4*R8*R13,24,-420175/12230590464
R4*R8*R14,22,117649/9172942848
R4*R8*R14,24,-588245/73383542784
R4*R8*R15,24,-823543/1100753141760
R4*R8*R15,26,823543/1761205026816
R4*R9^2,14,49/41472
R4*R9^2,16,-7889/995328
R4*R9^2,18,210455/11943936
R4*R9^2,20,-947611/95551488
R4*R9^2,22,409885/764411904
R4*R9*R10,16,-10633/9953280
R4*R9*R10,18,26411/5308416
R4*R9*R10,20,-739165/127401984
R4*R9*R10,22,660275/339738624
R4*R9*R11,18,12005/47775744
R4*R9*R11,20,-45619/42467328
R4*R9*R11,22,19949909/27518828544
R4*R9*R11,24,-5390245/73383542784
R4*R9*R12,20,-16807/382205952
R4*R9*R12,22,3848803/27518828544
R4*R9*R12,24,-24017203/330225942528
R4*R9*R13,22,117649/13759414272
R4*R9*R13,24,-588245/55037657088
R4*R9*R13,26,2941225/880602513408
R4*R9*R14,24,-823543/660451885056
R4*R9*R14,26,4117715/5283615080448
R4*R9*R15,26,5764801/79254226206720
R4*R9*R15,28,-5764801/126806761930752
R4*R10^2,18,2401/10616832
R4*R10^2,20,-12005/28311552
R4*R10^2,22,60025/226492416
R4*R10^2,24,-300125/5435817984
R4*R10*R11,20,-16807/191102976
R4*R10*R11,22,84035/764411904
R4*R10*R11,24,-420175/12230590464
R4*R10*R12,22,117649/18345885696
R4*R10*R12,24,-588245/73383542784
R4*R10*R12,26,2941225/1174136684544
R4*R11^2,22,117649/13759414272
R4*R11^2,24,-588245/110075314176
R4*R11*R12,24,-823543/660451885056
R4*R11*R12,26,4117715/5283615080448
R4*R12^2,26,5764801/126806761930752
R4*R12^2,28,-28824005/1014454095446016
R5^3,10,1
R5^3,12,-23/24
R5^3,14,1/9
R5^2*R6,10,11/6
R5^2*R6,12,-595/144
R5^2*R6,14,1439/1152
R5^2*R6,16,-17/432
R5^2*R7,10,1/2
R5^2*R7,12,-145/48
R5^2*R7,14,1267/576
R5^2*R7,16,-137/576
R5^2*R8,10,1/24
R5^2*R8,12,-13/12
R5^2*R8,14,27043/13824
R5^2*R8,16,-10055/18432
R5^2*R8,18,673/41472
R5^2*R9,12,-7/48
R5^2*R9,14,1561/1728
R5^2*R9,16,-2149/3456
R5^2*R9,18,3605/62208
R5^2*R10,12,-7/1440
R5^2*R10,14,1001/5760
R5^2*R10,16,-3451/9216
R5^2*R10,18,128485/1327104
R5^2*R10,20,-245/165888
R5^2*R11,14,49/4608
R5^2*R11,16,-16709/165888
R5^2*R11,18,213199/2654208
R5^2*R11,20,-71491/11943936
R5^2*R12,14,49/414720
R5^2*R12,16,-6223/663552
R5^2*R12,18,497497/15925248
R5^2*R12,20,-3082247/382205952
R5^2*R12,22,2401/71663616
R5^2*R13,16,-343/1658880
R5^2*R13,18,8575/1990656
R5^2*R13,20,-107359/21233664
R5^2*R13,22,12005/47775744
R5^2*R14,18,2401/15925248
R5^2*R14,20,-69629/63700992
R5^2*R14,22,1078049/3057647616
R5^2*R15,20,-16807/286654464
R5^2*R15,22,3344593/22932357120
R5^2*R15,24,-117649/34398535680
R5^2*R16,22,117649/9172942848
R5^2*R16,24,-588245/73383542784
R5^2*R17,24,-823543/550376570880
R5^2*R18,26,5764801/79254226206720
R5*R6^2,10,19/36
R5*R6^2,12,-293/96
R5*R6^2,14,15977/6912
R5*R6^2,16,-13145/55296
R5*R6*R7,10,1/6
R5*R6*R7,12,-301/144
R5*R6*R7,14,793/192
R5*R6*R7,16,-17281/13824
R5*R6*R7,18,889/27648
R5*R6*R8,10,1/72
R5*R6*R8,12,-73/216
R5*R6*R8,14,8135/4608
R5*R6*R8,16,-238201/165888
R5*R6*R8,18,104785/663552
R5*R6*R9,12,-7/216
R5*R6*R9,14,203/648
R5*R6*R9,16,-201103/248832
R5*R6*R9,18,22015/82944
R5*R6*R9,20,-10241/1492992
R5*R6*R10,12,-7/8640
R5*R6*R10,14,259/8640
R5*R6*R10,16,-291067/1658880
R5*R6*R10,18,139811/663552
R5*R6*R10,20,-764449/31850496
R5*R6*R11,14,49/41472
R5*R6*R11,16,-16219/995328
R5*R6*R11,18,1510229/23887872
R5*R6*R11,20,-5712469/191102976
R5*R6*R11,22,154007/191102976
R5*R6*R12,16,-2401/3317760
R5*R6*R12,18,306985/47775744
R5*R6*R12,20,-16217383/1146617856
R5*R6*R12,22,5985007/3057647616
R5*R6*R13,18,31213/119439360
R5*R6*R13,20,-184877/95551488
R5*R6*R13,22,8079365/4586471424
R5*R6*R13,24,-84035/2293235712
R5*R6*R14,20,-84035/1146617856
R5*R6*R14,22,1831963/4586471424
R5*R6*R14,24,-20756645/220150628352
R5*R6*R15,22,1294139/68797071360
R5*R6*R15,24,-26000429/550376570880
R5*R6*R15,26,823543/1651129712640
R5*R6*R16,24,-823543/220150628352
R5*R6*R16,26,4117715/1761205026816
R5*R6*R17,26,5764801/13209037701120
R5*R6*R18,28,-40353607/1902101428961280
R5*R7^2,12,-7/32
R5*R7^2,14,2023/2304
R5*R7^2,16,-13153/18432
R5*R7^2,18,12565/147456
R5*R7*R8,12,-7/288
R5*R7*R8,14,1463/3456
R5*R7*R8,16,-42959/55296
R5*R7*R8,18,43169/165888
R5*R7*R8,20,-23555/2654208
R5*R7*R9,14,49/1152
R5*R7*R9,16,-2891/13824
R5*R7*R9,18,388129/1990656
R5*R7*R9,20,-93149/3981312
R5*R7*R10,14,49/69120
R5*R7*R10,16,-3283/110592
R5*R7*R10,18,17591/294912
R5*R7*R10,20,-576485/21233664
R5*R7*R10,22,8575/10616832
R5*R7*R11,16,-343/331776
R5*R7*R11,18,84035/7962624
R5*R7*R11,20,-2010323/191102976
R5*R7*R11,22,2694265/1528823808
R5*R7*R12,18,2401/3981312
R5*R7*R12,20,-2401/1179648
R5*R7*R12,22,2696323/2293235712
R5*R7*R12,24,-84035/4586471424
R5*R7*R13,20,-16807/95551488
R5*R7*R13,22,84035/382205952
R5*R7*R13,24,-420175/6115295232
R5*R7*R14,22,117649/4586471424
R5*R7*R14,24,-588245/36691771392
R5*R7*R15,24,-823543/550376570880
R5*R7*R15,26,823543/880602513408
R5*R8^2,12,-7/13824
R5*R8^2,14,133/9216
R5*R8^2,16,-55811/442368
R5*R8^2,18,515683/5308416
R5*R8^2,20,-5281031/509607936
R5*R8*R9,14,49/41472
R5*R8*R9,16,-24451/995328
R5*R8*R9,18,1930061/23887872
R5*R8*R9,20,-5014121/191102976
R5*R8*R9,22,230839/573308928
R5*R8*R10,16,-2401/3317760
R5*R8*R10,18,22295/1769472
R5*R8*R10,20,-1778455/127401984
R5*R8*R10,22,512785/339738624
R5*R8*R11,18,2401/5971968
R5*R8*R11,20,-2401/663552
R5*R8*R11,22,448987/382205952
R5*R8*R12,20,-420175/2293235712
R5*R8*R12,22,4924451/9172942848
R5*R8*R12,24,-5025293/146767085568
R5*R8*R13,22,117649/2293235712
R5*R8*R13,24,-588245/18345885696
R5*R8*R14,24,-823543/110075314176
R5*R8*R15,26,5764801/13209037701120
R5*R9^2,16,-343/497664
R5*R9^2,18,1715/373248
R5*R9^2,20,-310415/35831808
R5*R9^2,22,6096139/6879707136
R5*R9*R10,18,74431/119439360
R5*R9*R10,20,-256907/95551488
R5*R9*R10,22,319333/169869312
R5*R9*R10,24,-84035/2293235712
R5*R9*R11,20,-84035/573308928
R5*R9*R11,22,3916031/6879707136
R5*R9*R11,24,-26403797/330225942528
R5*R9*R12,22,117649/4586471424
R5*R9*R12,24,-22470959/330225942528
R5*R9*R12,26,823543/990677827584
R5*R9*R13,24,-823543/165112971264
R5*R9*R13,26,4117715/1320903770112
R5*R9*R14,26,5764801/7925422620672
R5*R9*R15,28,-40353607/951050714480640
R5*R10^2,20,-16807/127401984
R5*R10^2,22,84035/509607936
R5*R10^2,24,-420175/8153726976
R5*R10*R11,22,117649/2293235712
R5*R10*R11,24,-588245/18345885696
R5*R10*R12,24,-823543/220150628352
R5*R10*R12,26,4117715/1761205026816
R5*R11^2,24,-823543/165112971264
R5*R11*R12,26,5764801/7925422620672
R5*R12^2,28,-40353607/1521681143169024
R6^3,10,1/24
R6^3,12,-539/1728
R6^3,14,1679/2304
R6^3,16,-24979/110592
R6^3,18,14161/2654208
R6^2*R7,10,1/72
R6^2*R7,12,-115/576
R6^2*R7,14,3643/4608
R6^2*R7,16,-92431/110592
R6^2*R7,18,127519/1327104
R6^2*R8,10,1/864
R6^2*R8,12,-1/48
R6^2*R8,14,12461/82944
R6^2*R8,16,-267509/663552
R6^2*R8,18,1891639/10616832
R6^2*R8,20,-651847/127401984
R6^2*R9,12,-7/5184
R6^2*R9,14,329/20736
R6^2*R9,16,-8239/110592
R6^2*R9,18,766633/5971968
R6^2*R9,20,-8771/442368
R6^2*R10,14,49/69120
R6^2*R10,16,-4361/552960
R6^2*R10,18,446635/15925248
R6^2*R10,20,-1553839/63700992
R6^2*R10,22,2749145/3057647616
R6^2*R11,16,-1715/5971968
R6^2*R11,18,265825/95551488
R6^2*R11,20,-752885/95551488
R6^2*R11,22,45253705/18345885696
R6^2*R12,18,319333/2866544640
R6^2*R12,20,-1198099/1528823808
R6^2*R12,22,53448661/36691771392
R6^2*R12,24,-88508063/880602513408
R6^2*R13,20,-386561/11466178560
R6^2*R13,22,218491/1146617856
R6^2*R13,24,-65765791/440301256704
R6^2*R14,22,823543/110075314176
R6^2*R14,24,-15412019/440301256704
R6^2*R14,26,132119827/21134460321792
R6^2*R15,24,-823543/550376570880
R6^2*R15,26,823543/217432719360
R6^2*R16,26,5764801/21134460321792
R6^2*R16,28,-28824005/169075682574336
R6^2*R17,28,-40353607/1268067619307520
R6^2*R18,30,282475249/182601737180282880
R6*R7^2,12,-7/288
R6*R7^2,14,49/256
R6*R7^2,16,-39907/110592
R6*R7^2,18,3367/18432
R6*R7^2,20,-41405/7077888
R6*R7*R8,12,-7/3456
R6*R7*R8,14,1085/27648
R6*R7*R8,16,-130459/663552
R6*R7*R8,18,1150135/5308416
R6*R7*R8,20,-296219/7077888
R6*R7*R9,14,49/20736
R6*R7*R9,16,-10633/497664
R6*R7*R9,18,60515/995328
R6*R7*R9,20,-334523/7962624
R6*R7*R9,22,767291/382205952
R6*R7*R10,16,-3773/3317760
R6*R7*R10,18,44933/5308416
R6*R7*R10,20,-1574027/127401984
R6*R7*R10,22,4783135/1019215872
R6*R7*R11,18,16807/47775744
R6*R7*R11,20,-847553/382205952
R6*R7*R11,22,1855973/1019215872
R6*R7*R11,24,-5390245/24461180928
R6*R7*R12,20,-117649/1146617856
R6*R7*R12,22,117649/339738624
R6*R7*R12,24,-588245/3057647616
R6*R7*R13,22,117649/4586471424
R6*R7*R13,24,-588245/18345885696
R6*R7*R13,26,2941225/293534171136
R6*R7*R14,24,-823543/220150628352
R6*R7*R14,26,4117715/1761205026816
R6*R7*R15,26,5764801/26418075402240
R6*R7*R15,28,-5764801/42268920643584
R6*R8^2,14,49/73728
R6*R8^2,16,-4459/442368
R6*R8^2,18,2578331/63700992
R6*R8^2,20,-4684841/254803968
R6*R8^2,22,22193521/24461180928
R6*R8*R9,16,-343/373248
R6*R8*R9,18,389305/47775744
R6*R8*R9,20,-11009957/573308928
R6*R8*R9,22,1263955/339738624
R6*R8*R10,18,2401/5898240
R6*R8*R10,20,-242501/84934656
R6*R8*R10,22,15080681/6115295232
R6*R8*R10,24,-8079365/48922361856
R6*R8*R11,20,-16807/143327232
R6*R8*R11,22,789929/1146617856
R6*R8*R11,24,-8487535/55037657088
R6*R8*R12,22,3411821/110075314176
R6*R8*R12,24,-39647713/440301256704
R6*R8*R12,26,79177777/21134460321792
R6*R8*R13,24,-823543/110075314176
R6*R8*R13,26,4117715/880602513408
R6*R8*R14,26,5764801/5283615080448
R6*R8*R15,28,-40353607/634033809653760
R6*R9^2,18,12005/71663616
R6*R9^2,20,-74431/71663616
R6*R9^2,22,905177/509607936
R6*R9^2,24,-26101271/330225942528
R6*R9*R10,20,-689087/5733089280
R6*R9*R10,22,1126069/2293235712
R6*R9*R10,24,-69564173/220150628352
R6*R9*R11,22,2235331/82556485632
R6*R9*R11,24,-32588773/330225942528
R6*R9*R11,26,52824401/5283615080448
R6*R9*R12,24,-4117715/990677827584
R6*R9*R12,26,58471553/5283615080448
R6*R9*R13,26,5764801/7925422620672
R6*R9*R13,28,-28824005/63403380965376
R6*R9*R14,28,-40353607/380420285792256
R6*R9*R15,30,282475249/45650434295070720
R6*R10^2,22,117649/6115295232
R6*R10^2,24,-588245/24461180928
R6*R10^2,26,2941225/391378894848
R6*R10*R11,24,-823543/110075314176
R6*R10*R11,26,4117715/880602513408
R6*R10*R12,26,5764801/10567230160896
R6*R10*R12,28,-28824005/84537841287168
R6*R11^2,26,5764801/7925422620672
R6*R11*R12,28,-40353607/380420285792256
R6*R12^2,30,282475249/73040694872113152
R7^3,14,49/4608
R7^3,16,-1225/36864
R7^3,18,8575/294912
R7^3,20,-6125/786432
R7^2*R8,14,49/55296
R7^2*R8,16,-931/55296
R7^2*R8,18,10241/331776
R7^2*R8,20,-315805/21233664
R7^2*R8,22,824425/679477248
R7^2*R9,16,-343/331776
R7^2*R9,18,18865/3981312
R7^2*R9,20,-348145/63700992
R7^2*R9,22,8575/4718592
R7^2*R10,18,2401/5308416
R7^2*R10,20,-12005/14155776
R7^2*R10,22,60025/113246208
R7^2*R10,24,-300125/2717908992
R7^2*R11,20,-16807/191102976
R7^2*R11,22,84035/764411904
R7^2*R11,24,-420175/12230590464
R7^2*R12,22,117649/18345885696
R7^2*R12,24,-588245/73383542784
R7^2*R12,26,2941225/1174136684544
R7*R8^2,16,-343/663552
R7*R8^2,18,12005/1769472
R7*R8^2,20,-889399/127401984
R7*R8^2,22,1154195/1019215872
R7*R8*R9,18,31213/47775744
R7*R8*R9,20,-1063643/382205952
R7*R8*R9,22,17246383/9172942848
R7*R8*R9,24,-8079365/73383542784
R7*R8*R10,20,-16807/63700992
R7*R8*R10,22,84035/254803968
R7*R8*R10,24,-420175/4076863488
R7*R8*R11,22,117649/2293235712
R7*R8*R11,24,-588245/18345885696
R7*R8*R12,24,-823543/220150628352
R7*R8*R12,26,4117715/1761205026816
R7*R9^2,20,-16807/286654464
R7*R9^2,22,2840383/13759414272
R7*R9^2,24,-1428595/12230590464
R7*R9*R10,22,117649/4586471424
R7*R9*R10,24,-588245/18345885696
R7*R9*R10,26,2941225/293534171136
R7*R9*R11,24,-823543/165112971264
R7*R9*R11,26,4117715/1320903770112
R7*R9*R12,26,5764801/15850845241344
R7*R9*R12,28,-28824005/126806761930752
R8^3,18,2401/31850496
R8^3,20,-103243/127401984
R8^3,22,1615873/6115295232
R8^2*R9,20,-117649/1146617856
R8^2*R9,22,1831963/4586471424
R8^2*R9,24,-11311111/220150628352
R8^2*R10,22,117649/3057647616
R8^2*R10,24,-588245/24461180928
R8^2*R11,24,-823543/110075314176
R8^2*R12,26,5764801/10567230160896
R8*R9^2,22,2941225/165112971264
R8*R9^2,24,-36118243/660451885056
R8*R9^2,26,79177777/31701690482688
R8*R9*R10,24,-823543/110075314176
R8*R9*R10,26,4117715/880602513408
R8*R9*R11,26,5764801/3962711310336
R8*R9*R12,28,-40353607/380420285792256
R9^3,24,-823543/990677827584
R9^3,26,9058973/3962711310336
R9^2*R10,26,5764801/15850845241344
R9^2*R10,28,-28824005/126806761930752
R9^2*R11,28,-40353607/570630428688384
R9^2*R12,30,282475249/54780521154084864
R2^3*R8,10,-1
R2^3*R9,10,-3
R2^3*R9,12,5/12
R2^3*R10,10,-5/2
R2^3*R10,12,33/16
R2^3*R11,10,-5/6
R2^3*R11,12,115/48
R2^3*R11,14,-101/288
R2^3*R12,10,-1/8
R2^3*R12,12,295/288
R2^3*R12,14,-3515/4608
R2^3*R13,10,-1/120
R2^3*R13,12,3/16
R2^3*R13,14,-2173/4608
R2^3*R13,16,4463/55296
R2^3*R14,10,-1/5040
R2^3*R14,12,17/1152
R2^3*R14,14,-3109/27648
R2^3*R14,16,63953/663552
R2^3*R15,12,7/17280
R2^3*R15,14,-301/27648
R2^3*R15,16,2485/73728
R2^3*R15,18,-117509/15925248
R2^3*R16,14,-49/138240
R2^3*R16,16,1421/331776
R2^3*R16,18,-26803/5308416
R2^3*R17,16,343/1990656
R2^3*R17,18,-3773/3981312
R2^3*R17,20,115591/382205952
R2^3*R18,18,-2401/47775744
R2^3*R18,20,213689/1911029760
R2^3*R19,20,16807/1911029760
R2^3*R19,22,-16807/3057647616
R2^3*R20,22,-117649/137594142720
R2^3*R21,24,117649/3302259425280
R2^2*R3*R7,10,-3
R2^2*R3*R8,10,-15/2
R2^2*R3*R8,12,33/16
R2^2*R3*R9,10,-5
R2^2*R3*R9,12,61/8
R2^2*R3*R9,14,-35/96
R2^2*R3*R10,10,-5/4
R2^2*R3*R10,12,55/8
R2^2*R3*R10,14,-2021/768
R2^2*R3*R11,10,-1/8
R2^2*R3*R11,12,215/96
R2^2*R3*R11,14,-5465/1536
R2^2*R3*R11,16,707/2304
R2^2*R3*R12,10,-1/240
R2^2*R3*R12,12,113/384
R2^2*R3*R12,14,-14563/9216
R2^2*R3*R12,16,20129/24576
R2^2*R3*R13,12,7/480
R2^2*R3*R13,14,-35/128
R2^2*R3*R13,16,15211/27648
R2^2*R3*R13,18,-31241/442368
R2^2*R3*R14,12,1/5760
R2^2*R3*R14,14,-7/384
R2^2*R3*R14,16,1071/8192
R2^2*R3*R14,18,-83783/884736
R2^2*R3*R15,14,-49/138240
R2^2*R3*R15,16,7693/663552
R2^2*R3*R15,18,-181937/5308416
R2^2*R3*R15,20,822563/127401984
R2^2*R3*R16,16,343/1105920
R2^2*R3*R16,18,-22295/5308416
R2^2*R3*R16,20,33271/7077888
R2^2*R3*R17,18,-2401/15925248
R2^2*R3*R17,20,31213/35389440
R2^2*R3*R17,22,-809137/3057647616
R2^2*R3*R18,20,16807/382205952
R2^2*R3*R18,22,-2302559/22932357120
R2^2*R3*R19,22,-117649/15288238080
R2^2*R3*R19,24,117649/24461180928
R2^2*R3*R20,24,823543/1100753141760
R2^2*R3*R21,26,-823543/26418075402240
R2^2*R4*R6,10,-3
R2^2*R4*R7,10,-15/2
R2^2*R4*R7,12,33/16
R2^2*R4*R8,10,-27/4
R2^2*R4*R8,12,109/16
R2^2*R4*R8,14,-95/256
R2^2*R4*R9,10,-3
R2^2*R4*R9,12,109/16
R2^2*R4*R9,14,-839/384
R2^2*R4*R10,10,-13/20
R2^2*R4*R10,12,213/64
R2^2*R4*R10,14,-2087/768
R2^2*R4*R10,16,3175/12288
R2^2*R4*R11,10,-1/16
R2^2*R4*R11,12,319/384
R2^2*R4*R11,14,-4507/3072
R2^2*R4*R11,16,39961/73728
R2^2*R4*R12,10,-1/480
R2^2*R4*R12,12,3/32
R2^2*R4*R12,14,-485/1152
R2^2*R4*R12,16,37801/110592
R2^2*R4*R12,18,-55885/1179648
R2^2*R4*R13,12,7/1920
R2^2*R4*R13,14,-175/3072
R2^2*R4*R13,16,24143/221184
R2^2*R4*R13,18,-82915/1769472
R2^2*R4*R14,14,-49/18432
R2^2*R4*R14,16,7889/442368
R2^2*R4*R14,18,-171941/10616832
R2^2*R4*R14,20,275135/84934656
R2^2*R4*R15,16,343/331776
R2^2*R4*R15,18,-16121/5308416
R2^2*R4*R15,20,985439/637009920
R2^2*R4*R16,18,-2401/10616832
R2^2*R4*R16,20,12005/42467328
R2^2*R4*R16,22,-60025/679477248
R2^2*R4*R17,20,16807/637009920
R2^2*R4*R17,22,-16807/1019215872
R2^2*R4*R18,22,-117649/91729428480
R2^2*R4*R18,24,117649/146767085568
R2^2*R5^2,10,-3/2
R2^2*R5*R6,10,-15/2
R2^2*R5*R6,12,33/16
R2^2*R5*R7,10,-15/2
R2^2*R5*R7,12,109/16
R2^2*R5*R7,14,-3/8
R2^2*R5*R8,10,-25/8
R2^2*R5*R8,12,269/32
R2^2*R5*R8,14,-1063/512
R2^2*R5*R9,10,-1/2
R2^2*R5*R9,12,217/48
R2^2*R5*R9,14,-435/128
R2^2*R5*R9,16,239/1152
R2^2*R5*R10,10,-1/40
R2^2*R5*R10,12,29/30
R2^2*R5*R10,14,-3791/1536
R2^2*R5*R10,16,323/576
R2^2*R5*R11,12,7/96
R2^2*R5*R11,14,-413/576
R2^2*R5*R11,16,33845/55296
R2^2*R5*R11,18,-3143/110592
R2^2*R5*R12,12,7/5760
R2^2*R5*R12,14,-77/1024
R2^2*R5*R12,16,57253/221184
R2^2*R5*R12,18,-110677/1769472
R2^2*R5*R13,14,-49/23040
R2^2*R5*R13,16,2107/55296
R2^2*R5*R13,18,-122255/2654208
R2^2*R5*R13,20,1715/1327104
R2^2*R5*R14,16,343/221184
R2^2*R5*R14,18,-1715/165888
R2^2*R5*R14,20,423605/127401984
R2^2*R5*R15,18,-2401/3981312
R2^2*R5*R15,20,2401/1658880
R2^2*R5*R15,22,-16807/955514880
R2^2*R5*R16,20,16807/127401984
R2^2*R5*R16,22,-84035/1019215872
R2^2*R5*R17,22,-117649/7644119040
R2^2*R5*R18,24,823543/1100753141760
R2^2*R6^2,10,-31/8
R2^2*R6^2,12,109/32
R2^2*R6^2,14,-289/1536
R2^2*R6*R7,10,-13/4
R2^2*R6*R7,12,9
R2^2*R6*R7,14,-1595/768
R2^2*R6*R8,10,-11/16
R2^2*R6*R8,12,1735/384
R2^2*R6*R8,14,-4015/1024
R2^2*R6*R8,16,1685/8192
R2^2*R6*R9,10,-1/12
R2^2*R6*R9,12,47/48
R2^2*R6*R9,14,-3031/1152
R2^2*R6*R9,16,41093/55296
R2^2*R6*R10,10,-1/240
R2^2*R6*R10,12,73/640
R2^2*R6*R10,14,-663/1024
R2^2*R6*R10,16,58157/73728
R2^2*R6*R10,18,-21805/442368
R2^2*R6*R11,12,7/1152
R2^2*R6*R11,14,-329/4608
R2^2*R6*R11,16,56791/221184
R2^2*R6*R11,18,-156695/1327104
R2^2*R6*R12,14,-343/92160
R2^2*R6*R12,16,39053/1327104
R2^2*R6*R12,18,-658609/10616832
R2^2*R6*R12,20,1724653/254803968
R2^2*R6*R13,16,4459/3317760
R2^2*R6*R13,18,-12005/1327104
R2^2*R6*R13,20,1043749/127401984
R2^2*R6*R14,18,-12005/31850496
R2^2*R6*R14,20,40817/21233664
R2^2*R6*R14,22,-2696323/6115295232
R2^2*R6*R15,20,184877/1911029760
R2^2*R6*R15,22,-1798349/7644119040
R2^2*R6*R16,22,-117649/6115295232
R2^2*R6*R16,24,588245/48922361856
R2^2*R6*R17,24,823543/366917713920
R2^2*R6*R18,26,-5764801/52836150804480
R2^2*R7^2,10,-3/8
R2^2*R7^2,12,73/32
R2^2*R7^2,14,-1039/512
R2^2*R7^2,16,105/1024
R2^2*R7*R8,10,-1/16
R2^2*R7*R8,12,157/128
R2^2*R7*R8,14,-7903/3072
R2^2*R7*R8,16,19951/24576
R2^2*R7*R9,12,7/48
R2^2*R7*R9,14,-301/384
R2^2*R7*R9,16,41041/55296
R2^2*R7*R9,18,-3017/49152
R2^2*R7*R10,12,7/1920
R2^2*R7*R10,14,-371/3072
R2^2*R7*R10,16,18893/73728
R2^2*R7*R10,18,-67165/589824
R2^2*R7*R11,14,-49/9216
R2^2*R7*R11,16,10633/221184
R2^2*R7*R11,18,-85211/1769472
R2^2*R7*R11,20,110005/14155776
R2^2*R7*R12,16,343/110592
R2^2*R7*R12,18,-53165/5308416
R2^2*R7*R12,20,238385/42467328
R2^2*R7*R13,18,-2401/2654208
R2^2*R7*R13,20,12005/10616832
R2^2*R7*R13,22,-60025/169869312
R2^2*R7*R14,20,16807/127401984
R2^2*R7*R14,22,-84035/1019215872
R2^2*R7*R15,22,-117649/15288238080
R2^2*R7*R15,24,117649/24461180928
R2^2*R8^2,10,-1/384
R2^2*R8^2,12,43/768
R2^2*R8^2,14,-16471/36864
R2^2*R8^2,16,53243/147456
R2^2*R8^2,18,-452929/14155776
R2^2*R8*R9,12,7/1152
R2^2*R8*R9,14,-119/1152
R2^2*R8*R9,16,24353/73728
R2^2*R8*R9,18,-268261/2654208
R2^2*R8*R10,14,-343/92160
R2^2*R8*R10,16,8183/147456
R2^2*R8*R10,18,-222509/3538944
R2^2*R8*R10,20,164885/28311552
R2^2*R8*R11,16,343/165888
R2^2*R8*R11,18,-22295/1327104
R2^2*R8*R11,20,173215/31850496
R2^2*R8*R12,18,-60025/63700992
R2^2*R8*R12,20,74431/28311552
R2^2*R8*R12,22,-1615873/12230590464
R2^2*R8*R13,20,16807/63700992
R2^2*R8*R13,22,-84035/509607936
R2^2*R8*R14,22,-117649/3057647616
R2^2*R8*R15,24,823543/366917713920
R2^2*R9^2,14,-49/13824
R2^2*R9^2,16,3577/165888
R2^2*R9^2,18,-25333/663552
R2^2*R9^2,20,81977/31850496
R2^2*R9*R10,16,10633/3317760
R2^2*R9*R10,18,-8575/663552
R2^2*R9*R10,20,1121267/127401984
R2^2*R9*R11,18,-12005/15925248
R2^2*R9*R11,20,175273/63700992
R2^2*R9*R11,22,-1078049/3057647616
R2^2*R9*R12,20,16807/127401984
R2^2*R9*R12,22,-386561/1146617856
R2^2*R9*R13,22,-117649/4586471424
R2^2*R9*R13,24,588245/36691771392
R2^2*R9*R14,24,823543/220150628352
R2^2*R9*R15,26,-5764801/26418075402240
R2^2*R10^2,18,-2401/3538944
R2^2*R10^2,20,12005/14155776
R2^2*R10^2,22,-60025/226492416
R2^2*R10*R11,20,16807/63700992
R2^2*R10*R11,22,-84035/509607936
R2^2*R10*R12,22,-117649/6115295232
R2^2*R10*R12,24,588245/48922361856
R2^2*R11^2,22,-117649/4586471424
R2^2*R11*R12,24,823543/220150628352
R2^2*R12^2,26,-5764801/42268920643584
R2*R3^2*R6,10,-3
R2*R3^2*R7,10,-6
R2*R3^2*R7,12,23/8
R2*R3^2*R8,10,-3
R2*R3^2*R8,12,33/4
R2*R3^2*R8,14,-91/96
R2*R3^2*R9,10,-1/2
R2*R3^2*R9,12,17/3
R2*R3^2*R9,14,-551/128
R2*R3^2*R9,16,245/2304
R2*R3^2*R10,10,-1/40
R2*R3^2*R10,12,127/96
R2*R3^2*R10,14,-6469/1536
R2*R3^2*R10,16,581/576
R2*R3^2*R11,12,7/64
R2*R3^2*R11,14,-1043/768
R2*R3^2*R11,16,57113/36864
R2*R3^2*R11,18,-4949/55296
R2*R3^2*R12,12,7/2880
R2*R3^2*R12,14,-371/2304
R2*R3^2*R12,16,2919/4096
R2*R3^2*R12,18,-125237/442368
R2*R3^2*R13,14,-49/7680
R2*R3^2*R13,16,6517/55296
R2*R3^2*R13,18,-542675/2654208
R2*R3^2*R13,20,218687/10616832
R2*R3^2*R14,14,-7/138240
R2*R3^2*R14,16,1519/221184
R2*R3^2*R14,18,-257299/5308416
R2*R3^2*R14,20,3904075/127401984
R2*R3^2*R15,16,343/3317760
R2*R3^2*R15,18,-63455/15925248
R2*R3^2*R15,20,7289779/637009920
R2*R3^2*R15,22,-5757941/3057647616
R2*R3^2*R16,18,-2401/26542080
R2*R3^2*R16,20,2401/1769472
R2*R3^2*R16,22,-1481417/1019215872
R2*R3^2*R17,20,16807/382205952
R2*R3^2*R17,22,-521017/1911029760
R2*R3^2*R17,24,5663959/73383542784
R2*R3^2*R18,22,-117649/9172942848
R2*R3^2*R18,24,33059369/1100753141760
R2*R3^2*R19,24,823543/366917713920
R2*R3^2*R19,26,-823543/587068342272
R2*R3^2*R20,26,-5764801/26418075402240
R2*R3^2*R21,28,5764801/634033809653760
R2*R3*R4*R5,10,-6
R2*R3*R4*R6,10,-12
R2*R3*R4*R6,12,23/4
R2*R3*R4*R7,10,-9
R2*R3*R4*R7,12,119/8
R2*R3*R4*R7,14,-61/32
R2*R3*R4*R8,10,-13/4
R2*R3*R4*R8,12,99/8
R2*R3*R4*R8,14,-5585/768
R2*R3*R4*R8,16,665/3072
R2*R3*R4*R9,10,-1/2
R2*R3*R4*R9,12,245/48
R2*R3*R4*R9,14,-911/128
R2*R3*R4*R9,16,15331/9216
R2*R3*R4*R10,10,-1/40
R2*R3*R4*R10,12,949/960
R2*R3*R4*R10,14,-1679/512
R2*R3*R4*R10,16,80711/36864
R2*R3*R4*R10,18,-22225/147456
R2*R3*R4*R11,12,7/96
R2*R3*R4*R11,14,-889/1152
R2*R3*R4*R11,16,62545/55296
R2*R3*R4*R11,18,-40859/110592
R2*R3*R4*R12,12,7/5760
R2*R3*R4*R12,14,-175/2304
R2*R3*R4*R12,16,8603/27648
R2*R3*R4*R12,18,-310373/1327104
R2*R3*R4*R12,20,391195/14155776
R2*R3*R4*R13,14,-49/23040
R2*R3*R4*R13,16,4361/110592
R2*R3*R4*R13,18,-189581/2654208
R2*R3*R4*R13,20,631855/21233664
R2*R3*R4*R14,16,343/221184
R2*R3*R4*R14,18,-60025/5308416
R2*R3*R4*R14,20,1275617/127401984
R2*R3*R4*R14,22,-1925945/1019215872
R2*R3*R4*R15,18,-2401/3981312
R2*R3*R4*R15,20,290521/159252480
R2*R3*R4*R15,22,-3575089/3822059520
R2*R3*R4*R16,20,16807/127401984
R2*R3*R4*R16,22,-84035/509607936
R2*R3*R4*R16,24,420175/8153726976
R2*R3*R4*R17,22,-117649/7644119040
R2*R3*R4*R17,24,117649/12230590464
R2*R3*R4*R18,24,823543/1100753141760
R2*R3*R4*R18,26,-823543/1761205026816
R2*R3*R5^2,10,-6
R2*R3*R5^2,12,23/8
R2*R3*R5*R6,10,-10
R2*R3*R5*R6,12,119/8
R2*R3*R5*R6,14,-367/192
R2*R3*R5*R7,10,-3
R2*R3*R5*R7,12,123/8
R2*R3*R5*R7,14,-677/96
R2*R3*R5*R7,16,7/32
R2*R3*R5*R8,10,-1/4
R2*R3*R5*R8,12,203/32
R2*R3*R5*R8,14,-2353/256
R2*R3*R5*R8,16,27707/18432
R2*R3*R5*R9,12,7/8
R2*R3*R5*R9,14,-329/64
R2*R3*R5*R9,16,36463/13824
R2*R3*R5*R9,18,-1673/13824
R2*R3*R5*R10,12,7/240
R2*R3*R5*R10,14,-2989/2880
R2*R3*R5*R10,16,18907/9216
R2*R3*R5*R10,18,-9779/27648
R2*R3*R5*R11,14,-49/768
R2*R3*R5*R11,16,16513/27648
R2*R3*R5*R11,18,-61201/147456
R2*R3*R5*R11,20,22001/1327104
R2*R3*R5*R12,14,-49/69120
R2*R3*R5*R12,16,6223/110592
R2*R3*R5*R12,18,-486521/2654208
R2*R3*R5*R12,20,2362633/63700992
R2*R3*R5*R13,16,343/276480
R2*R3*R5*R13,18,-8575/331776
R2*R3*R5*R13,20,927815/31850496
R2*R3*R5*R13,22,-12005/15925248
R2*R3*R5*R14,18,-2401/2654208
R2*R3*R5*R14,20,69629/10616832
R2*R3*R5*R14,22,-2965235/1528823808
R2*R3*R5*R15,20,16807/47775744
R2*R3*R5*R15,22,-3344593/3822059520
R2*R3*R5*R15,24,117649/11466178560
R2*R3*R5*R16,22,-117649/1528823808
R2*R3*R5*R16,24,588245/12230590464
R2*R3*R5*R17,24,823543/91729428480
R2*R3*R5*R18,26,-5764801/13209037701120
R2*R3*R6^2,10,-3/2
R2*R3*R6^2,12,773/96
R2*R3*R6^2,14,-677/192
R2*R3*R6^2,16,2023/18432
R2*R3*R6*R7,10,-1/2
R2*R3*R6*R7,12,143/24
R2*R3*R6*R7,14,-1317/128
R2*R3*R6*R7,16,1729/1152
R2*R3*R6*R8,10,-1/24
R2*R3*R6*R8,12,1
R2*R3*R6*R8,14,-2905/576
R2*R3*R6*R8,16,9943/3072
R2*R3*R6*R8,18,-11795/98304
R2*R3*R6*R9,12,7/72
R2*R3*R6*R9,14,-133/144
R2*R3*R6*R9,16,63329/27648
R2*R3*R6*R9,18,-328615/663552
R2*R3*R6*R10,12,7/2880
R2*R3*R6*R10,14,-259/2880
R2*R3*R6*R10,16,19117/36864
R2*R3*R6*R10,18,-256445/442368
R2*R3*R6*R10,20,152635/5308416
R2*R3*R6*R11,14,-49/13824
R2*R3*R6*R11,16,16219/331776
R2*R3*R6*R11,18,-55223/294912
R2*R3*R6*R11,20,4849481/63700992
R2*R3*R6*R12,16,2401/1105920
R2*R3*R6*R12,18,-306985/15925248
R2*R3*R6*R12,20,5316157/127401984
R2*R3*R6*R12,22,-12072571/3057647616
R2*R3*R6*R13,18,-31213/39813120
R2*R3*R6*R13,20,184877/31850496
R2*R3*R6*R13,22,-7810453/1528823808
R2*R3*R6*R14,20,84035/382205952
R2*R3*R6*R14,22,-1831963/1528823808
R2*R3*R6*R14,24,18874261/73383542784
R2*R3*R6*R15,22,-1294139/22932357120
R2*R3*R6*R15,24,26000429/183458856960
R2*R3*R6*R16,24,823543/73383542784
R2*R3*R6*R16,26,-4117715/587068342272
R2*R3*R6*R17,26,-5764801/4403012567040
R2*R3*R6*R18,28,40353607/634033809653760
R2*R3*R7^2,12,21/32
R2*R3*R7^2,14,-931/384
R2*R3*R7^2,16,10423/6144
R2*R3*R7^2,18,-245/4096
R2*R3*R7*R8,12,7/96
R2*R3*R7*R8,14,-161/128
R2*R3*R7*R8,16,38941/18432
R2*R3*R7*R8,18,-13601/24576
R2*R3*R7*R9,14,-49/384
R2*R3*R7*R9,16,8477/13824
R2*R3*R7*R9,18,-343/648
R2*R3*R7*R9,20,21119/589824
R2*R3*R7*R10,14,-49/23040
R2*R3*R7*R10,16,3283/36864
R2*R3*R7*R10,18,-152831/884736
R2*R3*R7*R10,20,521605/7077888
R2*R3*R7*R11,16,343/110592
R2*R3*R7*R11,18,-84035/2654208
R2*R3*R7*R11,20,644497/21233664
R2*R3*R7*R11,22,-770035/169869312
R2*R3*R7*R12,18,-2401/1327104
R2*R3*R7*R12,20,2401/393216
R2*R3*R7*R12,22,-876365/254803968
R2*R3*R7*R13,20,16807/31850496
R2*R3*R7*R13,22,-84035/127401984
R2*R3*R7*R13,24,420175/2038431744
R2*R3*R7*R14,22,-117649/1528823808
R2*R3*R7*R14,24,588245/12230590464
R2*R3*R7*R15,24,823543/183458856960
R2*R3*R7*R15,26,-823543/293534171136
R2*R3*R8^2,12,7/4608
R2*R3*R8^2,14,-133/3072
R2*R3*R8^2,16,165865/442368
R2*R3*R8^2,18,-438655/1769472
R2*R3*R8^2,20,3170503/169869312
R2*R3*R8*R9,14,-49/13824
R2*R3*R8*R9,16,24451/331776
R2*R3*R8*R9,18,-631463/2654208
R2*R3*R8*R9,20,1328831/21233664
R2*R3*R8*R10,16,2401/1105920
R2*R3*R8*R10,18,-22295/589824
R2*R3*R8*R10,20,1701623/42467328
R2*R3*R8*R10,22,-1154195/339738624
R2*R3*R8*R11,18,-2401/1990656
R2*R3*R8*R11,20,2401/221184
R2*R3*R8*R11,22,-1212505/382205952
R2*R3*R8*R12,20,420175/764411904
R2*R3*R8*R12,22,-4924451/3057647616
R2*R3*R8*R12,24,11311111/146767085568
R2*R3*R8*R13,22,-117649/764411904
R2*R3*R8*R13,24,588245/6115295232
R2*R3*R8*R14,24,823543/36691771392
R2*R3*R8*R15,26,-5764801/4403012567040
R2*R3*R9^2,16,343/165888
R2*R3*R9^2,18,-1715/124416
R2*R3*R9^2,20,3773/147456
R2*R3*R9^2,22,-573839/382205952
R2*R3*R9*R10,18,-74431/39813120
R2*R3*R9*R10,20,256907/31850496
R2*R3*R9*R10,22,-8353079/1528823808
R2*R3*R9*R11,20,84035/191102976
R2*R3*R9*R11,22,-3916031/2293235712
R2*R3*R9*R11,24,7546343/36691771392
R2*R3*R9*R12,22,-117649/1528823808
R2*R3*R9*R12,24,22470959/110075314176
R2*R3*R9*R13,24,823543/55037657088
R2*R3*R9*R13,26,-4117715/440301256704
R2*R3*R9*R14,26,-5764801/2641807540224
R2*R3*R9*R15,28,40353607/317016904826880
R2*R3*R10^2,20,16807/42467328
R2*R3*R10^2,22,-84035/169869312
R2*R3*R10^2,24,420175/2717908992
R2*R3*R10*R11,22,-117649/764411904
R2*R3*R10*R11,24,588245/6115295232
R2*R3*R10*R12,24,823543/73383542784
R2*R3*R10*R12,26,-4117715/587068342272
R2*R3*R11^2,24,823543/55037657088
R2*R3*R11*R12,26,-5764801/2641807540224
R2*R3*R12^2,28,40353607/507227047723008
R2*R4^3,10,-1
R2*R4^2*R5,10,-6
R2*R4^2*R5,12,23/8
R2*R4^2*R6,10,-23/4
R2*R4^2*R6,12,53/8
R2*R4^2*R6,14,-245/256
R2*R4^2*R7,10,-3
R2*R4^2*R7,12,203/32
R2*R4^2*R7,14,-95/32
R2*R4^2*R7,16,225/2048
R2*R4^2*R8,10,-7/8
R2*R4^2*R8,12,213/64
R2*R4^2*R8,14,-4469/1536
R2*R4^2*R8,16,8015/12288
R2*R4^2*R9,10,-1/8
R2*R4^2*R9,12,95/96
R2*R4^2*R9,14,-1195/768
R2*R4^2*R9,16,40151/55296
R2*R4^2*R9,18,-5975/98304
R2*R4^2*R10,10,-1/160
R2*R4^2*R10,12,5/32
R2*R4^2*R10,14,-709/1536
R2*R4^2*R10,16,4915/12288
R2*R4^2*R10,18,-42025/393216
R2*R4^2*R11,12,7/768
R2*R4^2*R11,14,-119/1536
R2*R4^2*R11,16,6629/55296
R2*R4^2*R11,18,-26635/442368
R2*R4^2*R11,20,78575/9437184
R2*R4^2*R12,14,-49/9216
R2*R4^2*R12,16,4361/221184
R2*R4^2*R12,18,-102557/5308416
R2*R4^2*R12,20,240835/42467328
R2*R4^2*R13,16,343/221184
R2*R4^2*R13,18,-1715/589824
R2*R4^2*R13,20,8575/4718592
R2*R4^2*R13,22,-42875/113246208
R2*R4^2*R14,18,-2401/10616832
R2*R4^2*R14,20,12005/42467328
R2*R4^2*R14,22,-60025/679477248
R2*R4^2*R15,20,16807/1274019840
R2*R4^2*R15,22,-16807/1019215872
R2*R4^2*R15,24,84035/16307453952
R2*R4*R5^2,10,-6
R2*R4*R5^2,12,53/8
R2*R4*R5^2,14,-23/24
R2*R4*R5*R6,10,-6
R2*R4*R5*R6,12,359/24
R2*R4*R5*R6,14,-183/32
R2*R4*R5*R6,16,85/384
R2*R4*R5*R7,10,-3/2
R2*R4*R5*R7,12,131/16
R2*R4*R5*R7,14,-2863/384
R2*R4*R5*R7,16,3515/3072
R2*R4*R5*R8,10,-1/8
R2*R4*R5*R8,12,463/192
R2*R4*R5*R8,14,-2353/512
R2*R4*R5*R8,16,67337/36864
R2*R4*R5*R8,18,-3365/36864
R2*R4*R5*R9,12,7/24
R2*R4*R5*R9,14,-875/576
R2*R4*R5*R9,16,6307/4608
R2*R4*R5*R9,18,-70679/331776
R2*R4*R5*R10,12,7/960
R2*R4*R5*R10,14,-371/1536
R2*R4*R5*R10,16,18109/36864
R2*R4*R5*R10,18,-67165/294912
R2*R4*R5*R10,20,1225/147456
R2*R4*R5*R11,14,-49/4608
R2*R4*R5*R11,16,10633/110592
R2*R4*R5*R11,18,-244657/2654208
R2*R4*R5*R11,20,384895/21233664
R2*R4*R5*R12,16,343/55296
R2*R4*R5*R12,18,-53165/2654208
R2*R4*R5*R12,20,695947/63700992
R2*R4*R5*R12,22,-12005/63700992
R2*R4*R5*R13,18,-2401/1327104
R2*R4*R5*R13,20,12005/5308416
R2*R4*R5*R13,22,-60025/84934656
R2*R4*R5*R14,20,16807/63700992
R2*R4*R5*R14,22,-84035/509607936
R2*R4*R5*R15,22,-117649/7644119040
R2*R4*R5*R15,24,117649/12230590464
R2*R4*R6^2,10,-5/6
R2*R4*R6^2,12,127/32
R2*R4*R6^2,14,-779/192
R2*R4*R6^2,16,10531/18432
R2*R4*R6*R7,10,-1/4
R2*R4*R6*R7,12,7/3
R2*R4*R6*R7,14,-871/192
R2*R4*R6*R7,16,293/128
R2*R4*R6*R7,18,-4445/49152
R2*R4*R6*R8,10,-1/48
R2*R4*R6*R8,12,5/16
R2*R4*R6*R8,14,-6655/4608
R2*R4*R6*R8,16,1723/1152
R2*R4*R6*R8,18,-590969/1769472
R2*R4*R6*R9,12,7/288
R2*R4*R6*R9,14,-49/256
R2*R4*R6*R9,16,83699/165888
R2*R4*R6*R9,18,-139853/442368
R2*R4*R6*R9,20,51205/2654208
R2*R4*R6*R10,14,-539/46080
R2*R4*R6*R10,16,637/8192
R2*R4*R6*R10,18,-64435/589824
R2*R4*R6*R10,20,192325/4718592
R2*R4*R6*R11,16,2401/663552
R2*R4*R6*R11,18,-111475/5308416
R2*R4*R6*R11,20,2088527/127401984
R2*R4*R6*R11,22,-770035/339738624
R2*R4*R6*R12,18,-16807/15925248
R2*R4*R6*R12,20,218491/63700992
R2*R4*R6*R12,22,-5529503/3057647616
R2*R4*R6*R13,20,16807/63700992
R2*R4*R6*R13,22,-84035/254803968
R2*R4*R6*R13,24,420175/4076863488
R2*R4*R6*R14,22,-117649/3057647616
R2*R4*R6*R14,24,588245/24461180928
R2*R4*R6*R15,24,823543/366917713920
R2*R4*R6*R15,26,-823543/587068342272
R2*R4*R7^2,12,7/32
R2*R4*R7^2,14,-287/384
R2*R4*R7^2,16,4165/6144
R2*R4*R7^2,18,-2275/12288
R2*R4*R7*R8,12,7/384
R2*R4*R7*R8,14,-217/768
R2*R4*R7*R8,16,525/1024
R2*R4*R7*R8,18,-2345/9216
R2*R4*R7*R8,20,117775/4718592
R2*R4*R7*R9,14,-49/2304
R2*R4*R7*R9,16,5047/55296
R2*R4*R7*R9,18,-133427/1327104
R2*R4*R7*R9,20,343735/10616832
R2*R4*R7*R10,16,343/36864
R2*R4*R7*R10,18,-1715/98304
R2*R4*R7*R10,20,8575/786432
R2*R4*R7*R10,22,-42875/18874368
R2*R4*R7*R11,18,-2401/1327104
R2*R4*R7*R11,20,12005/5308416
R2*R4*R7*R11,22,-60025/84934656
R2*R4*R7*R12,20,16807/127401984
R2*R4*R7*R12,22,-84035/509607936
R2*R4*R7*R12,24,420175/8153726976
R2*R4*R8^2,14,-49/9216
R2*R4*R8^2,16,4459/73728
R2*R4*R8^2,18,-105791/1769472
R2*R4*R8^2,20,164885/14155776
R2*R4*R8*R9,16,4459/663552
R2*R4*R8*R9,18,-142345/5308416
R2*R4*R8*R9,20,722015/42467328
R2*R4*R8*R9,22,-1154195/1019215872
R2*R4*R8*R10,18,-2401/884736
R2*R4*R8*R10,20,12005/3538944
R2*R4*R8*R10,22,-60025/56623104
R2*R4*R8*R11,20,16807/31850496
R2*R4*R8*R11,22,-84035/254803968
R2*R4*R8*R12,22,-117649/3057647616
R2*R4*R8*R12,24,588245/24461180928
R2*R4*R9^2,18,-2401/3981312
R2*R4*R9^2,20,2401/1179648
R2*R4*R9^2,22,-2494639/2293235712
R2*R4*R9*R10,20,16807/63700992
R2*R4*R9*R10,22,-84035/254803968
R2*R4*R9*R10,24,420175/4076863488
R2*R4*R9*R11,22,-117649/2293235712
R2*R4*R9*R11,24,588245/18345885696
R2*R4*R9*R12,24,823543/220150628352
R2*R4*R9*R12,26,-4117715/1761205026816
R2*R5^3,10,-1
R2*R5^3,12,11/4
R2*R5^3,14,-11/12
R2*R5^3,16,1/27
R2*R5^2*R6,10,-1/2
R2*R5^2*R6,12,81/16
R2*R5^2*R6,14,-623/144
R2*R5^2*R6,16,71/144
R2*R5^2*R7,12,21/16
R2*R5^2*R7,14,-1253/384
R2*R5^2*R7,16,595/576
R2*R5^2*R7,18,-35/1152
R2*R5^2*R8,12,7/96
R2*R5^2*R8,14,-343/288
R2*R5^2*R8,16,6181/6144
R2*R5^2*R8,18,-5495/55296
R2*R5^2*R9,14,-49/384
R2*R5^2*R9,16,14063/27648
R2*R5^2*R9,18,-32389/221184
R2*R5^2*R9,20,343/248832
R2*R5^2*R10,14,-49/23040
R2*R5^2*R10,16,539/6144
R2*R5^2*R10,18,-94717/884736
R2*R5^2*R10,20,1715/221184
R2*R5^2*R11,16,343/110592
R2*R5^2*R11,18,-39445/1327104
R2*R5^2*R11,20,615685/63700992
R2*R5^2*R12,18,-2401/1327104
R2*R5^2*R12,20,26411/5308416
R2*R5^2*R12,22,-16807/95551488
R2*R5^2*R13,20,16807/31850496
R2*R5^2*R13,22,-84035/254803968
R2*R5^2*R14,22,-117649/1528823808
R2*R5^2*R15,24,823543/183458856960
R2*R5*R6^2,10,-1/12
R2*R5*R6^2,12,77/72
R2*R5*R6^2,14,-7859/2304
R2*R5*R6^2,16,10931/9216
R2*R5*R6^2,18,-833/27648
R2*R5*R6*R7,12,7/24
R2*R5*R6*R7,14,-1141/576
R2*R5*R6*R7,16,10717/4608
R2*R5*R6*R7,18,-10969/36864
R2*R5*R6*R8,12,7/576
R2*R5*R6*R8,14,-175/768
R2*R5*R6*R8,16,109319/110592
R2*R5*R6*R8,18,-91693/221184
R2*R5*R6*R8,20,32977/2654208
R2*R5*R6*R9,14,-49/3456
R2*R5*R6*R9,16,4949/41472
R2*R5*R6*R9,18,-273763/995328
R2*R5*R6*R9,20,564235/15925248
R2*R5*R6*R10,16,3773/552960
R2*R5*R6*R10,18,-1715/36864
R2*R5*R6*R10,20,283661/7077888
R2*R5*R6*R10,22,-12005/10616832
R2*R5*R6*R11,18,-16807/7962624
R2*R5*R6*R11,20,127253/10616832
R2*R5*R6*R11,22,-3771971/1528823808
R2*R5*R6*R12,20,117649/191102976
R2*R5*R6*R12,22,-1294139/764411904
R2*R5*R6*R12,24,117649/4586471424
R2*R5*R6*R13,22,-117649/764411904
R2*R5*R6*R13,24,588245/6115295232
R2*R5*R6*R14,24,823543/36691771392
R2*R5*R6*R15,26,-5764801/4403012567040
R2*R5*R7^2,14,-49/256
R2*R5*R7^2,16,3871/9216
R2*R5*R7^2,18,-29645/147456
R2*R5*R7^2,20,1225/147456
R2*R5*R7*R8,14,-49/4608
R2*R5*R7*R8,16,2401/12288
R2*R5*R7*R8,18,-63161/294912
R2*R5*R7*R8,20,73255/2359296
R2*R5*R7*R9,16,343/27648
R2*R5*R7*R9,18,-32585/663552
R2*R5*R7*R9,20,251419/7962624
R2*R5*R7*R9,22,-12005/15925248
R2*R5*R7*R10,18,-2401/442368
R2*R5*R7*R10,20,12005/1769472
R2*R5*R7*R10,22,-60025/28311552
R2*R5*R7*R11,20,16807/15925248
R2*R5*R7*R11,22,-84035/127401984
R2*R5*R7*R12,22,-117649/1528823808
R2*R5*R7*R12,24,588245/12230590464
R2*R5*R8^2,16,343/110592
R2*R5*R8^2,18,-8575/221184
R2*R5*R8^2,20,269255/21233664
R2*R5*R8*R9,18,-31213/7962624
R2*R5*R8*R9,20,16807/1179648
R2*R5*R8*R9,22,-717899/509607936
R2*R5*R8*R10,20,16807/10616832
R2*R5*R8*R10,22,-84035/84934656
R2*R5*R8*R11,22,-117649/382205952
R2*R5*R8*R12,24,823543/36691771392
R2*R5*R9^2,20,16807/47775744
R2*R5*R9^2,22,-2336173/2293235712
R2*R5*R9^2,24,117649/6879707136
R2*R5*R9*R10,22,-117649/764411904
R2*R5*R9*R10,24,588245/6115295232
R2*R5*R9*R11,24,823543/27518828544
R2*R5*R9*R12,26,-5764801/2641807540224
R2*R6^3,10,-1/216
R2*R6^3,12,29/576
R2*R6^3,14,-1135/4608
R2*R6^3,16,5737/12288
R2*R6^3,18,-13279/221184
R2*R6^2*R7,12,7/576
R2*R6^2*R7,14,-539/4608
R2*R6^2*R7,16,14287/36864
R2*R6^2*R7,18,-268331/884736
R2*R6^2*R7,20,18179/1769472
R2*R6^2*R8,14,-49/9216
R2*R6^2*R8,16,3773/73728
R2*R6^2*R8,18,-762097/5308416
R2*R6^2*R8,20,1417325/42467328
R2*R6^2*R9,16,2401/995328
R2*R6^2*R9,18,-132055/7962624
R2*R6^2*R9,20,2019241/63700992
R2*R6^2*R9,22,-2292955/1528823808
R2*R6^2*R10,18,-16807/17694720
R2*R6^2*R10,20,69629/14155776
R2*R6^2*R10,22,-7272629/2038431744
R2*R6^2*R11,20,184877/764411904
R2*R6^2*R11,22,-3411821/3057647616
R2*R6^2*R11,24,7546343/48922361856
R2*R6^2*R12,22,-117649/2293235712
R2*R6^2*R12,24,1294139/9172942848
R2*R6^2*R13,24,823543/73383542784
R2*R6^2*R13,26,-4117715/587068342272
R2*R6^2*R14,26,-5764801/3522410053632
R2*R6^2*R15,28,40353607/422689206435840
R2*R6*R7^2,14,-49/4608
R2*R6*R7^2,16,2597/36864
R2*R6*R7^2,18,-29155/294912
R2*R6*R7^2,20,86975/2359296
R2*R6*R7*R8,16,1715/221184
R2*R6*R7*R8,18,-29155/589824
R2*R6*R7*R8,20,1702309/42467328
R2*R6*R7*R8,22,-1154195/339738624
R2*R6*R7*R9,18,-2401/995328
R2*R6*R7*R9,20,146461/15925248
R2*R6*R7*R9,22,-348145/63700992
R2*R6*R7*R10,20,16807/21233664
R2*R6*R7*R10,22,-84035/84934656
R2*R6*R7*R10,24,420175/1358954496
R2*R6*R7*R11,22,-117649/764411904
R2*R6*R7*R11,24,588245/6115295232
R2*R6*R7*R12,24,823543/73383542784
R2*R6*R7*R12,26,-4117715/587068342272
R2*R6*R8^2,18,-2401/1769472
R2*R6*R8^2,20,2401/294912
R2*R6*R8^2,22,-1615873/1019215872
R2*R6*R8*R9,20,285719/382205952
R2*R6*R8*R9,22,-3916031/1528823808
R2*R6*R8*R9,24,11311111/73383542784
R2*R6*R8*R10,22,-117649/509607936
R2*R6*R8*R10,24,588245/4076863488
R2*R6*R8*R11,24,823543/18345885696
R2*R6*R8*R12,26,-5764801/1761205026816
R2*R6*R9^2,22,-823543/13759414272
R2*R6*R9^2,24,18941489/110075314176
R2*R6*R9*R10,24,823543/36691771392
R2*R6*R9*R10,26,-4117715/293534171136
R2*R6*R9*R11,26,-5764801/1320903770112
R2*R6*R9*R12,28,40353607/126806761930752
R2*R7^3,16,343/110592
R2*R7^3,18,-1715/294912
R2*R7^3,20,8575/2359296
R2*R7^3,22,-42875/56623104
R2*R7^2*R8,18,-2401/884736
R2*R7^2*R8,20,12005/3538944
R2*R7^2*R8,22,-60025/56623104
R2*R7^2*R9,20,16807/63700992
R2*R7^2*R9,22,-84035/254803968
R2*R7^2*R9,24,420175/4076863488
R2*R7*R8^2,20,16807/21233664
R2*R7*R8^2,22,-84035/169869312
R2*R7*R8*R9,22,-117649/764411904
R2*R7*R8*R9,24,588245/6115295232
R2*R7*R9^2,24,823543/110075314176
R2*R7*R9^2,26,-4117715/880602513408
R2*R8^3,22,-117649/1528823808
R2*R8^2*R9,24,823543/36691771392
R2*R8*R9^2,26,-5764801/2641807540224
R2*R9^3,28,40353607/570630428688384
R3^3*R5,10,-1
R3^3*R6,10,-3/2
R3^3*R6,12,59/48
R3^3*R7,10,-1/2
R3^3*R7,12,43/16
R3^3*R7,14,-7/12
R3^3*R8,10,-1/24
R3^3*R8,12,127/96
R3^3*R8,14,-8821/4608
R3^3*R8,16,3479/27648
R3^3*R9,12,7/36
R3^3*R9,14,-49/36
R3^3*R9,16,2093/3072
R3^3*R9,18,-1715/165888
R3^3*R10,12,7/960
R3^3*R10,14,-77/256
R3^3*R10,16,79499/110592
R3^3*R10,18,-53753/442368
R3^3*R11,14,-49/2304
R3^3*R11,16,3185/13824
R3^3*R11,18,-276899/1327104
R3^3*R11,20,34643/3981312
R3^3*R12,14,-49/138240
R3^3*R12,16,5537/221184
R3^3*R12,18,-526309/5308416
R3^3*R12,20,4054309/127401984
R3^3*R13,16,343/414720
R3^3*R13,18,-20923/1327104
R3^3*R13,20,390677/15925248
R3^3*R13,22,-1530809/764411904
R3^3*R14,16,49/9953280
R3^3*R14,18,-6517/7962624
R3^3*R14,20,2218867/382205952
R3^3*R14,22,-1876553/573308928
R3^3*R15,18,-2401/238878720
R3^3*R15,20,170471/382205952
R3^3*R15,22,-6413071/5096079360
R3^3*R15,24,40305587/220150628352
R3^3*R16,20,16807/1911029760
R3^3*R16,22,-1327753/9172942848
R3^3*R16,24,2739541/18345885696
R3^3*R17,22,-117649/27518828544
R3^3*R17,24,15412019/550376570880
R3^3*R17,26,-39647713/5283615080448
R3^3*R18,24,823543/660451885056
R3^3*R18,26,-823543/275188285440
R3^3*R19,26,-5764801/26418075402240
R3^3*R19,28,5764801/42268920643584
R3^3*R20,28,40353607/1902101428961280
R3^3*R21,30,-40353607/45650434295070720
R3^2*R4^2,10,-3/2
R3^2*R4*R5,10,-9/2
R3^2*R4*R5,12,59/16
R3^2*R4*R6,10,-11/4
R3^2*R4*R6,12,29/4
R3^2*R4*R6,14,-449/256
R3^2*R4*R7,10,-3/4
R3^2*R4*R7,12,79/16
R3^2*R4*R7,14,-3727/768
R3^2*R4*R7,16,1169/3072
R3^2*R4*R8,10,-1/16
R3^2*R4*R8,12,637/384
R3^2*R4*R8,14,-3893/1024
R3^2*R4*R8,16,41249/24576
R3^2*R4*R8,18,-4655/147456
R3^2*R4*R9,12,7/32
R3^2*R4*R9,14,-3409/2304
R3^2*R4*R9,16,22589/13824
R3^2*R4*R9,18,-33103/110592
R3^2*R4*R10,12,7/960
R3^2*R4*R10,14,-763/2880
R3^2*R4*R10,16,2191/3072
R3^2*R4*R10,18,-92869/221184
R3^2*R4*R10,20,155575/7077888
R3^2*R4*R11,14,-49/3072
R3^2*R4*R11,16,35525/221184
R3^2*R4*R11,18,-1109311/5308416
R3^2*R4*R11,20,2618119/42467328
R3^2*R4*R12,14,-49/276480
R3^2*R4*R12,16,49/3456
R3^2*R4*R12,18,-294049/5308416
R3^2*R4*R12,20,1673987/42467328
R3^2*R4*R12,22,-2738365/679477248
R3^2*R4*R13,16,343/1105920
R3^2*R4*R13,18,-35329/5308416
R3^2*R4*R13,20,1471127/127401984
R3^2*R4*R13,22,-4783135/1019215872
R3^2*R4*R14,18,-2401/10616832
R3^2*R4*R14,20,16807/9437184
R3^2*R4*R14,22,-9433529/6115295232
R3^2*R4*R14,24,13481615/48922361856
R3^2*R4*R15,20,16807/191102976
R3^2*R4*R15,22,-1394981/5096079360
R3^2*R4*R15,24,51815981/366917713920
R3^2*R4*R16,22,-117649/6115295232
R3^2*R4*R16,24,588245/24461180928
R3^2*R4*R16,26,-2941225/391378894848
R3^2*R4*R17,24,823543/366917713920
R3^2*R4*R17,26,-823543/587068342272
R3^2*R4*R18,26,-5764801/52836150804480
R3^2*R4*R18,28,5764801/84537841287168
R3^2*R5^2,10,-3/2
R3^2*R5^2,12,29/8
R3^2*R5^2,14,-337/384
R3^2*R5*R6,10,-1/2
R3^2*R5*R6,12,149/24
R3^2*R5*R6,14,-607/128
R3^2*R5*R6,16,3521/9216
R3^2*R5*R7,12,7/4
R3^2*R5*R7,14,-651/128
R3^2*R5*R7,16,14455/9216
R3^2*R5*R7,18,-49/1536
R3^2*R5*R8,12,7/64
R3^2*R5*R8,14,-9695/4608
R3^2*R5*R8,16,78743/36864
R3^2*R5*R8,18,-231637/884736
R3^2*R5*R9,14,-49/192
R3^2*R5*R9,16,637/512
R3^2*R5*R9,18,-321391/663552
R3^2*R5*R9,20,11711/663552
R3^2*R5*R10,14,-49/7680
R3^2*R5*R10,16,66101/276480
R3^2*R5*R10,18,-353927/884736
R3^2*R5*R10,20,36799/663552
R3^2*R5*R11,16,343/27648
R3^2*R5*R11,18,-38759/331776
R3^2*R5*R11,20,1098629/15925248
R3^2*R5*R11,22,-154007/63700992
R3^2*R5*R12,16,343/3317760
R3^2*R5*R12,18,-53165/5308416
R3^2*R5*R12,20,4039511/127401984
R3^2*R5*R12,22,-16807343/3057647616
R3^2*R5*R13,18,-2401/13271040
R3^2*R5*R13,20,45619/10616832
R3^2*R5*R13,22,-6998915/1528823808
R3^2*R5*R13,24,84035/764411904
R3^2*R5*R14,20,16807/127401984
R3^2*R5*R14,22,-789929/764411904
R3^2*R5*R14,24,20756645/73383542784
R3^2*R5*R15,22,-117649/2293235712
R3^2*R5*R15,24,12117847/91729428480
R3^2*R5*R15,26,-823543/550376570880
R3^2*R5*R16,24,823543/73383542784
R3^2*R5*R16,26,-4117715/587068342272
R3^2*R5*R17,26,-5764801/4403012567040
R3^2*R5*R18,28,40353607/634033809653760
R3^2*R6^2,10,-1/24
R3^2*R6^2,12,71/96
R3^2*R6^2,14,-353/128
R3^2*R6^2,16,301/384
R3^2*R6^2,18,-14161/884736
R3^2*R6*R7,12,7/32
R3^2*R6*R7,14,-1057/576
R3^2*R6*R7,16,3871/1536
R3^2*R6*R7,18,-115493/442368
R3^2*R6*R8,12,7/576
R3^2*R6*R8,14,-133/512
R3^2*R6*R8,16,90013/73728
R3^2*R6*R8,18,-278299/442368
R3^2*R6*R8,20,82565/4718592
R3^2*R6*R9,14,-49/2304
R3^2*R6*R9,16,16121/82944
R3^2*R6*R9,18,-622153/1327104
R3^2*R6*R9,20,862351/10616832
R3^2*R6*R10,14,-49/138240
R3^2*R6*R10,16,18277/1105920
R3^2*R6*R10,18,-174979/1769472
R3^2*R6*R10,20,1467599/14155776
R3^2*R6*R10,22,-1068445/254803968
R3^2*R6*R11,16,343/663552
R3^2*R6*R11,18,-32585/3981312
R3^2*R6*R11,20,1414189/42467328
R3^2*R6*R11,22,-18590257/1528823808
R3^2*R6*R12,18,-16807/53084160
R3^2*R6*R12,20,794731/254803968
R3^2*R6*R12,22,-14129885/2038431744
R3^2*R6*R12,24,84507997/146767085568
R3^2*R6*R13,20,218491/1911029760
R3^2*R6*R13,22,-117649/127401984
R3^2*R6*R13,24,58202641/73383542784
R3^2*R6*R14,22,-588245/18345885696
R3^2*R6*R14,24,3411821/18345885696
R3^2*R6*R14,26,-132119827/3522410053632
R3^2*R6*R15,24,9058973/1100753141760
R3^2*R6*R15,26,-15647317/733835427840
R3^2*R6*R16,26,-5764801/3522410053632
R3^2*R6*R16,28,28824005/28179280429056
R3^2*R6*R17,28,40353607/211344603217920
R3^2*R6*R18,30,-282475249/30433622863380480
R3^2*R7^2,14,-49/256
R3^2*R7^2,16,637/1152
R3^2*R7^2,18,-49343/147456
R3^2*R7^2,20,1715/196608
R3^2*R7*R8,14,-49/3072
R3^2*R7*R8,16,2303/8192
R3^2*R7*R8,18,-26803/65536
R3^2*R7*R8,20,1307369/14155776
R3^2*R7*R9,16,343/13824
R3^2*R7*R9,18,-16807/147456
R3^2*R7*R9,20,1471127/15925248
R3^2*R7*R9,22,-147833/28311552
R3^2*R7*R10,16,343/1105920
R3^2*R7*R10,18,-1029/65536
R3^2*R7*R10,20,1213877/42467328
R3^2*R7*R10,22,-4011385/339738624
R3^2*R7*R11,18,-2401/5308416
R3^2*R7*R11,20,218491/42467328
R3^2*R7*R11,22,-1615873/339738624
R3^2*R7*R11,24,5390245/8153726976
R3^2*R7*R12,20,16807/63700992
R3^2*R7*R12,22,-2840383/3057647616
R3^2*R7*R12,24,1428595/2717908992
R3^2*R7*R13,22,-117649/1528823808
R3^2*R7*R13,24,588245/6115295232
R3^2*R7*R13,26,-2941225/97844723712
R3^2*R7*R14,24,823543/73383542784
R3^2*R7*R14,26,-4117715/587068342272
R3^2*R7*R15,26,-5764801/8806025134080
R3^2*R7*R15,28,5764801/14089640214528
R3^2*R8^2,14,-49/221184
R3^2*R8^2,16,3479/442368
R3^2*R8^2,18,-1572655/21233664
R3^2*R8^2,20,1177421/28311552
R3^2*R8^2,22,-22193521/8153726976
R3^2*R8*R9,16,343/663552
R3^2*R8*R9,18,-101185/7962624
R3^2*R8*R9,20,5327819/127401984
R3^2*R8*R9,22,-7380331/764411904
R3^2*R8*R10,18,-16807/53084160
R3^2*R8*R10,20,535423/84934656
R3^2*R8*R10,22,-12919781/2038431744
R3^2*R8*R10,24,8079365/16307453952
R3^2*R8*R11,20,16807/95551488
R3^2*R8*R11,22,-1327753/764411904
R3^2*R8*R11,24,8487535/18345885696
R3^2*R8*R12,22,-2941225/36691771392
R3^2*R8*R12,24,36118243/146767085568
R3^2*R8*R12,26,-79177777/7044820107264
R3^2*R8*R13,24,823543/36691771392
R3^2*R8*R13,26,-4117715/293534171136
R3^2*R8*R14,26,-5764801/1761205026816
R3^2*R8*R15,28,40353607/211344603217920
R3^2*R9^2,18,-2401/7962624
R3^2*R9^2,20,69629/31850496
R3^2*R9^2,22,-19450501/4586471424
R3^2*R9^2,24,4016873/18345885696
R3^2*R9*R10,20,521017/1911029760
R3^2*R9*R10,22,-319333/254803968
R3^2*R9*R10,24,62001023/73383542784
R3^2*R9*R11,22,-588245/9172942848
R3^2*R9*R11,24,29059303/110075314176
R3^2*R9*R11,26,-52824401/1761205026816
R3^2*R9*R12,24,823543/73383542784
R3^2*R9*R12,26,-9058973/293534171136
R3^2*R9*R13,26,-5764801/2641807540224
R3^2*R9*R13,28,28824005/21134460321792
R3^2*R9*R14,28,40353607/126806761930752
R3^2*R9*R15,30,-282475249/15216811431690240
R3^2*R10^2,22,-117649/2038431744
R3^2*R10^2,24,588245/8153726976
R3^2*R10^2,26,-2941225/130459631616
R3^2*R10*R11,24,823543/36691771392
R3^2*R10*R11,26,-4117715/293534171136
R3^2*R10*R12,26,-5764801/3522410053632
R3^2*R10*R12,28,28824005/28179280429056
R3^2*R11^2,26,-5764801/2641807540224
R3^2*R11*R12,28,40353607/126806761930752
R3^2*R12^2,30,-282475249/24346898290704384
R3*R4^3,10,-3/2
R3*R4^3,12,59/48
R3*R4^2*R5,10,-15/4
R3*R4^2*R5,12,103/16
R3*R4^2*R5,14,-1349/768
R3*R4^2*R6,10,-13/8
R3*R4^2*R6,12,1051/192
R3*R4^2*R6,14,-6089/1536
R3*R4^2*R6,16,4705/12288
R3*R4^2*R7,10,-3/8
R3*R4^2*R7,12,159/64
R3*R4^2*R7,14,-5257/1536
R3*R4^2*R7,16,16115/12288
R3*R4^2*R7,18,-525/16384
R3*R4^2*R8,10,-1/32
R3*R4^2*R8,12,121/192
R3*R4^2*R8,14,-2519/1536
R3*R4^2*R8,16,11027/9216
R3*R4^2*R8,18,-274895/1179648
R3*R4^2*R9,12,7/96
R3*R4^2*R9,14,-1001/2304
R3*R4^2*R9,16,66997/110592
R3*R4^2*R9,18,-171661/663552
R3*R4^2*R9,20,41825/2359296
R3*R4^2*R10,12,7/3840
R3*R4^2*R10,14,-63/1024
R3*R4^2*R10,16,12131/73728
R3*R4^2*R10,18,-79835/589824
R3*R4^2*R10,20,330925/9437184
R3*R4^2*R11,14,-49/18432
R3*R4^2*R11,16,1421/55296
R3*R4^2*R11,18,-12887/331776
R3*R4^2*R11,20,398615/21233664
R3*R4^2*R11,22,-550025/226492416
R3*R4^2*R12,16,343/221184
R3*R4^2*R12,18,-63455/10616832
R3*R4^2*R12,20,376957/63700992
R3*R4^2*R12,22,-3551765/2038431744
R3*R4^2*R13,18,-2401/5308416
R3*R4^2*R13,20,12005/14155776
R3*R4^2*R13,22,-60025/113246208
R3*R4^2*R13,24,300125/2717908992
R3*R4^2*R14,20,16807/254803968
R3*R4^2*R14,22,-84035/1019215872
R3*R4^2*R14,24,420175/16307453952
R3*R4^2*R15,22,-117649/30576476160
R3*R4^2*R15,24,117649/24461180928
R3*R4^2*R15,26,-588245/391378894848
R3*R4*R5^2,10,-3/2
R3*R4*R5^2,12,101/16
R3*R4*R5^2,14,-185/48
R3*R4*R5^2,16,221/576
R3*R4*R5*R6,10,-1/2
R3*R4*R5*R6,12,271/48
R3*R4*R5*R6,14,-2527/288
R3*R4*R5*R6,16,5539/2304
R3*R4*R5*R6,18,-595/9216
R3*R4*R5*R7,12,21/16
R3*R4*R5*R7,14,-567/128
R3*R4*R5*R7,16,29491/9216
R3*R4*R5*R7,18,-28805/73728
R3*R4*R5*R8,12,7/96
R3*R4*R5*R8,14,-1435/1152
R3*R4*R5*R8,16,35203/18432
R3*R4*R5*R8,18,-70693/110592
R3*R4*R5*R8,20,23555/884736
R3*R4*R5*R9,14,-49/384
R3*R4*R5*R9,16,8281/13824
R3*R4*R5*R9,18,-326095/663552
R3*R4*R5*R9,20,515333/7962624
R3*R4*R5*R10,14,-49/23040
R3*R4*R5*R10,16,3283/36864
R3*R4*R5*R10,18,-147343/884736
R3*R4*R5*R10,20,521605/7077888
R3*R4*R5*R10,22,-8575/3538944
R3*R4*R5*R11,16,343/110592
R3*R4*R5*R11,18,-84035/2654208
R3*R4*R5*R11,20,1856659/63700992
R3*R4*R5*R11,22,-2694265/509607936
R3*R4*R5*R12,18,-2401/1327104
R3*R4*R5*R12,20,2401/393216
R3*R4*R5*R12,22,-2561867/764411904
R3*R4*R5*R12,24,84035/1528823808
R3*R4*R5*R13,20,16807/31850496
R3*R4*R5*R13,22,-84035/127401984
R3*R4*R5*R13,24,420175/2038431744
R3*R4*R5*R14,22,-117649/1528823808
R3*R4*R5*R14,24,588245/12230590464
R3*R4*R5*R15,24,823543/183458856960
R3*R4*R5*R15,26,-823543/293534171136
R3*R4*R6^2,10,-1/24
R3*R4*R6^2,12,329/576
R3*R4*R6^2,14,-9805/4608
R3*R4*R6^2,16,67999/36864
R3*R4*R6^2,18,-21553/110592
R3*R4*R6*R7,12,7/48
R3*R4*R6*R7,14,-1267/1152
R3*R4*R6*R7,16,11543/6144
R3*R4*R6*R7,18,-1001/1152
R3*R4*R6*R7,20,31115/1179648
R3*R4*R6*R8,12,7/1152
R3*R4*R6*R8,14,-1085/9216
R3*R4*R6*R8,16,126539/221184
R3*R4*R6*R8,18,-972559/1769472
R3*R4*R6*R8,20,2315719/21233664
R3*R4*R6*R9,14,-49/6912
R3*R4*R6*R9,16,10633/165888
R3*R4*R6*R9,18,-176057/995328
R3*R4*R6*R9,20,1729651/15925248
R3*R4*R6*R9,22,-358435/63700992
R3*R4*R6*R10,16,3773/1105920
R3*R4*R6*R10,18,-44933/1769472
R3*R4*R6*R10,20,166355/4718592
R3*R4*R6*R10,22,-162925/12582912
R3*R4*R6*R11,18,-16807/15925248
R3*R4*R6*R11,20,847553/127401984
R3*R4*R6*R11,22,-15628109/3057647616
R3*R4*R6*R11,24,5390245/8153726976
R3*R4*R6*R12,20,117649/382205952
R3*R4*R6*R12,22,-117649/113246208
R3*R4*R6*R12,24,5058907/9172942848
R3*R4*R6*R13,22,-117649/1528823808
R3*R4*R6*R13,24,588245/6115295232
R3*R4*R6*R13,26,-2941225/97844723712
R3*R4*R6*R14,24,823543/73383542784
R3*R4*R6*R14,26,-4117715/587068342272
R3*R4*R6*R15,26,-5764801/8806025134080
R3*R4*R6*R15,28,5764801/14089640214528
R3*R4*R7^2,14,-49/512
R3*R4*R7^2,16,10241/36864
R3*R4*R7^2,18,-69335/294912
R3*R4*R7^2,20,145775/2359296
R3*R4*R7*R8,14,-49/9216
R3*R4*R7*R8,16,931/9216
R3*R4*R7*R8,18,-3185/18432
R3*R4*R7*R8,20,288365/3538944
R3*R4*R7*R8,22,-824425/113246208
R3*R4*R7*R9,16,343/55296
R3*R4*R7*R9,18,-18865/663552
R3*R4*R7*R9,20,1006019/31850496
R3*R4*R7*R9,22,-646555/63700992
R3*R4*R7*R10,18,-2401/884736
R3*R4*R7*R10,20,12005/2359296
R3*R4*R7*R10,22,-60025/18874368
R3*R4*R7*R10,24,300125/452984832
R3*R4*R7*R11,20,16807/31850496
R3*R4*R7*R11,22,-84035/127401984
R3*R4*R7*R11,24,420175/2038431744
R3*R4*R7*R12,22,-117649/3057647616
R3*R4*R7*R12,24,588245/12230590464
R3*R4*R7*R12,26,-2941225/195689447424
R3*R4*R8^2,16,343/221184
R3*R4*R8^2,18,-12005/589824
R3*R4*R8^2,20,812567/42467328
R3*R4*R8^2,22,-1154195/339738624
R3*R4*R8*R9,18,-31213/15925248
R3*R4*R8*R9,20,1063643/127401984
R3*R4*R8*R9,22,-5390245/1019215872
R3*R4*R8*R9,24,8079365/24461180928
R3*R4*R8*R10,20,16807/21233664
R3*R4*R8*R10,22,-84035/84934656
R3*R4*R8*R10,24,420175/1358954496
R3*R4*R8*R11,22,-117649/764411904
R3*R4*R8*R11,24,588245/6115295232
R3*R4*R8*R12,24,823543/73383542784
R3*R4*R8*R12,26,-4117715/587068342272
R3*R4*R9^2,20,16807/95551488
R3*R4*R9^2,22,-2840383/4586471424
R3*R4*R9^2,24,36689681/110075314176
R3*R4*R9*R10,22,-117649/1528823808
R3*R4*R9*R10,24,588245/6115295232
R3*R4*R9*R10,26,-2941225/97844723712
R3*R4*R9*R11,24,823543/55037657088
R3*R4*R9*R11,26,-4117715/440301256704
R3*R4*R9*R12,26,-5764801/5283615080448
R3*R4*R9*R12,28,28824005/42268920643584
R3*R5^3,12,7/6
R3*R5^3,14,-105/64
R3*R5^3,16,35/96
R3*R5^3,18,-7/648
R3*R5^2*R6,12,7/16
R3*R5^2*R6,14,-3619/1152
R3*R5^2*R6,16,51541/27648
R3*R5^2*R6,18,-91/576
R3*R5^2*R7,14,-49/64
R3*R5^2*R7,16,735/512
R3*R5^2*R7,18,-1225/3456
R3*R5^2*R7,20,245/27648
R3*R5^2*R8,14,-49/1536
R3*R5^2*R8,16,29645/55296
R3*R5^2*R8,18,-314531/884736
R3*R5^2*R8,20,38465/1327104
R3*R5^2*R9,16,343/6912
R3*R5^2*R9,18,-125881/663552
R3*R5^2*R9,20,718585/15925248
R3*R5^2*R9,22,-2401/5971968
R3*R5^2*R10,16,343/552960
R3*R5^2*R10,18,-1715/55296
R3*R5^2*R10,20,735049/21233664
R3*R5^2*R10,22,-12005/5308416
R3*R5^2*R11,18,-2401/2654208
R3*R5^2*R11,20,103243/10616832
R3*R5^2*R11,22,-4309795/1528823808
R3*R5^2*R12,20,16807/31850496
R3*R5^2*R12,22,-2336173/1528823808
R3*R5^2*R12,24,117649/2293235712
R3*R5^2*R13,22,-117649/764411904
R3*R5^2*R13,24,588245/6115295232
R3*R5^2*R14,24,823543/36691771392
R3*R5^2*R15,26,-5764801/4403012567040
R3*R5*R6^2,12,7/144
R3*R5*R6^2,14,-917/1728
R3*R5*R6^2,16,14693/9216
R3*R5*R6^2,18,-189833/442368
R3*R5*R6^2,20,5831/663552
R3*R5*R6*R7,14,-49/384
R3*R5*R6*R7,16,11515/13824
R3*R5*R6*R7,18,-194677/221184
R3*R5*R6*R7,20,27881/294912
R3*R5*R6*R8,14,-49/13824
R3*R5*R6*R8,16,9065/110592
R3*R5*R6*R8,18,-1001903/2654208
R3*R5*R6*R8,20,2875075/21233664
R3*R5*R6*R8,22,-230839/63700992
R3*R5*R6*R9,16,343/82944
R3*R5*R6*R9,18,-39445/995328
R3*R5*R6*R9,20,1141847/11943936
R3*R5*R6*R9,22,-16807/1572864
R3*R5*R6*R10,18,-26411/13271040
R3*R5*R6*R10,20,160867/10616832
R3*R5*R6*R10,22,-717899/56623104
R3*R5*R6*R10,24,84035/254803968
R3*R5*R6*R11,20,117649/191102976
R3*R5*R6*R11,22,-2907611/764411904
R3*R5*R6*R11,24,26403797/36691771392
R3*R5*R6*R12,22,-823543/4586471424
R3*R5*R6*R12,24,18941489/36691771392
R3*R5*R6*R12,26,-823543/110075314176
R3*R5*R6*R13,24,823543/18345885696
R3*R5*R6*R13,26,-4117715/146767085568
R3*R5*R6*R14,26,-5764801/880602513408
R3*R5*R6*R15,28,40353607/105672301608960
R3*R5*R7^2,16,343/4608
R3*R5*R7^2,18,-16121/110592
R3*R5*R7^2,20,29155/442368
R3*R5*R7^2,22,-8575/3538944
R3*R5*R7*R8,16,343/110592
R3*R5*R7*R8,18,-60025/884736
R3*R5*R7*R8,20,490147/7077888
R3*R5*R7*R8,22,-512785/56623104
R3*R5*R7*R9,18,-2401/663552
R3*R5*R7*R9,20,40817/2654208
R3*R5*R7*R9,22,-3771971/382205952
R3*R5*R7*R9,24,84035/382205952
R3*R5*R7*R10,20,16807/10616832
R3*R5*R7*R10,22,-84035/42467328
R3*R5*R7*R10,24,420175/679477248
R3*R5*R7*R11,22,-117649/382205952
R3*R5*R7*R11,24,588245/3057647616
R3*R5*R7*R12,24,823543/36691771392
R3*R5*R7*R12,26,-4117715/293534171136
R3*R5*R8^2,18,-2401/2654208
R3*R5*R8^2,20,45619/3538944
R3*R5*R8^2,22,-1884785/509607936
R3*R5*R8*R9,20,218491/191102976
R3*R5*R8*R9,22,-3411821/764411904
R3*R5*R8*R9,24,5025293/12230590464
R3*R5*R8*R10,22,-117649/254803968
R3*R5*R8*R10,24,588245/2038431744
R3*R5*R8*R11,24,823543/9172942848
R3*R5*R8*R12,26,-5764801/880602513408
R3*R5*R9^2,22,-117649/1146617856
R3*R5*R9^2,24,8588377/27518828544
R3*R5*R9^2,26,-823543/165112971264
R3*R5*R9*R10,24,823543/18345885696
R3*R5*R9*R10,26,-4117715/146767085568
R3*R5*R9*R11,26,-5764801/660451885056
R3*R5*R9*R12,28,40353607/63403380965376
R3*R6^3,12,7/5184
R3*R6^3,14,-7/384
R3*R6^3,16,10787/110592
R3*R6^3,18,-168889/884736
R3*R6^3,20,137543/7077888
R3*R6^2*R7,14,-49/13824
R3*R6^2*R7,16,4459/110592
R3*R6^2*R7,18,-62867/442368
R3*R6^2*R7,20,571193/5308416
R3*R6^2*R7,22,-127253/42467328
R3*R6^2*R8,16,343/221184
R3*R6^2*R8,18,-60025/3538944
R3*R6^2*R8,20,1619989/31850496
R3*R6^2*R8,22,-21458423/2038431744
R3*R6^2*R9,18,-16807/23887872
R3*R6^2*R9,20,84035/15925248
R3*R6^2*R9,22,-16218755/1528823808
R3*R6^2*R9,24,16050685/36691771392
R3*R6^2*R10,20,117649/424673280
R3*R6^2*R10,22,-789929/509607936
R3*R6^2*R10,24,54437873/48922361856
R3*R6^2*R11,22,-1294139/18345885696
R3*R6^2*R11,24,25529833/73383542784
R3*R6^2*R11,26,-52824401/1174136684544
R3*R6^2*R12,24,823543/55037657088
R3*R6^2*R12,26,-50236123/1174136684544
R3*R6^2*R13,26,-5764801/1761205026816
R3*R6^2*R13,28,28824005/14089640214528
R3*R6^2*R14,28,40353607/84537841287168
R3*R6^2*R15,30,-282475249/10144540954460160
R3*R6*R7^2,16,343/110592
R3*R6*R7^2,18,-1715/73728
R3*R6*R7^2,20,228095/7077888
R3*R6*R7^2,22,-111475/9437184
R3*R6*R7*R8,18,-12005/5308416
R3*R6*R7*R8,20,679483/42467328
R3*R6*R7*R8,22,-12924583/1019215872
R3*R6*R7*R8,24,8079365/8153726976
R3*R6*R7*R9,20,16807/23887872
R3*R6*R7*R9,22,-722701/254803968
R3*R6*R7*R9,24,3445435/2038431744
R3*R6*R7*R10,22,-117649/509607936
R3*R6*R7*R10,24,588245/2038431744
R3*R6*R7*R10,26,-2941225/32614907904
R3*R6*R7*R11,24,823543/18345885696
R3*R6*R7*R11,26,-4117715/146767085568
R3*R6*R7*R12,26,-5764801/1761205026816
R3*R6*R7*R12,28,28824005/14089640214528
R3*R6*R8^2,20,16807/42467328
R3*R6*R8^2,22,-1327753/509607936
R3*R6*R8^2,24,11311111/24461180928
R3*R6*R8*R9,22,-2000033/9172942848
R3*R6*R8*R9,24,29059303/36691771392
R3*R6*R8*R9,26,-79177777/1761205026816
R3*R6*R8*R10,24,823543/12230590464
R3*R6*R8*R10,26,-4117715/97844723712
R3*R6*R8*R11,26,-5764801/440301256704
R3*R6*R8*R12,28,40353607/42268920643584
R3*R6*R9^2,24,5764801/330225942528
R3*R6*R9^2,26,-5764801/110075314176
R3*R6*R9*R10,26,-5764801/880602513408
R3*R6*R9*R10,28,28824005/7044820107264
R3*R6*R9*R11,28,40353607/31701690482688
R3*R6*R9*R12,30,-282475249/3043362286338048
R3*R7^3,18,-2401/2654208
R3*R7^3,20,12005/7077888
R3*R7^3,22,-60025/56623104
R3*R7^3,24,300125/1358954496
R3*R7^2*R8,20,16807/21233664
R3*R7^2*R8,22,-84035/84934656
R3*R7^2*R8,24,420175/1358954496
R3*R7^2*R9,22,-117649/1528823808
R3*R7^2*R9,24,588245/6115295232
R3*R7^2*R9,26,-2941225/97844723712
R3*R7*R8^2,22,-117649/509607936
R3*R7*R8^2,24,588245/4076863488
R3*R7*R8*R9,24,823543/18345885696
R3*R7*R8*R9,26,-4117715/146767085568
R3*R7*R9^2,26,-5764801/2641807540224
R3*R7*R9^2,28,28824005/21134460321792
R3*R8^3,24,823543/36691771392
R3*R8^2*R9,26,-5764801/880602513408
R3*R8*R9^2,28,40353607/63403380965376
R3*R9^3,30,-282475249/13695130288521216
R4^4,10,-3/8
R4^4,12,15/32
R4^4,14,-75/512
R4^3*R5,10,-7/8
R4^3*R5,12,119/64
R4^3*R5,14,-525/512
R4^3*R5,16,525/4096
R4^3*R6,10,-5/16
R4^3*R6,12,193/192
R4^3*R6,14,-377/384
R4^3*R6,16,3865/12288
R4^3*R6,18,-2125/196608
R4^3*R7,10,-1/16
R4^3*R7,12,11/32
R4^3*R7,14,-255/512
R4^3*R7,16,575/2048
R4^3*R7,18,-3625/65536
R4^3*R8,10,-1/192
R4^3*R8,12,101/1536
R4^3*R8,14,-743/4608
R4^3*R8,16,1155/8192
R4^3*R8,18,-37375/786432
R4^3*R8,20,84125/18874368
R4^3*R9,12,7/1152
R4^3*R9,14,-259/9216
R4^3*R9,16,9191/221184
R4^3*R9,18,-44135/1769472
R4^3*R9,20,18725/3538944
R4^3*R10,14,-49/18432
R4^3*R10,16,245/36864
R4^3*R10,18,-1225/196608
R4^3*R10,20,6125/2359296
R4^3*R10,22,-30625/75497472
R4^3*R11,16,343/663552
R4^3*R11,18,-1715/1769472
R4^3*R11,20,8575/14155776
R4^3*R11,22,-42875/339738624
R4^3*R12,18,-2401/63700992
R4^3*R12,20,12005/169869312
R4^3*R12,22,-60025/1358954496
R4^3*R12,24,300125/32614907904
R4^2*R5^2,10,-3/8
R4^2*R5^2,12,29/16
R4^2*R5^2,14,-891/512
R4^2*R5^2,16,855/2048
R4^2*R5^2,18,-25/1536
R4^2*R5*R6,10,-1/8
R4^2*R5*R6,12,9/8
R4^2*R5*R6,14,-3203/1536
R4^2*R5*R6,16,6985/6144
R4^2*R5*R6,18,-2365/18432
R4^2*R5*R7,12,7/32
R4^2*R5*R7,14,-91/128
R4^2*R5*R7,16,4025/6144
R4^2*R5*R7,18,-1225/6144
R4^2*R5*R7,20,875/98304
R4^2*R5*R8,12,7/768
R4^2*R5*R8,14,-217/1536
R4^2*R5*R8,16,4529/18432
R4^2*R5*R8,18,-2345/18432
R4^2*R5*R8,20,52325/3145728
R4^2*R5*R9,14,-49/4608
R4^2*R5*R9,16,5047/110592
R4^2*R5*R9,18,-43561/884736
R4^2*R5*R9,20,343735/21233664
R4^2*R5*R9,22,-8575/21233664
R4^2*R5*R10,16,343/73728
R4^2*R5*R10,18,-1715/196608
R4^2*R5*R10,20,8575/1572864
R4^2*R5*R10,22,-42875/37748736
R4^2*R5*R11,18,-2401/2654208
R4^2*R5*R11,20,12005/10616832
R4^2*R5*R11,22,-60025/169869312
R4^2*R5*R12,20,16807/254803968
R4^2*R5*R12,22,-84035/1019215872
R4^2*R5*R12,24,420175/16307453952
R4^2*R6^2,10,-1/96
R4^2*R6^2,12,17/192
R4^2*R6^2,14,-1403/4608
R4^2*R6^2,16,8899/24576
R4^2*R6^2,18,-485479/3538944
R4^2*R6^2,20,20825/4718592
R4^2*R6*R7,12,7/384
R4^2*R6*R7,14,-119/1024
R4^2*R6*R7,16,15757/73728
R4^2*R6*R7,18,-87745/589824
R4^2*R6*R7,20,82775/2359296
R4^2*R6*R8,14,-245/36864
R4^2*R6*R8,16,343/8192
R4^2*R6*R8,18,-96677/1769472
R4^2*R6*R8,20,52675/2359296
R4^2*R6*R8,22,-824425/452984832
R4^2*R6*R9,16,343/165888
R4^2*R6*R9,18,-1715/196608
R4^2*R6*R9,20,573839/63700992
R4^2*R6*R9,22,-2780015/1019215872
R4^2*R6*R10,18,-2401/3538944
R4^2*R6*R10,20,12005/9437184
R4^2*R6*R10,22,-60025/75497472
R4^2*R6*R10,24,300125/1811939328
R4^2*R6*R11,20,16807/127401984
R4^2*R6*R11,22,-84035/509607936
R4^2*R6*R11,24,420175/8153726976
R4^2*R6*R12,22,-117649/12230590464
R4^2*R6*R12,24,588245/48922361856
R4^2*R6*R12,26,-2941225/782757789696
R4^2*R7^2,14,-49/6144
R4^2*R7^2,16,245/12288
R4^2*R7^2,18,-1225/65536
R4^2*R7^2,20,6125/786432
R4^2*R7^2,22,-30625/25165824
R4^2*R7*R8,16,343/73728
R4^2*R7*R8,18,-1715/196608
R4^2*R7*R8,20,8575/1572864
R4^2*R7*R8,22,-42875/37748736
R4^2*R7*R9,18,-2401/5308416
R4^2*R7*R9,20,12005/14155776
R4^2*R7*R9,22,-60025/113246208
R4^2*R7*R9,24,300125/2717908992
R4^2*R8^2,18,-2401/3538944
R4^2*R8^2,20,12005/14155776
R4^2*R8^2,22,-60025/226492416
R4^2*R8*R9,20,16807/127401984
R4^2*R8*R9,22,-84035/509607936
R4^2*R8*R9,24,420175/8153726976
R4^2*R9^2,22,-117649/18345885696
R4^2*R9^2,24,588245/73383542784
R4^2*R9^2,26,-2941225/1174136684544
R4*R5^3,12,7/16
R4*R5^3,14,-91/96
R4*R5^3,16,3647/9216
R4*R5^3,18,-35/1152
R4*R5^2*R6,12,7/48
R4*R5^2*R6,14,-371/384
R4*R5^2*R6,16,19355/18432
R4*R5^2*R6,18,-32459/147456
R4*R5^2*R6,20,245/55296
R4*R5^2*R7,14,-49/256
R4*R5^2*R7,16,1225/3072
R4*R5^2*R7,18,-29645/147456
R4*R5^2*R7,20,1225/73728
R4*R5^2*R8,14,-49/9216
R4*R5^2*R8,16,2401/24576
R4*R5^2*R8,18,-178507/1769472
R4*R5^2*R8,20,274645/14155776
R4*R5^2*R9,16,343/55296
R4*R5^2*R9,18,-32585/1327104
R4*R5^2*R9,20,80605/5308416
R4*R5^2*R9,22,-12005/15925248
R4*R5^2*R10,18,-2401/884736
R4*R5^2*R10,20,12005/3538944
R4*R5^2*R10,22,-60025/56623104
R4*R5^2*R11,20,16807/31850496
R4*R5^2*R11,22,-84035/254803968
R4*R5^2*R12,22,-117649/3057647616
R4*R5^2*R12,24,588245/24461180928
R4*R5*R6^2,12,7/576
R4*R5*R6^2,14,-539/4608
R4*R5*R6^2,16,42077/110592
R4*R5*R6^2,18,-123557/442368
R4*R5*R6^2,20,590401/21233664
R4*R5*R6*R7,14,-49/2304
R4*R5*R6*R7,16,2597/18432
R4*R5*R6*R7,18,-84721/442368
R4*R5*R6*R7,20,86975/1179648
R4*R5*R6*R7,22,-8575/3538944
R4*R5*R6*R8,16,1715/221184
R4*R5*R6*R8,18,-29155/589824
R4*R5*R6*R8,20,1625477/42467328
R4*R5*R6*R8,22,-512785/113246208
R4*R5*R6*R9,18,-2401/995328
R4*R5*R6*R9,20,146461/15925248
R4*R5*R6*R9,22,-1010821/191102976
R4*R5*R6*R9,24,84035/764411904
R4*R5*R6*R10,20,16807/21233664
R4*R5*R6*R10,22,-84035/84934656
R4*R5*R6*R10,24,420175/1358954496
R4*R5*R6*R11,22,-117649/764411904
R4*R5*R6*R11,24,588245/6115295232
R4*R5*R6*R12,24,823543/73383542784
R4*R5*R6*R12,26,-4117715/587068342272
R4*R5*R7^2,16,343/36864
R4*R5*R7^2,18,-1715/98304
R4*R5*R7^2,20,8575/786432
R4*R5*R7^2,22,-42875/18874368
R4*R5*R7*R8,18,-2401/442368
R4*R5*R7*R8,20,12005/1769472
R4*R5*R7*R8,22,-60025/28311552
R4*R5*R7*R9,20,16807/31850496
R4*R5*R7*R9,22,-84035/127401984
R4*R5*R7*R9,24,420175/2038431744
R4*R5*R8^2,20,16807/21233664
R4*R5*R8^2,22,-84035/169869312
R4*R5*R8*R9,22,-117649/764411904
R4*R5*R8*R9,24,588245/6115295232
R4*R5*R9^2,24,823543/110075314176
R4*R5*R9^2,26,-4117715/880602513408
R4*R6^3,14,-49/27648
R4*R6^3,16,343/24576
R4*R6^3,18,-48167/1327104
R4*R6^3,20,33565/1572864
R4*R6^3,22,-204085/339738624
R4*R6^2*R7,16,343/110592
R4*R6^2*R7,18,-29155/1769472
R4*R6^2*R7,20,103243/5308416
R4*R6^2*R7,22,-2200345/339738624
R4*R6^2*R8,18,-2401/2359296
R4*R6^2*R8,20,290521/56623104
R4*R6^2*R8,22,-4669945/1358954496
R4*R6^2*R8,24,8079365/32614907904
R4*R6^2*R9,20,84035/382205952
R4*R6^2*R9,22,-2504243/3057647616
R4*R6^2*R9,24,16454053/36691771392
R4*R6^2*R10,22,-117649/2038431744
R4*R6^2*R10,24,588245/8153726976
R4*R6^2*R10,26,-2941225/130459631616
R4*R6^2*R11,24,823543/73383542784
R4*R6^2*R11,26,-4117715/587068342272
R4*R6^2*R12,26,-5764801/7044820107264
R4*R6^2*R12,28,28824005/56358560858112
R4*R6*R7^2,18,-2401/1769472
R4*R6*R7^2,20,12005/4718592
R4*R6*R7^2,22,-60025/37748736
R4*R6*R7^2,24,300125/905969664
R4*R6*R7*R8,20,16807/21233664
R4*R6*R7*R8,22,-84035/84934656
R4*R6*R7*R8,24,420175/1358954496
R4*R6*R7*R9,22,-117649/1528823808
R4*R6*R7*R9,24,588245/6115295232
R4*R6*R7*R9,26,-2941225/97844723712
R4*R6*R8^2,22,-117649/1019215872
R4*R6*R8^2,24,588245/8153726976
R4*R6*R8*R9,24,823543/36691771392
R4*R6*R8*R9,26,-4117715/293534171136
R4*R6*R9^2,26,-5764801/5283615080448
R4*R6*R9^2,28,28824005/42268920643584
R5^4,14,-49/384
R5^4,16,1519/13824
R5^4,18,-49/3456
R5^3*R6,14,-49/1152
R5^3*R6,16,6713/27648
R5^3*R6,18,-31801/331776
R5^3*R6,20,343/82944
R5^3*R7,16,343/6912
R5^3*R7,18,-6517/110592
R5^3*R7,20,1715/221184
R5^3*R8,16,343/331776
R5^3*R8,18,-29155/1327104
R5^3*R8,20,461335/63700992
R5^3*R9,18,-2401/1990656
R5^3*R9,20,69629/15925248
R5^3*R9,22,-16807/47775744
R5^3*R10,20,16807/31850496
R5^3*R10,22,-84035/254803968
R5^3*R11,22,-117649/1146617856
R5^3*R12,24,823543/110075314176
R5^2*R6^2,14,-49/13824
R5^2*R6^2,16,2107/55296
R5^2*R6^2,18,-76097/663552
R5^2*R6^2,20,14749/663552
R5^2*R6^2,22,-2401/7962624
R5^2*R6*R7,16,343/55296
R5^2*R6*R7,18,-18865/442368
R5^2*R6*R7,20,22981/663552
R5^2*R6*R7,22,-12005/5308416
R5^2*R6*R8,18,-12005/5308416
R5^2*R6*R8,20,103243/7077888
R5^2*R6*R8,22,-2691521/1019215872
R5^2*R6*R9,20,16807/23887872
R5^2*R6*R9,22,-1831963/764411904
R5^2*R6*R9,24,117649/1146617856
R5^2*R6*R10,22,-117649/509607936
R5^2*R6*R10,24,588245/4076863488
R5^2*R6*R11,24,823543/18345885696
R5^2*R6*R12,26,-5764801/1761205026816
R5^2*R7^2,18,-2401/884736
R5^2*R7^2,20,12005/3538944
R5^2*R7^2,22,-60025/56623104
R5^2*R7*R8,20,16807/10616832
R5^2*R7*R8,22,-84035/84934656
R5^2*R7*R9,22,-117649/764411904
R5^2*R7*R9,24,588245/6115295232
R5^2*R8^2,22,-117649/509607936
R5^2*R8*R9,24,823543/18345885696
R5^2*R9^2,26,-5764801/2641807540224
R5*R6^3,16,343/331776
R5*R6^3,18,-22295/2654208
R5*R6^3,20,1244747/63700992
R5*R6^3,22,-1322951/764411904
R5*R6^2*R7,18,-2401/1327104
R5*R6^2*R7,20,98441/10616832
R5*R6^2*R7,22,-1615873/254803968
R5*R6^2*R7,24,84035/509607936
R5*R6^2*R8,20,16807/28311552
R5*R6^2*R8,22,-2907611/1019215872
R5*R6^2*R8,24,5025293/16307453952
R5*R6^2*R9,22,-588245/4586471424
R5*R6^2*R9,24,15412019/36691771392
R5*R6^2*R9,26,-823543/110075314176
R5*R6^2*R10,24,823543/24461180928
R5*R6^2*R10,26,-4117715/195689447424
R5*R6^2*R11,26,-5764801/880602513408
R5*R6^2*R12,28,40353607/84537841287168
R5*R6*R7^2,20,16807/21233664
R5*R6*R7^2,22,-84035/84934656
R5*R6*R7^2,24,420175/1358954496
R5*R6*R7*R8,22,-117649/254803968
R5*R6*R7*R8,24,588245/2038431744
R5*R6*R7*R9,24,823543/18345885696
R5*R6*R7*R9,26,-4117715/146767085568
R5*R6*R8^2,24,823543/12230590464
R5*R6*R8*R9,26,-5764801/440301256704
R5*R6*R9^2,28,40353607/63403380965376
R6^4,18,-2401/31850496
R6^4,20,69629/127401984
R6^4,22,-751513/679477248
R6^4,24,2000033/73383542784
R6^3*R7,20,16807/127401984
R6^3*R7,22,-1831963/3057647616
R6^3*R7,24,84035/226492416
R6^3*R8,22,-1529437/36691771392
R6^3*R8,24,25529833/146767085568
R6^3*R8,26,-79177777/7044820107264
R6^3*R9,24,823543/110075314176
R6^3*R9,26,-14000231/587068342272
R6^3*R10,26,-5764801/3522410053632
R6^3*R10,28,28824005/28179280429056
R6^3*R11,28,40353607/126806761930752
R6^3*R12,30,-282475249/12173449145352192
R6^2*R7^2,22,-117649/2038431744
R6^2*R7^2,24,588245/8153726976
R6^2*R7^2,26,-2941225/130459631616
R6^2*R7*R8,24,823543/24461180928
R6^2*R7*R8,26,-4117715/195689447424
R6^2*R7*R9,26,-5764801/1761205026816
R6^2*R7*R9,28,28824005/14089640214528
R6^2*R8^2,26,-5764801/1174136684544
R6^2*R8*R9,28,40353607/42268920643584
R6^2*R9^2,30,-282475249/6086724572676096
R2^4*R7,10,1
R2^4*R8,10,5/2
R2^4*R8,12,-19/48
R2^4*R9,10,5/3
R2^4*R9,12,-5/3
R2^4*R10,10,5/12
R2^4*R10,12,-25/16
R2^4*R10,14,635/2304
R2^4*R11,10,1/24
R2^4*R11,12,-145/288
R2^4*R11,14,2245/4608
R2^4*R12,10,1/720
R2^4*R12,12,-71/1152
R2^4*R12,14,2101/9216
R2^4*R12,16,-11177/221184
R2^4*R13,12,-7/2880
R2^4*R13,14,7/192
R2^4*R13,16,-15211/331776
R2^4*R14,14,49/27648
R2^4*R14,16,-3577/331776
R2^4*R14,18,55027/15925248
R2^4*R15,16,-343/497664
R2^4*R15,18,12691/7962624
R2^4*R16,18,2401/15925248
R2^4*R16,20,-12005/127401984
R2^4*R17,20,-16807/955514880
R2^4*R18,22,117649/137594142720
R2^3*R3*R6,10,4
R2^3*R3*R7,10,8
R2^3*R3*R7,12,-8/3
R2^3*R3*R8,10,4
R2^3*R3*R8,12,-97/12
R2^3*R3*R8,14,133/288
R2^3*R3*R9,10,2/3
R2^3*R3*R9,12,-101/18
R2^3*R3*R9,14,799/288
R2^3*R3*R10,10,1/30
R2^3*R3*R10,12,-23/18
R2^3*R3*R10,14,3389/1152
R2^3*R3*R10,16,-4445/13824
R2^3*R3*R11,12,-7/72
R2^3*R3*R11,14,203/216
R2^3*R3*R11,16,-3143/4608
R2^3*R3*R12,12,-7/4320
R2^3*R3*R12,14,77/768
R2^3*R3*R12,16,-55685/165888
R2^3*R3*R12,18,78239/1327104
R2^3*R3*R13,14,49/17280
R2^3*R3*R13,16,-2107/41472
R2^3*R3*R13,18,116767/1990656
R2^3*R3*R14,16,-343/165888
R2^3*R3*R14,18,1715/124416
R2^3*R3*R14,20,-385189/95551488
R2^3*R3*R15,18,2401/2985984
R2^3*R3*R15,20,-2401/1244160
R2^3*R3*R16,20,-16807/95551488
R2^3*R3*R16,22,84035/764411904
R2^3*R3*R17,22,117649/5733089280
R2^3*R3*R18,24,-823543/825564856320
R2^3*R4*R5,10,4
R2^3*R4*R6,10,8
R2^3*R4*R6,12,-8/3
R2^3*R4*R7,10,6
R2^3*R4*R7,12,-7
R2^3*R4*R7,14,15/32
R2^3*R4*R8,10,13/6
R2^3*R4*R8,12,-45/8
R2^3*R4*R8,14,2533/1152
R2^3*R4*R9,10,1/3
R2^3*R4*R9,12,-161/72
R2^3*R4*R9,14,1207/576
R2^3*R4*R9,16,-1195/4608
R2^3*R4*R10,10,1/60
R2^3*R4*R10,12,-13/32
R2^3*R4*R10,14,685/768
R2^3*R4*R10,16,-825/2048
R2^3*R4*R11,12,-7/288
R2^3*R4*R11,14,49/256
R2^3*R4*R11,16,-30443/165888
R2^3*R4*R11,18,15715/442368
R2^3*R4*R12,14,49/3456
R2^3*R4*R12,16,-1813/41472
R2^3*R4*R12,18,22883/995328
R2^3*R4*R13,16,-343/82944
R2^3*R4*R13,18,1715/331776
R2^3*R4*R13,20,-8575/5308416
R2^3*R4*R14,18,2401/3981312
R2^3*R4*R14,20,-12005/31850496
R2^3*R4*R15,20,-16807/477757440
R2^3*R4*R15,22,16807/764411904
R2^3*R5^2,10,4
R2^3*R5^2,12,-4/3
R2^3*R5*R6,10,20/3
R2^3*R5*R6,12,-7
R2^3*R5*R6,14,17/36
R2^3*R5*R7,10,2
R2^3*R5*R7,12,-22/3
R2^3*R5*R7,14,197/96
R2^3*R5*R8,10,1/6
R2^3*R5*R8,12,-217/72
R2^3*R5*R8,14,3293/1152
R2^3*R5*R8,16,-673/3456
R2^3*R5*R9,12,-7/18
R2^3*R5*R9,14,721/432
R2^3*R5*R9,16,-4529/10368
R2^3*R5*R10,12,-7/720
R2^3*R5*R10,14,91/288
R2^3*R5*R10,16,-1253/3072
R2^3*R5*R10,18,245/13824
R2^3*R5*R11,14,49/3456
R2^3*R5*R11,16,-4949/41472
R2^3*R5*R11,18,76979/1990656
R2^3*R5*R12,16,-343/41472
R2^3*R5*R12,18,42875/1990656
R2^3*R5*R12,20,-2401/5971968
R2^3*R5*R13,18,2401/995328
R2^3*R5*R13,20,-12005/7962624
R2^3*R5*R14,20,-16807/47775744
R2^3*R5*R15,22,117649/5733089280
R2^3*R6^2,10,1
R2^3*R6^2,12,-139/36
R2^3*R6^2,14,197/192
R2^3*R6*R7,10,1/3
R2^3*R6*R7,12,-65/24
R2^3*R6*R7,14,215/64
R2^3*R6*R7,16,-889/4608
R2^3*R6*R8,10,1/36
R2^3*R6*R8,12,-115/288
R2^3*R6*R8,14,11095/6912
R2^3*R6*R8,16,-3889/6144
R2^3*R6*R9,12,-7/216
R2^3*R6*R9,14,203/864
R2^3*R6*R9,16,-6965/13824
R2^3*R6*R9,18,10241/248832
R2^3*R6*R10,14,539/34560
R2^3*R6*R10,16,-2597/27648
R2^3*R6*R10,18,105791/1327104
R2^3*R6*R11,16,-2401/497664
R2^3*R6*R11,18,49735/1990656
R2^3*R6*R11,20,-154007/31850496
R2^3*R6*R12,18,16807/11943936
R2^3*R6*R12,20,-117649/31850496
R2^3*R6*R13,20,-16807/47775744
R2^3*R6*R13,22,84035/382205952
R2^3*R6*R14,22,117649/2293235712
R2^3*R6*R15,24,-823543/275188285440
R2^3*R7^2,12,-7/24
R2^3*R7^2,14,35/48
R2^3*R7^2,16,-175/512
R2^3*R7*R8,12,-7/288
R2^3*R7*R8,14,833/2304
R2^3*R7*R8,16,-22561/55296
R2^3*R7*R8,18,23555/442368
R2^3*R7*R9,14,49/1728
R2^3*R7*R9,16,-539/5184
R2^3*R7*R9,18,7105/110592
R2^3*R7*R10,16,-343/27648
R2^3*R7*R10,18,1715/110592
R2^3*R7*R10,20,-8575/1769472
R2^3*R7*R11,18,2401/995328
R2^3*R7*R11,20,-12005/7962624
R2^3*R7*R12,20,-16807/95551488
R2^3*R7*R12,22,84035/764411904
R2^3*R8^2,14,49/6912
R2^3*R8^2,16,-2107/27648
R2^3*R8^2,18,32977/1327104
R2^3*R8*R9,16,-4459/497664
R2^3*R8*R9,18,60025/1990656
R2^3*R8*R9,20,-230839/95551488
R2^3*R8*R10,18,2401/663552
R2^3*R8*R10,20,-12005/5308416
R2^3*R8*R11,20,-16807/23887872
R2^3*R8*R12,22,117649/2293235712
R2^3*R9^2,18,2401/2985984
R2^3*R9^2,20,-26411/11943936
R2^3*R9*R10,20,-16807/47775744
R2^3*R9*R10,22,84035/382205952
R2^3*R9*R11,22,117649/1719926784
R2^3*R9*R12,24,-823543/165112971264
R2^2*R3^2*R5,10,6
R2^2*R3^2*R6,10,9
R2^2*R3^2*R6,12,-45/8
R2^2*R3^2*R7,10,3
R2^2*R3^2*R7,12,-101/8
R2^2*R3^2*R7,14,175/96
R2^2*R3^2*R8,10,1/4
R2^2*R3^2*R8,12,-99/16
R2^2*R3^2*R8,14,5125/768
R2^2*R3^2*R8,16,-931/4608
R2^2*R3^2*R9,12,-7/8
R2^2*R3^2*R9,14,175/36
R2^2*R3^2*R9,16,-1211/768
R2^2*R3^2*R10,12,-7/240
R2^2*R3^2*R10,14,595/576
R2^2*R3^2*R10,16,-4277/2304
R2^2*R3^2*R10,18,31115/221184
R2^2*R3^2*R11,14,49/768
R2^2*R3^2*R11,16,-1813/3072
R2^2*R3^2*R11,18,154007/442368
R2^2*R3^2*R12,14,49/69120
R2^2*R3^2*R12,16,-6223/110592
R2^2*R3^2*R12,18,158515/884736
R2^2*R3^2*R12,20,-547673/21233664
R2^2*R3^2*R13,16,-343/276480
R2^2*R3^2*R13,18,8575/331776
R2^2*R3^2*R13,20,-889399/31850496
R2^2*R3^2*R14,18,2401/2654208
R2^2*R3^2*R14,20,-69629/10616832
R2^2*R3^2*R14,22,2696323/1528823808
R2^2*R3^2*R15,20,-16807/47775744
R2^2*R3^2*R15,22,3344593/3822059520
R2^2*R3^2*R16,22,117649/1528823808
R2^2*R3^2*R16,24,-588245/12230590464
R2^2*R3^2*R17,24,-823543/91729428480
R2^2*R3^2*R18,26,5764801/13209037701120
R2^2*R3*R4^2,10,6
R2^2*R3*R4*R5,10,18
R2^2*R3*R4*R5,12,-45/4
R2^2*R3*R4*R6,10,11
R2^2*R3*R4*R6,12,-22
R2^2*R3*R4*R6,14,703/192
R2^2*R3*R4*R7,10,3
R2^2*R3*R4*R7,12,-29/2
R2^2*R3*R4*R7,14,687/64
R2^2*R3*R4*R7,16,-105/256
R2^2*R3*R4*R8,10,1/4
R2^2*R3*R4*R8,12,-455/96
R2^2*R3*R4*R8,14,2045/256
R2^2*R3*R4*R8,16,-45557/18432
R2^2*R3*R4*R9,12,-7/12
R2^2*R3*R4*R9,14,847/288
R2^2*R3*R4*R9,16,-32963/13824
R2^2*R3*R4*R9,18,8365/36864
R2^2*R3*R4*R10,12,-7/480
R2^2*R3*R4*R10,14,371/768
R2^2*R3*R4*R10,16,-1925/2048
R2^2*R3*R4*R10,18,19775/49152
R2^2*R3*R4*R11,14,49/2304
R2^2*R3*R4*R11,16,-10633/55296
R2^2*R3*R4*R11,18,233681/1327104
R2^2*R3*R4*R11,20,-110005/3538944
R2^2*R3*R4*R12,16,-343/27648
R2^2*R3*R4*R12,18,53165/1327104
R2^2*R3*R4*R12,20,-676739/31850496
R2^2*R3*R4*R13,18,2401/663552
R2^2*R3*R4*R13,20,-12005/2654208
R2^2*R3*R4*R13,22,60025/42467328
R2^2*R3*R4*R14,20,-16807/31850496
R2^2*R3*R4*R14,22,84035/254803968
R2^2*R3*R4*R15,22,117649/3822059520
R2^2*R3*R4*R15,24,-117649/6115295232
R2^2*R3*R5^2,10,6
R2^2*R3*R5^2,12,-11
R2^2*R3*R5^2,14,11/6
R2^2*R3*R5*R6,10,2
R2^2*R3*R5*R6,12,-19
R2^2*R3*R5*R6,14,247/24
R2^2*R3*R5*R6,16,-119/288
R2^2*R3*R5*R7,12,-21/4
R2^2*R3*R5*R7,14,91/8
R2^2*R3*R5*R7,16,-553/256
R2^2*R3*R5*R8,12,-7/24
R2^2*R3*R5*R8,14,679/144
R2^2*R3*R5*R8,16,-14665/4608
R2^2*R3*R5*R8,18,4711/27648
R2^2*R3*R5*R9,14,49/96
R2^2*R3*R5*R9,16,-1519/768
R2^2*R3*R5*R9,18,1225/3072
R2^2*R3*R5*R10,14,49/5760
R2^2*R3*R5*R10,16,-539/1536
R2^2*R3*R5*R10,18,29743/73728
R2^2*R3*R5*R10,20,-1715/110592
R2^2*R3*R5*R11,16,-343/27648
R2^2*R3*R5*R11,18,39445/331776
R2^2*R3*R5*R11,20,-538853/15925248
R2^2*R3*R5*R12,18,2401/331776
R2^2*R3*R5*R12,20,-26411/1327104
R2^2*R3*R5*R12,22,16807/47775744
R2^2*R3*R5*R13,20,-16807/7962624
R2^2*R3*R5*R13,22,84035/63700992
R2^2*R3*R5*R14,22,117649/382205952
R2^2*R3*R5*R15,24,-823543/45864714240
R2^2*R3*R6^2,10,1/6
R2^2*R3*R6^2,12,-25/12
R2^2*R3*R6^2,14,7297/1152
R2^2*R3*R6^2,16,-2485/2304
R2^2*R3*R6*R7,12,-7/12
R2^2*R3*R6*R7,14,371/96
R2^2*R3*R6*R7,16,-6265/1536
R2^2*R3*R6*R7,18,6223/36864
R2^2*R3*R6*R8,12,-7/288
R2^2*R3*R6*R8,14,175/384
R2^2*R3*R6*R8,16,-107359/55296
R2^2*R3*R6*R8,18,8687/13824
R2^2*R3*R6*R9,14,49/1728
R2^2*R3*R6*R9,16,-4949/20736
R2^2*R3*R6*R9,18,89425/165888
R2^2*R3*R6*R9,20,-71687/1990656
R2^2*R3*R6*R10,16,-3773/276480
R2^2*R3*R6*R10,18,1715/18432
R2^2*R3*R6*R10,20,-812567/10616832
R2^2*R3*R6*R11,18,16807/3981312
R2^2*R3*R6*R11,20,-127253/5308416
R2^2*R3*R6*R11,22,1078049/254803968
R2^2*R3*R6*R12,20,-117649/95551488
R2^2*R3*R6*R12,22,1294139/382205952
R2^2*R3*R6*R13,22,117649/382205952
R2^2*R3*R6*R13,24,-588245/3057647616
R2^2*R3*R6*R14,24,-823543/18345885696
R2^2*R3*R6*R15,26,5764801/2201506283520
R2^2*R3*R7^2,14,49/128
R2^2*R3*R7^2,16,-1225/1536
R2^2*R3*R7^2,18,8575/24576
R2^2*R3*R7*R8,14,49/2304
R2^2*R3*R7*R8,16,-2401/6144
R2^2*R3*R7*R8,18,178507/442368
R2^2*R3*R7*R8,20,-164885/3538944
R2^2*R3*R7*R9,16,-343/13824
R2^2*R3*R7*R9,18,32585/331776
R2^2*R3*R7*R9,20,-80605/1327104
R2^2*R3*R7*R10,18,2401/221184
R2^2*R3*R7*R10,20,-12005/884736
R2^2*R3*R7*R10,22,60025/14155776
R2^2*R3*R7*R11,20,-16807/7962624
R2^2*R3*R7*R11,22,84035/63700992
R2^2*R3*R7*R12,22,117649/764411904
R2^2*R3*R7*R12,24,-588245/6115295232
R2^2*R3*R8^2,16,-343/55296
R2^2*R3*R8^2,18,8575/110592
R2^2*R3*R8^2,20,-230839/10616832
R2^2*R3*R8*R9,18,31213/3981312
R2^2*R3*R8*R9,20,-16807/589824
R2^2*R3*R8*R9,22,1615873/764411904
R2^2*R3*R8*R10,20,-16807/5308416
R2^2*R3*R8*R10,22,84035/42467328
R2^2*R3*R8*R11,22,117649/191102976
R2^2*R3*R8*R12,24,-823543/18345885696
R2^2*R3*R9^2,20,-16807/23887872
R2^2*R3*R9^2,22,2336173/1146617856
R2^2*R3*R9*R10,22,117649/382205952
R2^2*R3*R9*R10,24,-588245/3057647616
R2^2*R3*R9*R11,24,-823543/13759414272
R2^2*R3*R9*R12,26,5764801/1320903770112
R2^2*R4^3,10,3
R2^2*R4^3,12,-15/8
R2^2*R4^2*R5,10,15/2
R2^2*R4^2*R5,12,-75/8
R2^2*R4^2*R5,14,235/128
R2^2*R4^2*R6,10,13/4
R2^2*R4^2*R6,12,-243/32
R2^2*R4^2*R6,14,3121/768
R2^2*R4^2*R6,16,-425/2048
R2^2*R4^2*R7,10,3/4
R2^2*R4^2*R7,12,-103/32
R2^2*R4^2*R7,14,805/256
R2^2*R4^2*R7,16,-1825/2048
R2^2*R4^2*R8,10,1/16
R2^2*R4^2*R8,12,-3/4
R2^2*R4^2*R8,14,257/192
R2^2*R4^2*R8,16,-1425/2048
R2^2*R4^2*R8,18,16825/196608
R2^2*R4^2*R9,12,-7/96
R2^2*R4^2*R9,14,7/24
R2^2*R4^2*R9,16,-16807/55296
R2^2*R4^2*R9,18,20755/221184
R2^2*R4^2*R10,14,49/1536
R2^2*R4^2*R10,16,-245/4096
R2^2*R4^2*R10,18,1225/32768
R2^2*R4^2*R10,20,-6125/786432
R2^2*R4^2*R11,16,-343/55296
R2^2*R4^2*R11,18,1715/221184
R2^2*R4^2*R11,20,-8575/3538944
R2^2*R4^2*R12,18,2401/5308416
R2^2*R4^2*R12,20,-12005/21233664
R2^2*R4^2*R12,22,60025/339738624
R2^2*R4*R5^2,10,3
R2^2*R4*R5^2,12,-73/8
R2^2*R4*R5^2,14,123/32
R2^2*R4*R5^2,16,-5/24
R2^2*R4*R5*R6,10,1
R2^2*R4*R5*R6,12,-187/24
R2^2*R4*R5*R6,14,847/96
R2^2*R4*R5*R6,16,-53/36
R2^2*R4*R5*R7,12,-7/4
R2^2*R4*R5*R7,14,49/12
R2^2*R4*R5*R7,16,-525/256
R2^2*R4*R5*R7,18,175/1536
R2^2*R4*R5*R8,12,-7/96
R2^2*R4*R5*R8,14,833/768
R2^2*R4*R5*R8,16,-20993/18432
R2^2*R4*R5*R8,18,10465/49152
R2^2*R4*R5*R9,14,49/576
R2^2*R4*R5*R9,16,-539/1728
R2^2*R4*R5*R9,18,61201/331776
R2^2*R4*R5*R9,20,-1715/331776
R2^2*R4*R5*R10,16,-343/9216
R2^2*R4*R5*R10,18,1715/36864
R2^2*R4*R5*R10,20,-8575/589824
R2^2*R4*R5*R11,18,2401/331776
R2^2*R4*R5*R11,20,-12005/2654208
R2^2*R4*R5*R12,20,-16807/31850496
R2^2*R4*R5*R12,22,84035/254803968
R2^2*R4*R6^2,10,1/12
R2^2*R4*R6^2,12,-21/32
R2^2*R4*R6^2,14,4471/2304
R2^2*R4*R6^2,16,-8125/6144
R2^2*R4*R6^2,18,4165/73728
R2^2*R4*R6*R7,12,-7/48
R2^2*R4*R6*R7,14,161/192
R2^2*R4*R6*R7,16,-10241/9216
R2^2*R4*R6*R7,18,1855/4608
R2^2*R4*R6*R8,14,245/4608
R2^2*R4*R6*R8,16,-11123/36864
R2^2*R4*R6*R8,18,22295/98304
R2^2*R4*R6*R8,20,-164885/7077888
R2^2*R4*R6*R9,16,-343/20736
R2^2*R4*R6*R9,18,39445/663552
R2^2*R4*R6*R9,20,-522389/15925248
R2^2*R4*R6*R10,18,2401/442368
R2^2*R4*R6*R10,20,-12005/1769472
R2^2*R4*R6*R10,22,60025/28311552
R2^2*R4*R6*R11,20,-16807/15925248
R2^2*R4*R6*R11,22,84035/127401984
R2^2*R4*R6*R12,22,117649/1528823808
R2^2*R4*R6*R12,24,-588245/12230590464
R2^2*R4*R7^2,14,49/768
R2^2*R4*R7^2,16,-245/2048
R2^2*R4*R7^2,18,1225/16384
R2^2*R4*R7^2,20,-6125/393216
R2^2*R4*R7*R8,16,-343/9216
R2^2*R4*R7*R8,18,1715/36864
R2^2*R4*R7*R8,20,-8575/589824
R2^2*R4*R7*R9,18,2401/663552
R2^2*R4*R7*R9,20,-12005/2654208
R2^2*R4*R7*R9,22,60025/42467328
R2^2*R4*R8^2,18,2401/442368
R2^2*R4*R8^2,20,-12005/3538944
R2^2*R4*R8*R9,20,-16807/15925248
R2^2*R4*R8*R9,22,84035/127401984
R2^2*R4*R9^2,22,117649/2293235712
R2^2*R4*R9^2,24,-588245/18345885696
R2^2*R5^3,12,-7/4
R2^2*R5^3,14,161/96
R2^2*R5^3,16,-7/36
R2^2*R5^2*R6,12,-7/12
R2^2*R5^2*R6,14,959/288
R2^2*R5^2*R6,16,-5551/4608
R2^2*R5^2*R6,18,49/1728
R2^2*R5^2*R7,14,49/64
R2^2*R5^2*R7,16,-4459/4608
R2^2*R5^2*R7,18,245/2304
R2^2*R5^2*R8,14,49/2304
R2^2*R5^2*R8,16,-3479/9216
R2^2*R5^2*R8,18,54929/442368
R2^2*R5^2*R9,16,-343/13824
R2^2*R5^2*R9,18,1715/20736
R2^2*R5^2*R9,20,-2401/497664
R2^2*R5^2*R10,18,2401/221184
R2^2*R5^2*R10,20,-12005/1769472
R2^2*R5^2*R11,20,-16807/7962624
R2^2*R5^2*R12,22,117649/764411904
R2^2*R5*R6^2,12,-7/144
R2^2*R5*R6^2,14,7/16
R2^2*R5*R6^2,16,-33145/27648
R2^2*R5*R6^2,18,36799/221184
R2^2*R5*R6*R7,14,49/576
R2^2*R5*R6*R7,16,-49/96
R2^2*R5*R6*R7,18,44639/110592
R2^2*R5*R6*R7,20,-1715/110592
R2^2*R5*R6*R8,16,-1715/55296
R2^2*R5*R6*R8,18,39445/221184
R2^2*R5*R6*R8,20,-102557/3538944
R2^2*R5*R6*R9,18,2401/248832
R2^2*R5*R6*R9,20,-40817/1327104
R2^2*R5*R6*R9,22,16807/23887872
R2^2*R5*R6*R10,20,-16807/5308416
R2^2*R5*R6*R10,22,84035/42467328
R2^2*R5*R6*R11,22,117649/191102976
R2^2*R5*R6*R12,24,-823543/18345885696
R2^2*R5*R7^2,16,-343/9216
R2^2*R5*R7^2,18,1715/36864
R2^2*R5*R7^2,20,-8575/589824
R2^2*R5*R7*R8,18,2401/110592
R2^2*R5*R7*R8,20,-12005/884736
R2^2*R5*R7*R9,20,-16807/7962624
R2^2*R5*R7*R9,22,84035/63700992
R2^2*R5*R8^2,20,-16807/5308416
R2^2*R5*R8*R9,22,117649/191102976
R2^2*R5*R9^2,24,-823543/27518828544
R2^2*R6^3,14,49/6912
R2^2*R6^3,16,-1421/27648
R2^2*R6^3,18,12103/110592
R2^2*R6^3,20,-40817/10616832
R2^2*R6^2*R7,16,-343/27648
R2^2*R6^2*R7,18,8575/147456
R2^2*R6^2*R7,20,-135485/3538944
R2^2*R6^2*R8,18,2401/589824
R2^2*R6^2*R8,20,-127253/7077888
R2^2*R6^2*R8,22,1615873/1019215872
R2^2*R6^2*R9,20,-84035/95551488
R2^2*R6^2*R9,22,521017/191102976
R2^2*R6^2*R10,22,117649/509607936
R2^2*R6^2*R10,24,-588245/4076863488
R2^2*R6^2*R11,24,-823543/18345885696
R2^2*R6^2*R12,26,5764801/1761205026816
R2^2*R6*R7^2,18,2401/442368
R2^2*R6*R7^2,20,-12005/1769472
R2^2*R6*R7^2,22,60025/28311552
R2^2*R6*R7*R8,20,-16807/5308416
R2^2*R6*R7*R8,22,84035/42467328
R2^2*R6*R7*R9,22,117649/382205952
R2^2*R6*R7*R9,24,-588245/3057647616
R2^2*R6*R8^2,22,117649/254803968
R2^2*R6*R8*R9,24,-823543/9172942848
R2^2*R6*R9^2,26,5764801/1320903770112
R2*R3^3*R4,10,4
R2*R3^3*R5,10,4
R2*R3^3*R5,12,-29/6
R2*R3^3*R6,10,2/3
R2*R3^3*R6,12,-23/3
R2*R3^3*R6,14,217/96
R2*R3^3*R7,12,-7/3
R2*R3^3*R7,14,91/16
R2*R3^3*R7,16,-833/1728
R2*R3^3*R8,12,-7/48
R2*R3^3*R8,14,1589/576
R2*R3^3*R8,16,-57449/27648
R2*R3^3*R8,18,6517/165888
R2*R3^3*R9,14,49/144
R2*R3^3*R9,16,-32879/20736
R2*R3^3*R9,18,62573/165888
R2*R3^3*R10,14,49/5760
R2*R3^3*R10,16,-13181/41472
R2*R3^3*R10,18,35917/73728
R2*R3^3*R10,20,-217805/7962624
R2*R3^3*R11,16,-343/20736
R2*R3^3*R11,18,2401/15552
R2*R3^3*R11,20,-154007/1990656
R2*R3^3*R12,16,-343/2488320
R2*R3^3*R12,18,53165/3981312
R2*R3^3*R12,20,-1320893/31850496
R2*R3^3*R12,22,3833711/764411904
R2*R3^3*R13,18,2401/9953280
R2*R3^3*R13,20,-45619/7962624
R2*R3^3*R13,22,6730003/1146617856
R2*R3^3*R14,20,-16807/95551488
R2*R3^3*R14,22,789929/573308928
R2*R3^3*R14,24,-18874261/55037657088
R2*R3^3*R15,22,117649/1719926784
R2*R3^3*R15,24,-12117847/68797071360
R2*R3^3*R16,24,-823543/55037657088
R2*R3^3*R16,26,4117715/440301256704
R2*R3^3*R17,26,5764801/3302259425280
R2*R3^3*R18,28,-40353607/475525357240320
R2*R3^2*R4^2,10,6
R2*R3^2*R4^2,12,-29/4
R2*R3^2*R4*R5,10,6
R2*R3^2*R4*R5,12,-79/4
R2*R3^2*R4*R5,14,163/24
R2*R3^2*R4*R6,10,1
R2*R3^2*R4*R6,12,-32/3
R2*R3^2*R4*R6,14,2605/192
R2*R3^2*R4*R6,16,-3353/2304
R2*R3^2*R4*R7,12,-21/8
R2*R3^2*R4*R7,14,385/48
R2*R3^2*R4*R7,16,-7399/1536
R2*R3^2*R4*R7,18,245/2048
R2*R3^2*R4*R8,12,-7/48
R2*R3^2*R4*R8,14,1421/576
R2*R3^2*R4*R8,16,-3465/1024
R2*R3^2*R4*R8,18,97391/110592
R2*R3^2*R4*R9,14,49/192
R2*R3^2*R4*R9,16,-2695/2304
R2*R3^2*R4*R9,18,144599/165888
R2*R3^2*R4*R9,20,-58555/884736
R2*R3^2*R4*R10,14,49/11520
R2*R3^2*R4*R10,16,-3283/18432
R2*R3^2*R4*R10,18,47285/147456
R2*R3^2*R4*R10,20,-155575/1179648
R2*R3^2*R4*R11,16,-343/55296
R2*R3^2*R4*R11,18,84035/1327104
R2*R3^2*R4*R11,20,-1779827/31850496
R2*R3^2*R4*R11,22,770035/84934656
R2*R3^2*R4*R12,18,2401/663552
R2*R3^2*R4*R12,20,-2401/196608
R2*R3^2*R4*R12,22,2494639/382205952
R2*R3^2*R4*R13,20,-16807/15925248
R2*R3^2*R4*R13,22,84035/63700992
R2*R3^2*R4*R13,24,-420175/1019215872
R2*R3^2*R4*R14,22,117649/764411904
R2*R3^2*R4*R14,24,-588245/6115295232
R2*R3^2*R4*R15,24,-823543/91729428480
R2*R3^2*R4*R15,26,823543/146767085568
R2*R3^2*R5^2,12,-7
R2*R3^2*R5^2,14,105/16
R2*R3^2*R5^2,16,-35/48
R2*R3^2*R5*R6,12,-7/4
R2*R3^2*R5*R6,14,1729/144
R2*R3^2*R5*R6,16,-2527/576
R2*R3^2*R5*R6,18,833/6912
R2*R3^2*R5*R7,14,49/16
R2*R3^2*R5*R7,16,-11711/2304
R2*R3^2*R5*R7,18,13573/18432
R2*R3^2*R5*R8,14,49/384
R2*R3^2*R5*R8,16,-29449/13824
R2*R3^2*R5*R8,18,249263/221184
R2*R3^2*R5*R8,20,-32977/663552
R2*R3^2*R5*R9,16,-343/1728
R2*R3^2*R5*R9,18,123137/165888
R2*R3^2*R5*R9,20,-241129/1990656
R2*R3^2*R5*R10,16,-343/138240
R2*R3^2*R5*R10,18,1715/13824
R2*R3^2*R5*R10,20,-232211/1769472
R2*R3^2*R5*R10,22,12005/2654208
R2*R3^2*R5*R11,18,2401/663552
R2*R3^2*R5*R11,20,-103243/2654208
R2*R3^2*R5*R11,22,3771971/382205952
R2*R3^2*R5*R12,20,-16807/7962624
R2*R3^2*R5*R12,22,2336173/382205952
R2*R3^2*R5*R12,24,-117649/1146617856
R2*R3^2*R5*R13,22,117649/191102976
R2*R3^2*R5*R13,24,-588245/1528823808
R2*R3^2*R5*R14,24,-823543/9172942848
R2*R3^2*R5*R15,26,5764801/1100753141760
R2*R3^2*R6^2,12,-7/72
R2*R3^2*R6^2,14,301/288
R2*R3^2*R6^2,16,-5215/1728
R2*R3^2*R6^2,18,40621/110592
R2*R3^2*R6*R7,14,49/192
R2*R3^2*R6*R7,16,-3773/2304
R2*R3^2*R6*R7,18,14455/9216
R2*R3^2*R6*R7,20,-43561/884736
R2*R3^2*R6*R8,14,49/6912
R2*R3^2*R6*R8,16,-9065/55296
R2*R3^2*R6*R8,18,988183/1327104
R2*R3^2*R6*R8,20,-2176727/10616832
R2*R3^2*R6*R9,16,-343/41472
R2*R3^2*R6*R9,18,39445/497664
R2*R3^2*R6*R9,20,-374213/1990656
R2*R3^2*R6*R9,22,501809/47775744
R2*R3^2*R6*R10,18,26411/6635520
R2*R3^2*R6*R10,20,-160867/5308416
R2*R3^2*R6*R10,22,6192179/254803968
R2*R3^2*R6*R11,20,-117649/95551488
R2*R3^2*R6*R11,22,2907611/382205952
R2*R3^2*R6*R11,24,-7546343/6115295232
R2*R3^2*R6*R12,22,823543/2293235712
R2*R3^2*R6*R12,24,-18941489/18345885696
R2*R3^2*R6*R13,24,-823543/9172942848
R2*R3^2*R6*R13,26,4117715/73383542784
R2*R3^2*R6*R14,26,5764801/440301256704
R2*R3^2*R6*R15,28,-40353607/52836150804480
R2*R3^2*R7^2,16,-343/2304
R2*R3^2*R7^2,18,1715/6144
R2*R3^2*R7^2,20,-8575/73728
R2*R3^2*R7*R8,16,-343/55296
R2*R3^2*R7*R8,18,60025/442368
R2*R3^2*R7*R8,20,-1393609/10616832
R2*R3^2*R7*R8,22,1154195/84934656
R2*R3^2*R7*R9,18,2401/331776
R2*R3^2*R7*R9,20,-40817/1327104
R2*R3^2*R7*R9,22,1212505/63700992
R2*R3^2*R7*R10,20,-16807/5308416
R2*R3^2*R7*R10,22,84035/21233664
R2*R3^2*R7*R10,24,-420175/339738624
R2*R3^2*R7*R11,22,117649/191102976
R2*R3^2*R7*R11,24,-588245/1528823808
R2*R3^2*R7*R12,24,-823543/18345885696
R2*R3^2*R7*R12,26,4117715/146767085568
R2*R3^2*R8^2,18,2401/1327104
R2*R3^2*R8^2,20,-45619/1769472
R2*R3^2*R8^2,22,1615873/254803968
R2*R3^2*R8*R9,20,-218491/95551488
R2*R3^2*R8*R9,22,3411821/382205952
R2*R3^2*R8*R9,24,-11311111/18345885696
R2*R3^2*R8*R10,22,117649/127401984
R2*R3^2*R8*R10,24,-588245/1019215872
R2*R3^2*R8*R11,24,-823543/4586471424
R2*R3^2*R8*R12,26,5764801/440301256704
R2*R3^2*R9^2,22,117649/573308928
R2*R3^2*R9^2,24,-8588377/13759414272
R2*R3^2*R9*R10,24,-823543/9172942848
R2*R3^2*R9*R10,26,4117715/73383542784
R2*R3^2*R9*R11,26,5764801/330225942528
R2*R3^2*R9*R12,28,-40353607/31701690482688
R2*R3*R4^3,10,3
R2*R3*R4^3,12,-11/2
R2*R3*R4^3,14,145/64
R2*R3*R4^2*R5,10,3
R2*R3*R4^2*R5,12,-101/8
R2*R3*R4^2*R5,14,645/64
R2*R3*R4^2*R5,16,-2245/1536
R2*R3*R4^2*R6,10,1/2
R2*R3*R4^2*R6,12,-13/3
R2*R3*R4^2*R6,14,1421/192
R2*R3*R4^2*R6,16,-1957/576
R2*R3*R4^2*R6,18,2975/24576
R2*R3*R4^2*R7,12,-7/8
R2*R3*R4^2*R7,14,259/96
R2*R3*R4^2*R7,16,-3605/1536
R2*R3*R4^2*R7,18,1925/3072
R2*R3*R4^2*R8,12,-7/192
R2*R3*R4^2*R8,14,217/384
R2*R3*R4^2*R8,16,-4333/4608
R2*R3*R4^2*R8,18,175/384
R2*R3*R4^2*R8,20,-117775/2359296
R2*R3*R4^2*R9,14,49/1152
R2*R3*R4^2*R9,16,-5047/27648
R2*R3*R4^2*R9,18,127939/663552
R2*R3*R4^2*R9,20,-316295/5308416
R2*R3*R4^2*R10,16,-343/18432
R2*R3*R4^2*R10,18,1715/49152
R2*R3*R4^2*R10,20,-8575/393216
R2*R3*R4^2*R10,22,42875/9437184
R2*R3*R4^2*R11,18,2401/663552
R2*R3*R4^2*R11,20,-12005/2654208
R2*R3*R4^2*R11,22,60025/42467328
R2*R3*R4^2*R12,20,-16807/63700992
R2*R3*R4^2*R12,22,84035/254803968
R2*R3*R4^2*R12,24,-420175/4076863488
R2*R3*R4*R5^2,12,-21/4
R2*R3*R4*R5^2,14,931/96
R2*R3*R4*R5^2,16,-1141/384
R2*R3*R4*R5^2,18,35/288
R2*R3*R4*R5*R6,12,-7/6
R2*R3*R4*R5*R6,14,1085/144
R2*R3*R4*R5*R6,16,-1393/192
R2*R3*R4*R5*R6,18,6671/6912
R2*R3*R4*R5*R7,14,49/32
R2*R3*R4*R5*R7,16,-3479/1152
R2*R3*R4*R5*R7,18,8575/6144
R2*R3*R4*R5*R7,20,-1225/18432
R2*R3*R4*R5*R8,14,49/1152
R2*R3*R4*R5*R8,16,-2401/3072
R2*R3*R4*R5*R8,18,167531/221184
R2*R3*R4*R5*R8,20,-73255/589824
R2*R3*R4*R5*R9,16,-343/6912
R2*R3*R4*R5*R9,18,32585/165888
R2*R3*R4*R5*R9,20,-232211/1990656
R2*R3*R4*R5*R9,22,12005/3981312
R2*R3*R4*R5*R10,18,2401/110592
R2*R3*R4*R5*R10,20,-12005/442368
R2*R3*R4*R5*R10,22,60025/7077888
R2*R3*R4*R5*R11,20,-16807/3981312
R2*R3*R4*R5*R11,22,84035/31850496
R2*R3*R4*R5*R12,22,117649/382205952
R2*R3*R4*R5*R12,24,-588245/3057647616
R2*R3*R4*R6^2,12,-7/144
R2*R3*R4*R6^2,14,539/1152
R2*R3*R4*R6^2,16,-41293/27648
R2*R3*R4*R6^2,18,218057/221184
R2*R3*R4*R6^2,20,-29155/884736
R2*R3*R4*R6*R7,14,49/576
R2*R3*R4*R6*R7,16,-2597/4608
R2*R3*R4*R6*R7,18,81977/110592
R2*R3*R4*R6*R7,20,-233485/884736
R2*R3*R4*R6*R8,16,-1715/55296
R2*R3*R4*R6*R8,18,29155/147456
R2*R3*R4*R6*R8,20,-516215/3538944
R2*R3*R4*R6*R8,22,1154195/84934656
R2*R3*R4*R6*R9,18,2401/248832
R2*R3*R4*R6*R9,20,-146461/3981312
R2*R3*R4*R6*R9,22,977207/47775744
R2*R3*R4*R6*R10,20,-16807/5308416
R2*R3*R4*R6*R10,22,84035/21233664
R2*R3*R4*R6*R10,24,-420175/339738624
R2*R3*R4*R6*R11,22,117649/191102976
R2*R3*R4*R6*R11,24,-588245/1528823808
R2*R3*R4*R6*R12,24,-823543/18345885696
R2*R3*R4*R6*R12,26,4117715/146767085568
R2*R3*R4*R7^2,16,-343/9216
R2*R3*R4*R7^2,18,1715/24576
R2*R3*R4*R7^2,20,-8575/196608
R2*R3*R4*R7^2,22,42875/4718592
R2*R3*R4*R7*R8,18,2401/110592
R2*R3*R4*R7*R8,20,-12005/442368
R2*R3*R4*R7*R8,22,60025/7077888
R2*R3*R4*R7*R9,20,-16807/7962624
R2*R3*R4*R7*R9,22,84035/31850496
R2*R3*R4*R7*R9,24,-420175/509607936
R2*R3*R4*R8^2,20,-16807/5308416
R2*R3*R4*R8^2,22,84035/42467328
R2*R3*R4*R8*R9,22,117649/191102976
R2*R3*R4*R8*R9,24,-588245/1528823808
R2*R3*R4*R9^2,24,-823543/27518828544
R2*R3*R4*R9^2,26,4117715/220150628352
R2*R3*R5^3,14,49/24
R2*R3*R5^3,16,-1519/1152
R2*R3*R5^3,18,49/432
R2*R3*R5^2*R6,14,49/96
R2*R3*R5^2*R6,16,-19747/6912
R2*R3*R5^2*R6,18,44345/55296
R2*R3*R5^2*R6,20,-343/20736
R2*R3*R5^2*R7,16,-343/576
R2*R3*R5^2*R7,18,18179/27648
R2*R3*R5^2*R7,20,-1715/27648
R2*R3*R5^2*R8,16,-343/27648
R2*R3*R5^2*R8,18,29155/110592
R2*R3*R5^2*R8,20,-384503/5308416
R2*R3*R5^2*R9,18,2401/165888
R2*R3*R5^2*R9,20,-69629/1327104
R2*R3*R5^2*R9,22,16807/5971968
R2*R3*R5^2*R10,20,-16807/2654208
R2*R3*R5^2*R10,22,84035/21233664
R2*R3*R5^2*R11,22,117649/95551488
R2*R3*R5^2*R12,24,-823543/9172942848
R2*R3*R5*R6^2,14,49/1728
R2*R3*R5*R6^2,16,-2107/6912
R2*R3*R5*R6^2,18,74725/82944
R2*R3*R5*R6^2,20,-92267/884736
R2*R3*R5*R6*R7,16,-343/6912
R2*R3*R5*R6*R7,18,18865/55296
R2*R3*R5*R6*R7,20,-43561/165888
R2*R3*R5*R6*R7,22,12005/1327104
R2*R3*R5*R6*R8,18,12005/663552
R2*R3*R5*R6*R8,20,-103243/884736
R2*R3*R5*R6*R8,22,717899/42467328
R2*R3*R5*R6*R9,20,-16807/2985984
R2*R3*R5*R6*R9,22,1831963/95551488
R2*R3*R5*R6*R9,24,-117649/286654464
R2*R3*R5*R6*R10,22,117649/63700992
R2*R3*R5*R6*R10,24,-588245/509607936
R2*R3*R5*R6*R11,24,-823543/2293235712
R2*R3*R5*R6*R12,26,5764801/220150628352
R2*R3*R5*R7^2,18,2401/110592
R2*R3*R5*R7^2,20,-12005/442368
R2*R3*R5*R7^2,22,60025/7077888
R2*R3*R5*R7*R8,20,-16807/1327104
R2*R3*R5*R7*R8,22,84035/10616832
R2*R3*R5*R7*R9,22,117649/95551488
R2*R3*R5*R7*R9,24,-588245/764411904
R2*R3*R5*R8^2,22,117649/63700992
R2*R3*R5*R8*R9,24,-823543/2293235712
R2*R3*R5*R9^2,26,5764801/330225942528
R2*R3*R6^3,16,-343/82944
R2*R3*R6^3,18,22295/663552
R2*R3*R6^3,20,-136171/1769472
R2*R3*R6^3,22,285719/127401984
R2*R3*R6^2*R7,18,2401/331776
R2*R3*R6^2*R7,20,-98441/2654208
R2*R3*R6^2*R7,22,516215/21233664
R2*R3*R6^2*R8,20,-16807/7077888
R2*R3*R6^2*R8,22,2907611/254803968
R2*R3*R6^2*R8,24,-11311111/12230590464
R2*R3*R6^2*R9,22,588245/1146617856
R2*R3*R6^2*R9,24,-15412019/9172942848
R2*R3*R6^2*R10,24,-823543/6115295232
R2*R3*R6^2*R10,26,4117715/48922361856
R2*R3*R6^2*R11,26,5764801/220150628352
R2*R3*R6^2*R12,28,-40353607/21134460321792
R2*R3*R6*R7^2,20,-16807/5308416
R2*R3*R6*R7^2,22,84035/21233664
R2*R3*R6*R7^2,24,-420175/339738624
R2*R3*R6*R7*R8,22,117649/63700992
R2*R3*R6*R7*R8,24,-588245/509607936
R2*R3*R6*R7*R9,24,-823543/4586471424
R2*R3*R6*R7*R9,26,4117715/36691771392
R2*R3*R6*R8^2,24,-823543/3057647616
R2*R3*R6*R8*R9,26,5764801/110075314176
R2*R3*R6*R9^2,28,-40353607/15850845241344
R2*R4^4,10,1/2
R2*R4^4,12,-15/16
R2*R4^4,14,75/128
R2*R4^4,16,-125/1024
R2*R4^3*R5,10,1/2
R2*R4^3*R5,12,-95/48
R2*R4^3*R5,14,255/128
R2*R4^3*R5,16,-675/1024
R2*R4^3*R5,18,125/3072
R2*R4^3*R6,10,1/12
R2*R4^3*R6,12,-11/24
R2*R4^3*R6,14,19/24
R2*R4^3*R6,16,-205/384
R2*R4^3*R6,18,2025/16384
R2*R4^3*R7,12,-7/96
R2*R4^3*R7,14,35/192
R2*R4^3*R7,16,-175/1024
R2*R4^3*R7,18,875/12288
R2*R4^3*R7,20,-4375/393216
R2*R4^3*R8,14,49/2304
R2*R4^3*R8,16,-245/6144
R2*R4^3*R8,18,1225/49152
R2*R4^3*R8,20,-6125/1179648
R2*R4^3*R9,16,-343/165888
R2*R4^3*R9,18,1715/442368
R2*R4^3*R9,20,-8575/3538944
R2*R4^3*R9,22,42875/84934656
R2*R4^2*R5^2,12,-7/8
R2*R4^2*R5^2,14,91/48
R2*R4^2*R5^2,16,-525/512
R2*R4^2*R5^2,18,175/1536
R2*R4^2*R5*R6,12,-7/48
R2*R4^2*R5*R6,14,161/192
R2*R4^2*R5*R6,16,-3283/3072
R2*R4^2*R5*R6,18,1855/4608
R2*R4^2*R5*R6,20,-1225/73728
R2*R4^2*R5*R7,14,49/384
R2*R4^2*R5*R7,16,-245/1024
R2*R4^2*R5*R7,18,1225/8192
R2*R4^2*R5*R7,20,-6125/196608
R2*R4^2*R5*R8,16,-343/9216
R2*R4^2*R5*R8,18,1715/36864
R2*R4^2*R5*R8,20,-8575/589824
R2*R4^2*R5*R9,18,2401/663552
R2*R4^2*R5*R9,20,-12005/2654208
R2*R4^2*R5*R9,22,60025/42467328
R2*R4^2*R6^2,14,49/2304
R2*R4^2*R6^2,16,-637/6144
R2*R4^2*R6^2,18,51107/442368
R2*R4^2*R6^2,20,-130585/3538944
R2*R4^2*R6*R7,16,-343/18432
R2*R4^2*R6*R7,18,1715/49152
R2*R4^2*R6*R7,20,-8575/393216
R2*R4^2*R6*R7,22,42875/9437184
R2*R4^2*R6*R8,18,2401/442368
R2*R4^2*R6*R8,20,-12005/1769472
R2*R4^2*R6*R8,22,60025/28311552
R2*R4^2*R6*R9,20,-16807/31850496
R2*R4^2*R6*R9,22,84035/127401984
R2*R4^2*R6*R9,24,-420175/2038431744
R2*R4*R5^3,14,49/96
R2*R4*R5^3,16,-4067/6912
R2*R4*R5^3,18,245/2304
R2*R4*R5^2*R6,14,49/576
R2*R4*R5^2*R6,16,-49/96
R2*R4*R5^2*R6,18,4655/12288
R2*R4*R5^2*R6,20,-1715/55296
R2*R4*R5^2*R7,16,-343/4608
R2*R4*R5^2*R7,18,1715/18432
R2*R4*R5^2*R7,20,-8575/294912
R2*R4*R5^2*R8,18,2401/110592
R2*R4*R5^2*R8,20,-12005/884736
R2*R4*R5^2*R9,20,-16807/7962624
R2*R4*R5^2*R9,22,84035/63700992
R2*R4*R5*R6^2,16,-343/13824
R2*R4*R5*R6^2,18,8575/73728
R2*R4*R5*R6^2,20,-387247/5308416
R2*R4*R5*R6^2,22,12005/5308416
R2*R4*R5*R6*R7,18,2401/110592
R2*R4*R5*R6*R7,20,-12005/442368
R2*R4*R5*R6*R7,22,60025/7077888
R2*R4*R5*R6*R8,20,-16807/2654208
R2*R4*R5*R6*R8,22,84035/21233664
R2*R4*R5*R6*R9,22,117649/191102976
R2*R4*R5*R6*R9,24,-588245/1528823808
R2*R4*R6^3,18,2401/1327104
R2*R4*R6^3,20,-40817/5308416
R2*R4*R6^3,22,3368603/764411904
R2*R4*R6^2*R7,20,-16807/10616832
R2*R4*R6^2*R7,22,84035/42467328
R2*R4*R6^2*R7,24,-420175/679477248
R2*R4*R6^2*R8,22,117649/254803968
R2*R4*R6^2*R8,24,-588245/2038431744
R2*R4*R6^2*R9,24,-823543/18345885696
R2*R4*R6^2*R9,26,4117715/146767085568
R2*R5^4,16,-343/3456
R2*R5^4,18,343/10368
R2*R5^3*R6,16,-343/20736
R2*R5^3*R6,18,8575/82944
R2*R5^3*R6,20,-2401/165888
R2*R5^3*R7,18,2401/165888
R2*R5^3*R7,20,-12005/1327104
R2*R5^3*R8,20,-16807/3981312
R2*R5^3*R9,22,117649/286654464
R2*R5^2*R6^2,18,2401/331776
R2*R5^2*R6^2,20,-2401/73728
R2*R5^2*R6^2,22,16807/7962624
R2*R5^2*R6*R7,20,-16807/2654208
R2*R5^2*R6*R7,22,84035/21233664
R2*R5^2*R6*R8,22,117649/63700992
R2*R5^2*R6*R9,24,-823543/4586471424
R2*R5*R6^3,20,-16807/15925248
R2*R5*R6^3,22,789929/191102976
R2*R5*R6^3,24,-117649/1146617856
R2*R5*R6^2*R7,22,117649/127401984
R2*R5*R6^2*R7,24,-588245/1019215872
R2*R5*R6^2*R8,24,-823543/3057647616
R2*R5*R6^2*R9,26,5764801/220150628352
R2*R6^4,22,117649/2293235712
R2*R6^4,24,-3411821/18345885696
R2*R6^3*R7,24,-823543/18345885696
R2*R6^3*R7,26,4117715/146767085568
R2*R6^3*R8,26,5764801/440301256704
R2*R6^3*R9,28,-40353607/31701690482688
R3^5,10,1/5
R3^4*R4,10,1/2
R3^4*R4,12,-71/48
R3^4*R5,12,-35/24
R3^4*R5,14,259/288
R3^4*R6,12,-7/36
R3^4*R6,14,581/384
R3^4*R6,16,-3871/13824
R3^4*R7,14,245/576
R3^4*R7,16,-10829/13824
R3^4*R7,18,14749/331776
R3^4*R8,14,49/2304
R3^4*R8,16,-3479/9216
R3^4*R8,18,293069/1327104
R3^4*R8,20,-45619/15925248
R3^4*R9,16,-1715/41472
R3^4*R9,18,175273/995328
R3^4*R9,20,-129997/3981312
R3^4*R10,16,-343/414720
R3^4*R10,18,133427/3981312
R3^4*R10,20,-730247/15925248
R3^4*R10,22,1524635/764411904
R3^4*R11,18,12005/7962624
R3^4*R11,20,-1385377/95551488
R3^4*R11,22,1078049/169869312
R3^4*R12,18,2401/238878720
R3^4*R12,20,-146461/127401984
R3^4*R12,22,32411099/9172942848
R3^4*R12,24,-26835977/73383542784
R3^4*R13,20,-16807/955514880
R3^4*R13,22,16807/35831808
R3^4*R13,24,-50639491/110075314176
R3^4*R14,22,117649/9172942848
R3^4*R14,24,-11882549/110075314176
R3^4*R14,26,132119827/5283615080448
R3^4*R15,24,-823543/165112971264
R3^4*R15,26,58471553/4403012567040
R3^4*R16,26,5764801/5283615080448
R3^4*R16,28,-28824005/42268920643584
R3^4*R17,28,-40353607/317016904826880
R3^4*R18,30,282475249/45650434295070720
R3^3*R4^2,10,1/2
R3^3*R4^2,12,-19/8
R3^3*R4^2,14,691/384
R3^3*R4*R5,12,-7/3
R3^3*R4*R5,14,147/32
R3^3*R4*R5,16,-7763/6912
R3^3*R4*R6,12,-7/24
R3^3*R4*R6,14,217/96
R3^3*R4*R6,16,-4039/1728
R3^3*R4*R6,18,59437/331776
R3^3*R4*R7,14,49/96
R3^3*R4*R7,16,-2891/2304
R3^3*R4*R7,18,36799/55296
R3^3*R4*R7,20,-1715/147456
R3^3*R4*R8,14,49/2304
R3^3*R4*R8,16,-61397/165888
R3^3*R4*R8,18,65905/147456
R3^3*R4*R8,20,-3221603/31850496
R3^3*R4*R9,16,-343/10368
R3^3*R4*R9,18,145775/995328
R3^3*R4*R9,20,-8575/82944
R3^3*R4*R9,22,409885/63700992
R3^3*R4*R10,16,-343/829440
R3^3*R4*R10,18,343/16384
R3^3*R4*R10,20,-379015/10616832
R3^3*R4*R10,22,403025/28311552
R3^3*R4*R11,18,2401/3981312
R3^3*R4*R11,20,-218491/31850496
R3^3*R4*R11,22,13467209/2293235712
R3^3*R4*R11,24,-5390245/6115295232
R3^3*R4*R12,20,-16807/47775744
R3^3*R4*R12,22,2840383/2293235712
R3^3*R4*R12,24,-36689681/55037657088
R3^3*R4*R13,22,117649/1146617856
R3^3*R4*R13,24,-588245/4586471424
R3^3*R4*R13,26,2941225/73383542784
R3^3*R4*R14,24,-823543/55037657088
R3^3*R4*R14,26,4117715/440301256704
R3^3*R4*R15,26,5764801/6604518850560
R3^3*R4*R15,28,-5764801/10567230160896
R3^3*R5^2,14,245/144
R3^3*R5^2,16,-931/864
R3^3*R5^2,18,931/10368
R3^3*R5*R6,14,49/144
R3^3*R5*R6,16,-43561/20736
R3^3*R5*R6,18,7987/13824
R3^3*R5*R6,20,-5831/497664
R3^3*R5*R7,16,-1715/3456
R3^3*R5*R7,18,115591/165888
R3^3*R5*R7,20,-108731/1327104
R3^3*R5*R8,16,-343/20736
R3^3*R5*R8,18,36701/124416
R3^3*R5*R8,20,-64141/497664
R3^3*R5*R8,22,230839/47775744
R3^3*R5*R9,18,12005/497664
R3^3*R5*R9,20,-535423/5971968
R3^3*R5*R9,22,1755131/143327232
R3^3*R5*R10,18,2401/9953280
R3^3*R5*R10,20,-112847/7962624
R3^3*R5*R10,22,199283/14155776
R3^3*R5*R10,24,-84035/191102976
R3^3*R5*R11,20,-16807/47775744
R3^3*R5*R11,22,2403401/573308928
R3^3*R5*R11,24,-26403797/27518828544
R3^3*R5*R12,22,117649/573308928
R3^3*R5*R12,24,-8588377/13759414272
R3^3*R5*R12,26,823543/82556485632
R3^3*R5*R13,24,-823543/13759414272
R3^3*R5*R13,26,4117715/110075314176
R3^3*R5*R14,26,5764801/660451885056
R3^3*R5*R15,28,-40353607/79254226206720
R3^3*R6^2,14,49/3456
R3^3*R6^2,16,-2107/13824
R3^3*R6^2,18,219373/497664
R3^3*R6^2,20,-27097/663552
R3^3*R6*R7,16,-343/10368
R3^3*R6*R7,18,71687/331776
R3^3*R6*R7,20,-42875/221184
R3^3*R6*R7,22,304927/63700992
R3^3*R6*R8,16,-343/497664
R3^3*R6*R8,18,18865/995328
R3^3*R6*R8,20,-8775655/95551488
R3^3*R6*R8,22,2808827/127401984
R3^3*R6*R9,18,2401/2985984
R3^3*R6*R9,20,-103243/11943936
R3^3*R6*R9,22,4103309/191102976
R3^3*R6*R9,24,-3512663/3439853568
R3^3*R6*R10,20,-184877/477757440
R3^3*R6*R10,22,621859/191102976
R3^3*R6*R10,24,-46874723/18345885696
R3^3*R6*R11,22,823543/6879707136
R3^3*R6*R11,24,-22000363/27518828544
R3^3*R6*R11,26,52824401/440301256704
R3^3*R6*R12,24,-5764801/165112971264
R3^3*R6*R12,26,5764801/55037657088
R3^3*R6*R13,26,5764801/660451885056
R3^3*R6*R13,28,-28824005/5283615080448
R3^3*R6*R14,28,-40353607/31701690482688
R3^3*R6*R15,30,282475249/3804202857922560
R3^3*R7^2,18,12005/663552
R3^3*R7^2,20,-84035/2654208
R3^3*R7^2,22,60025/4718592
R3^3*R7*R8,18,2401/3981312
R3^3*R7*R8,20,-487403/31850496
R3^3*R7*R8,22,10763683/764411904
R3^3*R7*R8,24,-8079365/6115295232
R3^3*R7*R9,20,-16807/23887872
R3^3*R7*R9,22,1831963/573308928
R3^3*R7*R9,24,-84035/42467328
R3^3*R7*R10,22,117649/382205952
R3^3*R7*R10,24,-588245/1528823808
R3^3*R7*R10,26,2941225/24461180928
R3^3*R7*R11,24,-823543/13759414272
R3^3*R7*R11,26,4117715/110075314176
R3^3*R7*R12,26,5764801/1320903770112
R3^3*R7*R12,28,-28824005/10567230160896
R3^3*R8^2,20,-16807/95551488
R3^3*R8^2,22,16807/5971968
R3^3*R8^2,24,-11311111/18345885696
R3^3*R8*R9,22,1529437/6879707136
R3^3*R8*R9,24,-25529833/27518828544
R3^3*R8*R9,26,79177777/1320903770112
R3^3*R8*R10,24,-823543/9172942848
R3^3*R8*R10,26,4117715/73383542784
R3^3*R8*R11,26,5764801/330225942528
R3^3*R8*R12,28,-40353607/31701690482688
R3^3*R9^2,24,-823543/41278242816
R3^3*R9^2,26,14000231/220150628352
R3^3*R9*R10,26,5764801/660451885056
R3^3*R9*R10,28,-28824005/5283615080448
R3^3*R9*R11,28,-40353607/23776267862016
R3^3*R9*R12,30,282475249/2282521714753536
R3^2*R4^3,10,1/4
R3^2*R4^3,12,-43/32
R3^2*R4^3,14,1261/768
R3^2*R4^3,16,-3455/6144
R3^2*R4^2*R5,12,-21/16
R3^2*R4^2*R5,14,1379/384
R3^2*R4^2*R5,16,-7105/3072
R3^2*R4^2*R5,18,19915/73728
R3^2*R4^2*R6,12,-7/48
R3^2*R4^2*R6,14,1211/1152
R3^2*R4^2*R6,16,-29351/18432
R3^2*R4^2*R6,18,18529/27648
R3^2*R4^2*R6,20,-20825/1179648
R3^2*R4^2*R7,14,49/256
R3^2*R4^2*R7,16,-9457/18432
R3^2*R4^2*R7,18,61495/147456
R3^2*R4^2*R7,20,-126175/1179648
R3^2*R4^2*R8,14,49/9216
R3^2*R4^2*R8,16,-931/9216
R3^2*R4^2*R8,18,8869/55296
R3^2*R4^2*R8,20,-86975/1179648
R3^2*R4^2*R8,22,824425/113246208
R3^2*R4^2*R9,16,-343/55296
R3^2*R4^2*R9,18,18865/663552
R3^2*R4^2*R9,20,-967603/31850496
R3^2*R4^2*R9,22,598535/63700992
R3^2*R4^2*R10,18,2401/884736
R3^2*R4^2*R10,20,-12005/2359296
R3^2*R4^2*R10,22,60025/18874368
R3^2*R4^2*R10,24,-300125/452984832
R3^2*R4^2*R11,20,-16807/31850496
R3^2*R4^2*R11,22,84035/127401984
R3^2*R4^2*R11,24,-420175/2038431744
R3^2*R4^2*R12,22,117649/3057647616
R3^2*R4^2*R12,24,-588245/12230590464
R3^2*R4^2*R12,26,2941225/195689447424
R3^2*R4*R5^2,14,49/32
R3^2*R4*R5^2,16,-637/288
R3^2*R4*R5^2,18,9947/18432
R3^2*R4*R5^2,20,-245/13824
R3^2*R4*R5*R6,14,49/192
R3^2*R4*R5*R6,16,-11123/6912
R3^2*R4*R5*R6,18,156163/110592
R3^2*R4*R5*R6,20,-25921/165888
R3^2*R4*R5*R7,16,-343/1152
R3^2*R4*R5*R7,18,14749/27648
R3^2*R4*R5*R7,20,-8575/36864
R3^2*R4*R5*R7,22,8575/884736
R3^2*R4*R5*R8,16,-343/55296
R3^2*R4*R5*R8,18,60025/442368
R3^2*R4*R5*R8,20,-1316777/10616832
R3^2*R4*R5*R8,22,512785/28311552
R3^2*R4*R5*R9,18,2401/331776
R3^2*R4*R5*R9,20,-40817/1327104
R3^2*R4*R5*R9,22,3503059/191102976
R3^2*R4*R5*R9,24,-84035/191102976
R3^2*R4*R5*R10,20,-16807/5308416
R3^2*R4*R5*R10,22,84035/21233664
R3^2*R4*R5*R10,24,-420175/339738624
R3^2*R4*R5*R11,22,117649/191102976
R3^2*R4*R5*R11,24,-588245/1528823808
R3^2*R4*R5*R12,24,-823543/18345885696
R3^2*R4*R5*R12,26,4117715/146767085568
R3^2*R4*R6^2,14,49/6912
R3^2*R4*R6^2,16,-4459/55296
R3^2*R4*R6^2,18,183113/663552
R3^2*R4*R6^2,20,-947219/5308416
R3^2*R4*R6^2,22,204085/42467328
R3^2*R4*R6*R7,16,-343/27648
R3^2*R4*R6*R7,18,1715/18432
R3^2*R4*R6*R7,20,-645869/5308416
R3^2*R4*R6*R7,22,907235/21233664
R3^2*R4*R6*R8,18,12005/2654208
R3^2*R4*R6*R8,20,-679483/21233664
R3^2*R4*R6*R8,22,3949645/169869312
R3^2*R4*R6*R8,24,-8079365/4076863488
R3^2*R4*R6*R9,20,-16807/11943936
R3^2*R4*R6*R9,22,722701/127401984
R3^2*R4*R6*R9,24,-29126531/9172942848
R3^2*R4*R6*R10,22,117649/254803968
R3^2*R4*R6*R10,24,-588245/1019215872
R3^2*R4*R6*R10,26,2941225/16307453952
R3^2*R4*R6*R11,24,-823543/9172942848
R3^2*R4*R6*R11,26,4117715/73383542784
R3^2*R4*R6*R12,26,5764801/880602513408
R3^2*R4*R6*R12,28,-28824005/7044820107264
R3^2*R4*R7^2,18,2401/442368
R3^2*R4*R7^2,20,-12005/1179648
R3^2*R4*R7^2,22,60025/9437184
R3^2*R4*R7^2,24,-300125/226492416
R3^2*R4*R7*R8,20,-16807/5308416
R3^2*R4*R7*R8,22,84035/21233664
R3^2*R4*R7*R8,24,-420175/339738624
R3^2*R4*R7*R9,22,117649/382205952
R3^2*R4*R7*R9,24,-588245/1528823808
R3^2*R4*R7*R9,26,2941225/24461180928
R3^2*R4*R8^2,22,117649/254803968
R3^2*R4*R8^2,24,-588245/2038431744
R3^2*R4*R8*R9,24,-823543/9172942848
R3^2*R4*R8*R9,26,4117715/73383542784
R3^2*R4*R9^2,26,5764801/1320903770112
R3^2*R4*R9^2,28,-28824005/10567230160896
R3^2*R5^3,16,-1715/3456
R3^2*R5^3,18,4459/18432
R3^2*R5^3,20,-343/20736
R3^2*R5^2*R6,16,-343/3456
R3^2*R5^2*R6,18,189679/331776
R3^2*R5^2*R6,20,-38759/294912
R3^2*R5^2*R6,22,2401/995328
R3^2*R5^2*R7,18,12005/110592
R3^2*R5^2*R7,20,-290521/2654208
R3^2*R5^2*R7,22,12005/1327104
R3^2*R5^2*R8,18,2401/1327104
R3^2*R5^2*R8,20,-26411/589824
R3^2*R5^2*R8,22,2691521/254803968
R3^2*R5^2*R9,20,-16807/7962624
R3^2*R5^2*R9,22,789929/95551488
R3^2*R5^2*R9,24,-117649/286654464
R3^2*R5^2*R10,22,117649/127401984
R3^2*R5^2*R10,24,-588245/1019215872
R3^2*R5^2*R11,24,-823543/4586471424
R3^2*R5^2*R12,26,5764801/440301256704
R3^2*R5*R6^2,16,-343/82944
R3^2*R5*R6^2,18,8575/165888
R3^2*R5*R6^2,20,-652729/3981312
R3^2*R5*R6^2,22,2072063/127401984
R3^2*R5*R6*R7,18,2401/331776
R3^2*R5*R6*R7,20,-74431/1327104
R3^2*R5*R6*R7,22,2691521/63700992
R3^2*R5*R6*R7,24,-84035/63700992
R3^2*R5*R6*R8,20,-84035/31850496
R3^2*R5*R6*R8,22,2403401/127401984
R3^2*R5*R6*R8,24,-5025293/2038431744
R3^2*R5*R6*R9,22,117649/143327232
R3^2*R5*R6*R9,24,-3411821/1146617856
R3^2*R5*R6*R9,26,823543/13759414272
R3^2*R5*R6*R10,24,-823543/3057647616
R3^2*R5*R6*R10,26,4117715/24461180928
R3^2*R5*R6*R11,26,5764801/110075314176
R3^2*R5*R6*R12,28,-40353607/10567230160896
R3^2*R5*R7^2,20,-16807/5308416
R3^2*R5*R7^2,22,84035/21233664
R3^2*R5*R7^2,24,-420175/339738624
R3^2*R5*R7*R8,22,117649/63700992
R3^2*R5*R7*R8,24,-588245/509607936
R3^2*R5*R7*R9,24,-823543/4586471424
R3^2*R5*R7*R9,26,4117715/36691771392
R3^2*R5*R8^2,24,-823543/3057647616
R3^2*R5*R8*R9,26,5764801/110075314176
R3^2*R5*R9^2,28,-40353607/15850845241344
R3^2*R6^3,18,2401/3981312
R3^2*R6^3,20,-2401/442368
R3^2*R6^3,22,10158631/764411904
R3^2*R6^3,24,-2000033/6115295232
R3^2*R6^2*R7,20,-16807/15925248
R3^2*R6^2*R7,22,1495823/254803968
R3^2*R6^2*R7,24,-2605085/679477248
R3^2*R6^2*R8,22,117649/339738624
R3^2*R6^2*R8,24,-22000363/12230590464
R3^2*R6^2*R8,26,79177777/587068342272
R3^2*R6^2*R9,24,-4117715/55037657088
R3^2*R6^2*R9,26,18941489/73383542784
R3^2*R6^2*R10,26,5764801/293534171136
R3^2*R6^2*R10,28,-28824005/2348273369088
R3^2*R6^2*R11,28,-40353607/10567230160896
R3^2*R6^2*R12,30,282475249/1014454095446016
R3^2*R6*R7^2,22,117649/254803968
R3^2*R6*R7^2,24,-588245/1019215872
R3^2*R6*R7^2,26,2941225/16307453952
R3^2*R6*R7*R8,24,-823543/3057647616
R3^2*R6*R7*R8,26,4117715/24461180928
R3^2*R6*R7*R9,26,5764801/220150628352
R3^2*R6*R7*R9,28,-28824005/1761205026816
R3^2*R6*R8^2,26,5764801/146767085568
R3^2*R6*R8*R9,28,-40353607/5283615080448
R3^2*R6*R9^2,30,282475249/760840571584512
R3*R4^4,10,1/16
R3*R4^4,12,-29/96
R3*R4^4,14,215/512
R3*R4^4,16,-475/2048
R3*R4^4,18,8875/196608
R3*R4^3*R5,12,-7/24
R3*R4^3*R5,14,245/288
R3*R4^3*R5,16,-385/512
R3*R4^3*R5,18,175/768
R3*R4^3*R5,20,-875/73728
R3*R4^3*R6,12,-7/288
R3*R4^3*R6,14,119/768
R3*R4^3*R6,16,-4991/18432
R3*R4^3*R6,18,26635/147456
R3*R4^3*R6,20,-24325/589824
R3*R4^3*R7,14,49/2304
R3*R4^3*R7,16,-245/4608
R3*R4^3*R7,18,1225/24576
R3*R4^3*R7,20,-6125/294912
R3*R4^3*R7,22,30625/9437184
R3*R4^3*R8,16,-343/55296
R3*R4^3*R8,18,1715/147456
R3*R4^3*R8,20,-8575/1179648
R3*R4^3*R8,22,42875/28311552
R3*R4^3*R9,18,2401/3981312
R3*R4^3*R9,20,-12005/10616832
R3*R4^3*R9,22,60025/84934656
R3*R4^3*R9,24,-300125/2038431744
R3*R4^2*R5^2,14,49/128
R3*R4^2*R5^2,16,-3283/4608
R3*R4^2*R5^2,18,8575/24576
R3*R4^2*R5^2,20,-1225/36864
R3*R4^2*R5*R6,14,49/1152
R3*R4^2*R5*R6,16,-2597/9216
R3*R4^2*R5*R6,18,26411/73728
R3*R4^2*R5*R6,20,-233485/1769472
R3*R4^2*R5*R6,22,8575/1769472
R3*R4^2*R5*R7,16,-343/9216
R3*R4^2*R5*R7,18,1715/24576
R3*R4^2*R5*R7,20,-8575/196608
R3*R4^2*R5*R7,22,42875/4718592
R3*R4^2*R5*R8,18,2401/221184
R3*R4^2*R5*R8,20,-12005/884736
R3*R4^2*R5*R8,22,60025/14155776
R3*R4^2*R5*R9,20,-16807/15925248
R3*R4^2*R5*R9,22,84035/63700992
R3*R4^2*R5*R9,24,-420175/1019215872
R3*R4^2*R6^2,16,-343/55296
R3*R4^2*R6^2,18,29155/884736
R3*R4^2*R6^2,20,-98441/2654208
R3*R4^2*R6^2,22,2008265/169869312
R3*R4^2*R6*R7,18,2401/442368
R3*R4^2*R6*R7,20,-12005/1179648
R3*R4^2*R6*R7,22,60025/9437184
R3*R4^2*R6*R7,24,-300125/226492416
R3*R4^2*R6*R8,20,-16807/10616832
R3*R4^2*R6*R8,22,84035/42467328
R3*R4^2*R6*R8,24,-420175/679477248
R3*R4^2*R6*R9,22,117649/764411904
R3*R4^2*R6*R9,24,-588245/3057647616
R3*R4^2*R6*R9,26,2941225/48922361856
R3*R4*R5^3,16,-343/1728
R3*R4*R5^3,18,16807/82944
R3*R4*R5^3,20,-1715/55296
R3*R4*R5^2*R6,16,-343/13824
R3*R4*R5^2*R6,18,18865/110592
R3*R4*R5^2*R6,20,-1715/13824
R3*R4*R5^2*R6,22,12005/1327104
R3*R4*R5^2*R7,18,2401/110592
R3*R4*R5^2*R7,20,-12005/442368
R3*R4*R5^2*R7,22,60025/7077888
R3*R4*R5^2*R8,20,-16807/2654208
R3*R4*R5^2*R8,22,84035/21233664
R3*R4*R5^2*R9,22,117649/191102976
R3*R4*R5^2*R9,24,-588245/1528823808
R3*R4*R5*R6^2,18,2401/331776
R3*R4*R5*R6^2,20,-98441/2654208
R3*R4*R5*R6^2,22,1481417/63700992
R3*R4*R5*R6^2,24,-84035/127401984
R3*R4*R5*R6*R7,20,-16807/2654208
R3*R4*R5*R6*R7,22,84035/10616832
R3*R4*R5*R6*R7,24,-420175/169869312
R3*R4*R5*R6*R8,22,117649/63700992
R3*R4*R5*R6*R8,24,-588245/509607936
R3*R4*R5*R6*R9,24,-823543/4586471424
R3*R4*R5*R6*R9,26,4117715/36691771392
R3*R4*R6^3,20,-16807/31850496
R3*R4*R6^3,22,1831963/764411904
R3*R4*R6^3,24,-6336239/4586471424
R3*R4*R6^2*R7,22,117649/254803968
R3*R4*R6^2*R7,24,-588245/1019215872
R3*R4*R6^2*R7,26,2941225/16307453952
R3*R4*R6^2*R8,24,-823543/6115295232
R3*R4*R6^2*R8,26,4117715/48922361856
R3*R4*R6^2*R9,26,5764801/440301256704
R3*R4*R6^2*R9,28,-28824005/3522410053632
R3*R5^4,18,12005/331776
R3*R5^4,20,-2401/248832
R3*R5^3*R6,18,2401/497664
R3*R5^3*R6,20,-45619/1327104
R3*R5^3*R6,22,16807/3981312
R3*R5^3*R7,20,-16807/3981312
R3*R5^3*R7,22,84035/31850496
R3*R5^3*R8,22,117649/95551488
R3*R5^3*R9,24,-823543/6879707136
R3*R5^2*R6^2,20,-16807/7962624
R3*R5^2*R6^2,22,1327753/127401984
R3*R5^2*R6^2,24,-117649/191102976
R3*R5^2*R6*R7,22,117649/63700992
R3*R5^2*R6*R7,24,-588245/509607936
R3*R5^2*R6*R8,24,-823543/1528823808
R3*R5^2*R6*R9,26,5764801/110075314176
R3*R5*R6^3,22,117649/382205952
R3*R5*R6^3,24,-11882549/9172942848
R3*R5*R6^3,26,823543/27518828544
R3*R5*R6^2*R7,24,-823543/3057647616
R3*R5*R6^2*R7,26,4117715/24461180928
R3*R5*R6^2*R8,26,5764801/73383542784
R3*R5*R6^2*R9,28,-40353607/5283615080448
R3*R6^4,24,-823543/55037657088
R3*R6^4,26,33765263/587068342272
R3*R6^3*R7,26,5764801/440301256704
R3*R6^3*R7,28,-28824005/3522410053632
R3*R6^3*R8,28,-40353607/10567230160896
R3*R6^3*R9,30,282475249/760840571584512
R4^5,10,1/160
R4^5,12,-5/256
R4^5,14,25/1024
R4^5,16,-125/8192
R4^5,18,625/131072
R4^5,20,-625/1048576
R4^4*R5,12,-7/384
R4^4*R5,14,35/768
R4^4*R5,16,-175/4096
R4^4*R5,18,875/49152
R4^4*R5,20,-4375/1572864
R4^4*R6,14,49/18432
R4^4*R6,16,-245/36864
R4^4*R6,18,1225/196608
R4^4*R6,20,-6125/2359296
R4^4*R6,22,30625/75497472
R4^3*R5^2,14,49/2304
R4^3*R5^2,16,-245/6144
R4^3*R5^2,18,1225/49152
R4^3*R5^2,20,-6125/1179648
R4^3*R5*R6,16,-343/55296
R4^3*R5*R6,18,1715/147456
R4^3*R5*R6,20,-8575/1179648
R4^3*R5*R6,22,42875/28311552
R4^3*R6^2,18,2401/5308416
R4^3*R6^2,20,-12005/14155776
R4^3*R6^2,22,60025/113246208
R4^3*R6^2,24,-300125/2717908992
R4^2*R5^3,16,-343/27648
R4^2*R5^3,18,1715/110592
R4^2*R5^3,20,-8575/1769472
R4^2*R5^2*R6,18,2401/442368
R4^2*R5^2*R6,20,-12005/1769472
R4^2*R5^2*R6,22,60025/28311552
R4^2*R5*R6^2,20,-16807/21233664
R4^2*R5*R6^2,22,84035/84934656
R4^2*R5*R6^2,24,-420175/1358954496
R4^2*R6^3,22,117649/3057647616
R4^2*R6^3,24,-588245/12230590464
R4^2*R6^3,26,2941225/195689447424
R4*R5^4,18,2401/663552
R4*R5^4,20,-12005/5308416
R4*R5^3*R6,20,-16807/7962624
R4*R5^3*R6,22,84035/63700992
R4*R5^2*R6^2,22,117649/254803968
R4*R5^2*R6^2,24,-588245/2038431744
R4*R5*R6^3,24,-823543/18345885696
R4*R5*R6^3,26,4117715/146767085568
R4*R6^4,26,5764801/3522410053632
R4*R6^4,28,-28824005/28179280429056
R5^5,20,-16807/39813120
R5^4*R6,22,117649/382205952
R5^3*R6^2,24,-823543/9172942848
R5^2*R6^3,26,5764801/440301256704
R5*R6^4,28,-40353607/42268920643584
R6^5,30,282475249/10144540954460160
R2^5*R6,10,-1
R2^5*R7,10,-2
R2^5*R7,12,3/8
R2^5*R8,10,-1
R2^5*R8,12,31/24
R2^5*R9,10,-1/6
R2^5*R9,12,11/12
R2^5*R9,14,-239/1152
R2^5*R10,10,-1/120
R2^5*R10,12,19/96
R2^5*R10,14,-1289/4608
R2^5*R11,12,7/576
R2^5*R11,14,-203/2304
R2^5*R11,16,3143/110592
R2^5*R12,14,-49/6912
R2^5*R12,16,2891/165888
R2^5*R13,16,343/165888
R2^5*R13,18,-1715/1327104
R2^5*R14,18,-2401/7962624
R2^5*R15,20,16807/955514880
R2^4*R3*R5,10,-5
R2^4*R3*R6,10,-15/2
R2^4*R3*R6,12,155/48
R2^4*R3*R7,10,-5/2
R2^4*R3*R7,12,365/48
R2^4*R3*R7,14,-35/64
R2^4*R3*R8,10,-5/24
R2^4*R3*R8,12,355/96
R2^4*R3*R8,14,-4015/1536
R2^4*R3*R9,12,35/72
R2^4*R3*R9,14,-385/192
R2^4*R3*R9,16,8365/27648
R2^4*R3*R10,12,7/576
R2^4*R3*R10,14,-455/1152
R2^4*R3*R10,16,52465/110592
R2^4*R3*R11,14,-245/13824
R2^4*R3*R11,16,24745/165888
R2^4*R3*R11,18,-110005/2654208
R2^4*R3*R12,16,1715/165888
R2^4*R3*R12,18,-214375/7962624
R2^4*R3*R13,18,-12005/3981312
R2^4*R3*R13,20,60025/31850496
R2^4*R3*R14,20,84035/191102976
R2^4*R3*R15,22,-117649/4586471424
R2^4*R4^2,10,-5/2
R2^4*R4*R5,10,-15/2
R2^4*R4*R5,12,155/48
R2^4*R4*R6,10,-55/12
R2^4*R4*R6,12,25/4
R2^4*R4*R6,14,-425/768
R2^4*R4*R7,10,-5/4
R2^4*R4*R7,12,185/48
R2^4*R4*R7,14,-1475/768
R2^4*R4*R8,10,-5/48
R2^4*R4*R8,12,455/384
R2^4*R4*R8,14,-3925/3072
R2^4*R4*R8,16,16825/73728
R2^4*R4*R9,12,35/288
R2^4*R4*R9,14,-105/256
R2^4*R4*R9,16,595/2592
R2^4*R4*R10,14,-245/4608
R2^4*R4*R10,16,1225/18432
R2^4*R4*R10,18,-6125/294912
R2^4*R4*R11,16,1715/165888
R2^4*R4*R11,18,-8575/1327104
R2^4*R4*R12,18,-12005/15925248
R2^4*R4*R12,20,60025/127401984
R2^4*R5^2,10,-5/2
R2^4*R5^2,12,25/8
R2^4*R5^2,14,-5/18
R2^4*R5*R6,10,-5/6
R2^4*R5*R6,12,395/72
R2^4*R5*R6,14,-125/72
R2^4*R5*R7,12,35/24
R2^4*R5*R7,14,-595/288
R2^4*R5*R7,16,175/1152
R2^4*R5*R8,12,35/576
R2^4*R5*R8,14,-665/768
R2^4*R5*R8,16,10465/36864
R2^4*R5*R9,14,-245/3456
R2^4*R5*R9,16,17885/82944
R2^4*R5*R9,18,-1715/248832
R2^4*R5*R10,16,1715/55296
R2^4*R5*R10,18,-8575/442368
R2^4*R5*R11,18,-12005/1990656
R2^4*R5*R12,20,84035/191102976
R2^4*R6^2,10,-5/72
R2^4*R6^2,12,145/288
R2^4*R6^2,14,-5675/4608
R2^4*R6^2,16,4165/55296
R2^4*R6*R7,12,35/288
R2^4*R6*R7,14,-1435/2304
R2^4*R6*R7,16,4375/9216
R2^4*R6*R8,14,-1225/27648
R2^4*R6*R8,16,24745/110592
R2^4*R6*R8,18,-164885/5308416
R2^4*R6*R9,16,1715/124416
R2^4*R6*R9,18,-162925/3981312
R2^4*R6*R10,18,-12005/2654208
R2^4*R6*R10,20,60025/21233664
R2^4*R6*R11,20,84035/95551488
R2^4*R6*R12,22,-588245/9172942848
R2^4*R7^2,14,-245/4608
R2^4*R7^2,16,1225/18432
R2^4*R7^2,18,-6125/294912
R2^4*R7*R8,16,1715/55296
R2^4*R7*R8,18,-8575/442368
R2^4*R7*R9,18,-12005/3981312
R2^4*R7*R9,20,60025/31850496
R2^4*R8^2,18,-12005/2654208
R2^4*R8*R9,20,84035/95551488
R2^4*R9^2,22,-588245/13759414272
R2^3*R3^2*R4,10,-10
R2^3*R3^2*R5,10,-10
R2^3*R3^2*R5,12,55/6
R2^3*R3^2*R6,10,-5/3
R2^3*R3^2*R6,12,355/24
R2^3*R3^2*R6,14,-35/12
R2^3*R3^2*R7,12,35/8
R2^3*R3^2*R7,14,-4655/576
R2^3*R3^2*R7,16,245/768
R2^3*R3^2*R8,12,35/144
R2^3*R3^2*R8,14,-35/9
R2^3*R3^2*R8,16,53935/27648
R2^3*R3^2*R9,14,-245/576
R2^3*R3^2*R9,16,66395/41472
R2^3*R3^2*R9,18,-58555/331776
R2^3*R3^2*R10,14,-49/6912
R2^3*R3^2*R10,16,2695/9216
R2^3*R3^2*R10,18,-418705/1327104
R2^3*R3^2*R11,16,1715/165888
R2^3*R3^2*R11,18,-197225/1990656
R2^3*R3^2*R11,20,770035/31850496
R2^3*R3^2*R12,18,-12005/1990656
R2^3*R3^2*R12,20,132055/7962624
R2^3*R3^2*R13,20,84035/47775744
R2^3*R3^2*R13,22,-420175/382205952
R2^3*R3^2*R14,22,-588245/2293235712
R2^3*R3^2*R15,24,823543/55037657088
R2^3*R3*R4^2,10,-10
R2^3*R3*R4^2,12,55/6
R2^3*R3*R4*R5,10,-10
R2^3*R3*R4*R5,12,145/6
R2^3*R3*R4*R5,14,-1685/288
R2^3*R3*R4*R6,10,-5/3
R2^3*R3*R4*R6,12,895/72
R2^3*R3*R4*R6,14,-6865/576
R2^3*R3*R4*R6,16,2975/4608
R2^3*R3*R4*R7,12,35/12
R2^3*R3*R4*R7,14,-455/72
R2^3*R3*R4*R7,16,6475/2304
R2^3*R3*R4*R8,12,35/288
R2^3*R3*R4*R8,14,-4165/2304
R2^3*R3*R4*R8,16,32375/18432
R2^3*R3*R4*R8,18,-117775/442368
R2^3*R3*R4*R9,14,-245/1728
R2^3*R3*R4*R9,16,2695/5184
R2^3*R3*R4*R9,18,-292285/995328
R2^3*R3*R4*R10,16,1715/27648
R2^3*R3*R4*R10,18,-8575/110592
R2^3*R3*R4*R10,20,42875/1769472
R2^3*R3*R4*R11,18,-12005/995328
R2^3*R3*R4*R11,20,60025/7962624
R2^3*R3*R4*R12,20,84035/95551488
R2^3*R3*R4*R12,22,-420175/764411904
R2^3*R3*R5^2,12,35/4
R2^3*R3*R5^2,14,-805/144
R2^3*R3*R5^2,16,35/108
R2^3*R3*R5*R6,12,35/18
R2^3*R3*R5*R6,14,-4655/432
R2^3*R3*R5*R6,16,665/288
R2^3*R3*R5*R7,14,-245/96
R2^3*R3*R5*R7,16,20335/6912
R2^3*R3*R5*R7,18,-1225/6912
R2^3*R3*R5*R8,14,-245/3456
R2^3*R3*R5*R8,16,17395/13824
R2^3*R3*R5*R8,18,-73255/221184
R2^3*R3*R5*R9,16,1715/20736
R2^3*R3*R5*R9,18,-8575/31104
R2^3*R3*R5*R9,20,12005/1492992
R2^3*R3*R5*R10,18,-12005/331776
R2^3*R3*R5*R10,20,60025/2654208
R2^3*R3*R5*R11,20,84035/11943936
R2^3*R3*R5*R12,22,-588245/1146617856
R2^3*R3*R6^2,12,35/432
R2^3*R3*R6^2,14,-35/48
R2^3*R3*R6^2,16,53935/27648
R2^3*R3*R6^2,18,-29155/331776
R2^3*R3*R6*R7,14,-245/1728
R2^3*R3*R6*R7,16,245/288
R2^3*R3*R6*R7,18,-23275/36864
R2^3*R3*R6*R8,16,8575/165888
R2^3*R3*R6*R8,18,-197225/663552
R2^3*R3*R6*R8,20,1154195/31850496
R2^3*R3*R6*R9,18,-12005/746496
R2^3*R3*R6*R9,20,204085/3981312
R2^3*R3*R6*R10,20,84035/15925248
R2^3*R3*R6*R10,22,-420175/127401984
R2^3*R3*R6*R11,22,-588245/573308928
R2^3*R3*R6*R12,24,4117715/55037657088
R2^3*R3*R7^2,16,1715/27648
R2^3*R3*R7^2,18,-8575/110592
R2^3*R3*R7^2,20,42875/1769472
R2^3*R3*R7*R8,18,-12005/331776
R2^3*R3*R7*R8,20,60025/2654208
R2^3*R3*R7*R9,20,84035/23887872
R2^3*R3*R7*R9,22,-420175/191102976
R2^3*R3*R8^2,20,84035/15925248
R2^3*R3*R8*R9,22,-588245/573308928
R2^3*R3*R9^2,24,4117715/82556485632
R2^3*R4^3,10,-5/2
R2^3*R4^3,12,25/8
R2^3*R4^3,14,-125/128
R2^3*R4^2*R5,10,-5/2
R2^3*R4^2*R5,12,55/8
R2^3*R4^2*R5,14,-1475/384
R2^3*R4^2*R5,16,125/384
R2^3*R4^2*R6,10,-5/12
R2^3*R4^2*R6,12,65/32
R2^3*R4^2*R6,14,-5705/2304
R2^3*R4^2*R6,16,15775/18432
R2^3*R4^2*R7,12,35/96
R2^3*R4^2*R7,14,-175/256
R2^3*R4^2*R7,16,875/2048
R2^3*R4^2*R7,18,-4375/49152
R2^3*R4^2*R8,14,-245/2304
R2^3*R4^2*R8,16,1225/9216
R2^3*R4^2*R8,18,-6125/147456
R2^3*R4^2*R9,16,1715/165888
R2^3*R4^2*R9,18,-8575/663552
R2^3*R4^2*R9,20,42875/10616832
R2^3*R4*R5^2,12,35/12
R2^3*R4*R5^2,14,-175/48
R2^3*R4*R5^2,16,175/288
R2^3*R4*R5*R6,12,35/72
R2^3*R4*R5*R6,14,-1435/576
R2^3*R4*R5*R6,16,12145/6912
R2^3*R4*R5*R6,18,-1225/13824
R2^3*R4*R5*R7,14,-245/576
R2^3*R4*R5*R7,16,1225/2304
R2^3*R4*R5*R7,18,-6125/36864
R2^3*R4*R5*R8,16,1715/13824
R2^3*R4*R5*R8,18,-8575/110592
R2^3*R4*R5*R9,18,-12005/995328
R2^3*R4*R5*R9,20,60025/7962624
R2^3*R4*R6^2,14,-245/3456
R2^3*R4*R6^2,16,4165/13824
R2^3*R4*R6^2,18,-29645/165888
R2^3*R4*R6*R7,16,1715/27648
R2^3*R4*R6*R7,18,-8575/110592
R2^3*R4*R6*R7,20,42875/1769472
R2^3*R4*R6*R8,18,-12005/663552
R2^3*R4*R6*R8,20,60025/5308416
R2^3*R4*R6*R9,20,84035/47775744
R2^3*R4*R6*R9,22,-420175/382205952
R2^3*R5^3,14,-245/288
R2^3*R5^3,16,245/864
R2^3*R5^2*R6,14,-245/1728
R2^3*R5^2*R6,16,10535/13824
R2^3*R5^2*R6,18,-1715/20736
R2^3*R5^2*R7,16,1715/13824
R2^3*R5^2*R7,18,-8575/110592
R2^3*R5^2*R8,18,-12005/331776
R2^3*R5^2*R9,20,84035/23887872
R2^3*R5*R6^2,16,1715/41472
R2^3*R5*R6^2,18,-111475/663552
R2^3*R5*R6^2,20,12005/1990656
R2^3*R5*R6*R7,18,-12005/331776
R2^3*R5*R6*R7,20,60025/2654208
R2^3*R5*R6*R8,20,84035/7962624
R2^3*R5*R6*R9,22,-588245/573308928
R2^3*R6^3,18,-12005/3981312
R2^3*R6^3,20,348145/31850496
R2^3*R6^2*R7,20,84035/31850496
R2^3*R6^2*R7,22,-420175/254803968
R2^3*R6^2*R8,22,-588245/764411904
R2^3*R6^2*R9,24,4117715/55037657088
R2^2*R3^4,10,-5/2
R2^2*R3^3*R4,10,-5
R2^2*R3^3*R4,12,95/8
R2^2*R3^3*R5,12,35/3
R2^2*R3^3*R5,14,-175/32
R2^2*R3^3*R6,12,35/24
R2^2*R3^3*R6,14,-5495/576
R2^2*R3^3*R6,16,15925/13824
R2^2*R3^3*R7,14,-245/96
R2^2*R3^3*R7,16,3185/864
R2^2*R3^3*R7,18,-1715/18432
R2^2*R3^3*R8,14,-245/2304
R2^2*R3^3*R8,16,48755/27648
R2^2*R3^3*R8,18,-919975/1327104
R2^2*R3^3*R9,16,1715/10368
R2^2*R3^3*R9,18,-22295/36864
R2^2*R3^3*R9,20,409885/7962624
R2^2*R3^3*R10,16,343/165888
R2^2*R3^3*R10,18,-8575/82944
R2^2*R3^3*R10,20,3291085/31850496
R2^2*R3^3*R11,18,-12005/3981312
R2^2*R3^3*R11,20,516215/15925248
R2^2*R3^3*R11,22,-5390245/764411904
R2^2*R3^3*R12,20,84035/47775744
R2^2*R3^3*R12,22,-11680865/2293235712
R2^2*R3^3*R13,22,-588245/1146617856
R2^2*R3^3*R13,24,2941225/9172942848
R2^2*R3^3*R14,24,4117715/55037657088
R2^2*R3^3*R15,26,-5764801/1320903770112
R2^2*R3^2*R4^2,10,-15/4
R2^2*R3^2*R4^2,12,215/16
R2^2*R3^2*R4^2,14,-6305/768
R2^2*R3^2*R4*R5,12,105/8
R2^2*R3^2*R4*R5,14,-1925/96
R2^2*R3^2*R4*R5,16,15995/4608
R2^2*R3^2*R4*R6,12,35/24
R2^2*R3^2*R4*R6,14,-5285/576
R2^2*R3^2*R4*R6,16,70385/9216
R2^2*R3^2*R4*R6,18,-20825/73728
R2^2*R3^2*R4*R7,14,-245/128
R2^2*R3^2*R4*R7,16,16415/4608
R2^2*R3^2*R4*R7,18,-109025/73728
R2^2*R3^2*R4*R8,14,-245/4608
R2^2*R3^2*R4*R8,16,12005/12288
R2^2*R3^2*R4*R8,18,-86975/98304
R2^2*R3^2*R4*R8,20,824425/7077888
R2^2*R3^2*R4*R9,16,1715/27648
R2^2*R3^2*R4*R9,18,-162925/663552
R2^2*R3^2*R4*R9,20,1113035/7962624
R2^2*R3^2*R4*R10,18,-12005/442368
R2^2*R3^2*R4*R10,20,60025/1769472
R2^2*R3^2*R4*R10,22,-300125/28311552
R2^2*R3^2*R4*R11,20,84035/15925248
R2^2*R3^2*R4*R11,22,-420175/127401984
R2^2*R3^2*R4*R12,22,-588245/1528823808
R2^2*R3^2*R4*R12,24,2941225/12230590464
R2^2*R3^2*R5^2,14,-245/32
R2^2*R3^2*R5^2,16,7595/2304
R2^2*R3^2*R5^2,18,-245/1728
R2^2*R3^2*R5*R6,14,-245/192
R2^2*R3^2*R5*R6,16,96775/13824
R2^2*R3^2*R5*R6,18,-245/216
R2^2*R3^2*R5*R7,16,1715/1152
R2^2*R3^2*R5*R7,18,-84035/55296
R2^2*R3^2*R5*R7,20,8575/110592
R2^2*R3^2*R5*R8,16,1715/55296
R2^2*R3^2*R5*R8,18,-145775/221184
R2^2*R3^2*R5*R8,20,512785/3538944
R2^2*R3^2*R5*R9,18,-12005/331776
R2^2*R3^2*R5*R9,20,348145/2654208
R2^2*R3^2*R5*R9,22,-84035/23887872
R2^2*R3^2*R5*R10,20,84035/5308416
R2^2*R3^2*R5*R10,22,-420175/42467328
R2^2*R3^2*R5*R11,22,-588245/191102976
R2^2*R3^2*R5*R12,24,4117715/18345885696
R2^2*R3^2*R6^2,14,-245/6912
R2^2*R3^2*R6^2,16,10535/27648
R2^2*R3^2*R6^2,18,-122255/110592
R2^2*R3^2*R6^2,20,204085/5308416
R2^2*R3^2*R6*R7,16,1715/27648
R2^2*R3^2*R6*R7,18,-94325/221184
R2^2*R3^2*R6*R7,20,8575/27648
R2^2*R3^2*R6*R8,18,-60025/2654208
R2^2*R3^2*R6*R8,20,516215/3538944
R2^2*R3^2*R6*R8,22,-8079365/509607936
R2^2*R3^2*R6*R9,20,84035/11943936
R2^2*R3^2*R6*R9,22,-9159815/382205952
R2^2*R3^2*R6*R10,22,-588245/254803968
R2^2*R3^2*R6*R10,24,2941225/2038431744
R2^2*R3^2*R6*R11,24,4117715/9172942848
R2^2*R3^2*R6*R12,26,-28824005/880602513408
R2^2*R3^2*R7^2,18,-12005/442368
R2^2*R3^2*R7^2,20,60025/1769472
R2^2*R3^2*R7^2,22,-300125/28311552
R2^2*R3^2*R7*R8,20,84035/5308416
R2^2*R3^2*R7*R8,22,-420175/42467328
R2^2*R3^2*R7*R9,22,-588245/382205952
R2^2*R3^2*R7*R9,24,2941225/3057647616
R2^2*R3^2*R8^2,22,-588245/254803968
R2^2*R3^2*R8*R9,24,4117715/9172942848
R2^2*R3^2*R9^2,26,-28824005/1320903770112
R2^2*R3*R4^3,10,-5/4
R2^2*R3*R4^3,12,145/32
R2^2*R3*R4^3,14,-1075/256
R2^2*R3*R4^3,16,2375/2048
R2^2*R3*R4^2*R5,12,35/8
R2^2*R3*R4^2*R5,14,-35/4
R2^2*R3*R4^2*R5,16,6475/1536
R2^2*R3*R4^2*R5,18,-875/3072
R2^2*R3*R4^2*R6,12,35/96
R2^2*R3*R4^2*R6,14,-805/384
R2^2*R3*R4^2*R6,16,47285/18432
R2^2*R3*R4^2*R6,18,-4025/4608
R2^2*R3*R4^2*R7,14,-245/768
R2^2*R3*R4^2*R7,16,1225/2048
R2^2*R3*R4^2*R7,18,-6125/16384
R2^2*R3*R4^2*R7,20,30625/393216
R2^2*R3*R4^2*R8,16,1715/18432
R2^2*R3*R4^2*R8,18,-8575/73728
R2^2*R3*R4^2*R8,20,42875/1179648
R2^2*R3*R4^2*R9,18,-12005/1327104
R2^2*R3*R4^2*R9,20,60025/5308416
R2^2*R3*R4^2*R9,22,-300125/84934656
R2^2*R3*R4*R5^2,14,-245/64
R2^2*R3*R4*R5^2,16,6125/1536
R2^2*R3*R4*R5^2,18,-1225/2304
R2^2*R3*R4*R5*R6,14,-245/576
R2^2*R3*R4*R5*R6,16,245/96
R2^2*R3*R4*R5*R6,18,-195755/110592
R2^2*R3*R4*R5*R6,20,8575/110592
R2^2*R3*R4*R5*R7,16,1715/4608
R2^2*R3*R4*R5*R7,18,-8575/18432
R2^2*R3*R4*R5*R7,20,42875/294912
R2^2*R3*R4*R5*R8,18,-12005/110592
R2^2*R3*R4*R5*R8,20,60025/884736
R2^2*R3*R4*R5*R9,20,84035/7962624
R2^2*R3*R4*R5*R9,22,-420175/63700992
R2^2*R3*R4*R6^2,16,1715/27648
R2^2*R3*R4*R6^2,18,-42875/147456
R2^2*R3*R4*R6^2,20,1840195/10616832
R2^2*R3*R4*R6*R7,18,-12005/221184
R2^2*R3*R4*R6*R7,20,60025/884736
R2^2*R3*R4*R6*R7,22,-300125/14155776
R2^2*R3*R4*R6*R8,20,84035/5308416
R2^2*R3*R4*R6*R8,22,-420175/42467328
R2^2*R3*R4*R6*R9,22,-588245/382205952
R2^2*R3*R4*R6*R9,24,2941225/3057647616
R2^2*R3*R5^3,16,1715/1728
R2^2*R3*R5^3,18,-1715/6912
R2^2*R3*R5^2*R6,16,1715/13824
R2^2*R3*R5^2*R6,18,-42875/55296
R2^2*R3*R5^2*R6,20,12005/165888
R2^2*R3*R5^2*R7,18,-12005/110592
R2^2*R3*R5^2*R7,20,60025/884736
R2^2*R3*R5^2*R8,20,84035/2654208
R2^2*R3*R5^2*R9,22,-588245/191102976
R2^2*R3*R5*R6^2,18,-12005/331776
R2^2*R3*R5*R6^2,20,12005/73728
R2^2*R3*R5*R6^2,22,-84035/15925248
R2^2*R3*R5*R6*R7,20,84035/2654208
R2^2*R3*R5*R6*R7,22,-420175/21233664
R2^2*R3*R5*R6*R8,22,-588245/63700992
R2^2*R3*R5*R6*R9,24,4117715/4586471424
R2^2*R3*R6^3,20,84035/31850496
R2^2*R3*R6^3,22,-3949645/382205952
R2^2*R3*R6^2*R7,22,-588245/254803968
R2^2*R3*R6^2*R7,24,2941225/2038431744
R2^2*R3*R6^2*R8,24,4117715/6115295232
R2^2*R3*R6^2*R9,26,-28824005/440301256704
R2^2*R4^4,10,-5/32
R2^2*R4^4,12,25/64
R2^2*R4^4,14,-375/1024
R2^2*R4^4,16,625/4096
R2^2*R4^4,18,-3125/131072
R2^2*R4^3*R5,12,35/96
R2^2*R4^3*R5,14,-175/256
R2^2*R4^3*R5,16,875/2048
R2^2*R4^3*R5,18,-4375/49152
R2^2*R4^3*R6,14,-245/4608
R2^2*R4^3*R6,16,1225/12288
R2^2*R4^3*R6,18,-6125/98304
R2^2*R4^3*R6,20,30625/2359296
R2^2*R4^2*R5^2,14,-245/768
R2^2*R4^2*R5^2,16,1225/3072
R2^2*R4^2*R5^2,18,-6125/49152
R2^2*R4^2*R5*R6,16,1715/18432
R2^2*R4^2*R5*R6,18,-8575/73728
R2^2*R4^2*R5*R6,20,42875/1179648
R2^2*R4^2*R6^2,18,-12005/1769472
R2^2*R4^2*R6^2,20,60025/7077888
R2^2*R4^2*R6^2,22,-300125/113246208
R2^2*R4*R5^3,16,1715/13824
R2^2*R4*R5^3,18,-8575/110592
R2^2*R4*R5^2*R6,18,-12005/221184
R2^2*R4*R5^2*R6,20,60025/1769472
R2^2*R4*R5*R6^2,20,84035/10616832
R2^2*R4*R5*R6^2,22,-420175/84934656
R2^2*R4*R6^3,22,-588245/1528823808
R2^2*R4*R6^3,24,2941225/12230590464
R2^2*R5^4,18,-12005/663552
R2^2*R5^3*R6,20,84035/7962624
R2^2*R5^2*R6^2,22,-588245/254803968
R2^2*R5*R6^3,24,4117715/18345885696
R2^2*R6^4,26,-28824005/3522410053632
R2*R3^5,12,35/24
R2*R3^4*R4,12,35/12
R2*R3^4*R4,14,-35/8
R2*R3^4*R5,14,-1225/288
R2*R3^4*R5,16,4655/3456
R2*R3^4*R6,14,-245/576
R2*R3^4*R6,16,35035/13824
R2*R3^4*R6,18,-70315/331776
R2*R3^4*R7,16,8575/13824
R2*R3^4*R7,18,-255535/331776
R2*R3^4*R7,20,12005/884736
R2*R3^4*R8,16,1715/82944
R2*R3^4*R8,18,-121765/331776
R2*R3^4*R8,20,70315/589824
R2*R3^4*R9,18,-60025/1990656
R2*R3^4*R9,20,876365/7962624
R2*R3^4*R9,22,-2869195/382205952
R2*R3^4*R10,18,-2401/7962624
R2*R3^4*R10,20,564235/31850496
R2*R3^4*R10,22,-25558645/1528823808
R2*R3^4*R11,20,84035/191102976
R2*R3^4*R11,22,-12017005/2293235712
R2*R3^4*R11,24,37731715/36691771392
R2*R3^4*R12,22,-588245/2293235712
R2*R3^4*R12,24,42941885/55037657088
R2*R3^4*R13,24,4117715/55037657088
R2*R3^4*R13,26,-20588575/440301256704
R2*R3^4*R14,26,-28824005/2641807540224
R2*R3^4*R15,28,40353607/63403380965376
R2*R3^3*R4^2,12,35/16
R2*R3^3*R4^2,14,-1015/192
R2*R3^3*R4^2,16,74585/27648
R2*R3^3*R4*R5,14,-245/48
R2*R3^3*R4*R5,16,14455/2304
R2*R3^3*R4*R5,18,-141365/165888
R2*R3^3*R4*R6,14,-245/576
R2*R3^3*R4*R6,16,54635/20736
R2*R3^3*R4*R6,18,-4165/2048
R2*R3^3*R4*R6,20,145775/2654208
R2*R3^3*R4*R7,16,1715/3456
R2*R3^3*R4*R7,18,-70315/82944
R2*R3^3*R4*R7,20,111475/331776
R2*R3^3*R4*R8,16,1715/165888
R2*R3^3*R4*R8,18,-300125/1327104
R2*R3^3*R4*R8,20,2066575/10616832
R2*R3^3*R4*R8,22,-5770975/254803968
R2*R3^3*R4*R9,18,-12005/995328
R2*R3^3*R4*R9,20,204085/3981312
R2*R3^3*R4*R9,22,-16843015/573308928
R2*R3^3*R4*R10,20,84035/15925248
R2*R3^3*R4*R10,22,-420175/63700992
R2*R3^3*R4*R10,24,2100875/1019215872
R2*R3^3*R4*R11,22,-588245/573308928
R2*R3^3*R4*R11,24,2941225/4586471424
R2*R3^3*R4*R12,24,4117715/55037657088
R2*R3^3*R4*R12,26,-20588575/440301256704
R2*R3^3*R5^2,16,8575/3456
R2*R3^3*R5^2,18,-22295/27648
R2*R3^3*R5^2,20,1715/62208
R2*R3^3*R5*R6,16,1715/5184
R2*R3^3*R5*R6,18,-934675/497664
R2*R3^3*R5*R6,20,121765/497664
R2*R3^3*R5*R7,18,-60025/165888
R2*R3^3*R5*R7,20,1356565/3981312
R2*R3^3*R5*R7,22,-60025/3981312
R2*R3^3*R5*R8,18,-12005/1990656
R2*R3^3*R5*R8,20,132055/884736
R2*R3^3*R5*R8,22,-3589495/127401984
R2*R3^3*R5*R9,20,84035/11943936
R2*R3^3*R5*R9,22,-3949645/143327232
R2*R3^3*R5*R9,24,588245/859963392
R2*R3^3*R5*R10,22,-588245/191102976
R2*R3^3*R5*R10,24,2941225/1528823808
R2*R3^3*R5*R11,24,4117715/6879707136
R2*R3^3*R5*R12,26,-28824005/660451885056
R2*R3^3*R6^2,16,1715/248832
R2*R3^3*R6^2,18,-42875/497664
R2*R3^3*R6^2,20,1071875/3981312
R2*R3^3*R6^2,22,-1428595/191102976
R2*R3^3*R6*R7,18,-12005/995328
R2*R3^3*R6*R7,20,372155/3981312
R2*R3^3*R6*R7,22,-4261775/63700992
R2*R3^3*R6*R8,20,420175/95551488
R2*R3^3*R6*R8,22,-12017005/382205952
R2*R3^3*R6*R8,24,56555555/18345885696
R2*R3^3*R6*R9,22,-588245/429981696
R2*R3^3*R6*R9,24,17059105/3439853568
R2*R3^3*R6*R10,24,4117715/9172942848
R2*R3^3*R6*R10,26,-20588575/73383542784
R2*R3^3*R6*R11,26,-28824005/330225942528
R2*R3^3*R6*R12,28,201768035/31701690482688
R2*R3^3*R7^2,20,84035/15925248
R2*R3^3*R7^2,22,-420175/63700992
R2*R3^3*R7^2,24,2100875/1019215872
R2*R3^3*R7*R8,22,-588245/191102976
R2*R3^3*R7*R8,24,2941225/1528823808
R2*R3^3*R7*R9,24,4117715/13759414272
R2*R3^3*R7*R9,26,-20588575/110075314176
R2*R3^3*R8^2,24,4117715/9172942848
R2*R3^3*R8*R9,26,-28824005/330225942528
R2*R3^3*R9^2,28,201768035/47552535724032
R2*R3^2*R4^3,12,35/48
R2*R3^2*R4^3,14,-385/192
R2*R3^2*R4^3,16,5075/3072
R2*R3^2*R4^3,18,-875/2048
R2*R3^2*R4^2*R5,14,-245/128
R2*R3^2*R4^2*R5,16,1715/512
R2*R3^2*R4^2*R5,18,-109025/73728
R2*R3^2*R4^2*R5,20,6125/73728
R2*R3^2*R4^2*R6,14,-245/2304
R2*R3^2*R4^2*R6,16,12985/18432
R2*R3^2*R4^2*R6,18,-382445/442368
R2*R3^2*R4^2*R6,20,1030225/3538944
R2*R3^2*R4^2*R7,16,1715/18432
R2*R3^2*R4^2*R7,18,-8575/49152
R2*R3^2*R4^2*R7,20,42875/393216
R2*R3^2*R4^2*R7,22,-214375/9437184
R2*R3^2*R4^2*R8,18,-12005/442368
R2*R3^2*R4^2*R8,20,60025/1769472
R2*R3^2*R4^2*R8,22,-300125/28311552
R2*R3^2*R4^2*R9,20,84035/31850496
R2*R3^2*R4^2*R9,22,-420175/127401984
R2*R3^2*R4^2*R9,24,2100875/2038431744
R2*R3^2*R4*R5^2,16,1715/1152
R2*R3^2*R4*R5^2,18,-8575/6144
R2*R3^2*R4*R5^2,20,8575/55296
R2*R3^2*R4*R5*R6,16,1715/13824
R2*R3^2*R4*R5*R6,18,-94325/110592
R2*R3^2*R4*R5*R6,20,193795/331776
R2*R3^2*R4*R5*R6,22,-60025/2654208
R2*R3^2*R4*R5*R7,18,-12005/110592
R2*R3^2*R4*R5*R7,20,60025/442368
R2*R3^2*R4*R5*R7,22,-300125/7077888
R2*R3^2*R4*R5*R8,20,84035/2654208
R2*R3^2*R4*R5*R8,22,-420175/21233664
R2*R3^2*R4*R5*R9,22,-588245/191102976
R2*R3^2*R4*R5*R9,24,2941225/1528823808
R2*R3^2*R4*R6^2,18,-12005/663552
R2*R3^2*R4*R6^2,20,492205/5308416
R2*R3^2*R4*R6^2,22,-7070945/127401984
R2*R3^2*R4*R6*R7,20,84035/5308416
R2*R3^2*R4*R6*R7,22,-420175/21233664
R2*R3^2*R4*R6*R7,24,2100875/339738624
R2*R3^2*R4*R6*R8,22,-588245/127401984
R2*R3^2*R4*R6*R8,24,2941225/1019215872
R2*R3^2*R4*R6*R9,24,4117715/9172942848
R2*R3^2*R4*R6*R9,26,-20588575/73383542784
R2*R3^2*R5^3,18,-60025/165888
R2*R3^2*R5^3,20,12005/165888
R2*R3^2*R5^2*R6,18,-12005/331776
R2*R3^2*R5^2*R6,20,228095/884736
R2*R3^2*R5^2*R6,22,-84035/3981312
R2*R3^2*R5^2*R7,20,84035/2654208
R2*R3^2*R5^2*R7,22,-420175/21233664
R2*R3^2*R5^2*R8,22,-588245/63700992
R2*R3^2*R5^2*R9,24,4117715/4586471424
R2*R3^2*R5*R6^2,20,84035/7962624
R2*R3^2*R5*R6^2,22,-6638765/127401984
R2*R3^2*R5*R6^2,24,588245/382205952
R2*R3^2*R5*R6*R7,22,-588245/63700992
R2*R3^2*R5*R6*R7,24,2941225/509607936
R2*R3^2*R5*R6*R8,24,4117715/1528823808
R2*R3^2*R5*R6*R9,26,-28824005/110075314176
R2*R3^2*R6^3,22,-588245/764411904
R2*R3^2*R6^3,24,59412745/18345885696
R2*R3^2*R6^2*R7,24,4117715/6115295232
R2*R3^2*R6^2*R7,26,-20588575/48922361856
R2*R3^2*R6^2*R8,26,-28824005/146767085568
R2*R3^2*R6^2*R9,28,201768035/10567230160896
R2*R3*R4^4,12,35/384
R2*R3*R4^4,14,-175/768
R2*R3*R4^4,16,875/4096
R2*R3*R4^4,18,-4375/49152
R2*R3*R4^4,20,21875/1572864
R2*R3*R4^3*R5,14,-245/1152
R2*R3*R4^3*R5,16,1225/3072
R2*R3*R4^3*R5,18,-6125/24576
R2*R3*R4^3*R5,20,30625/589824
R2*R3*R4^3*R6,16,1715/55296
R2*R3*R4^3*R6,18,-8575/147456
R2*R3*R4^3*R6,20,42875/1179648
R2*R3*R4^3*R6,22,-214375/28311552
R2*R3*R4^2*R5^2,16,1715/9216
R2*R3*R4^2*R5^2,18,-8575/36864
R2*R3*R4^2*R5^2,20,42875/589824
R2*R3*R4^2*R5*R6,18,-12005/221184
R2*R3*R4^2*R5*R6,20,60025/884736
R2*R3*R4^2*R5*R6,22,-300125/14155776
R2*R3*R4^2*R6^2,20,84035/21233664
R2*R3*R4^2*R6^2,22,-420175/84934656
R2*R3*R4^2*R6^2,24,2100875/1358954496
R2*R3*R4*R5^3,18,-12005/165888
R2*R3*R4*R5^3,20,60025/1327104
R2*R3*R4*R5^2*R6,20,84035/2654208
R2*R3*R4*R5^2*R6,22,-420175/21233664
R2*R3*R4*R5*R6^2,22,-588245/127401984
R2*R3*R4*R5*R6^2,24,2941225/1019215872
R2*R3*R4*R6^3,24,4117715/18345885696
R2*R3*R4*R6^3,26,-20588575/146767085568
R2*R3*R5^4,20,84035/7962624
R2*R3*R5^3*R6,22,-588245/95551488
R2*R3*R5^2*R6^2,24,4117715/3057647616
R2*R3*R5*R6^3,26,-28824005/220150628352
R2*R3*R6^4,28,201768035/42268920643584
R3^6,14,-245/1152
R3^5*R4,14,-245/576
R3^5*R4,16,7105/13824
R3^5*R5,16,1715/3456
R3^5*R5,18,-39445/331776
R3^5*R6,16,1715/41472
R3^5*R6,18,-53165/221184
R3^5*R6,20,26411/1769472
R3^5*R7,18,-12005/221184
R3^5*R7,20,967603/15925248
R3^5*R7,22,-16807/21233664
R3^5*R8,18,-12005/7962624
R3^5*R8,20,919583/31850496
R3^5*R8,22,-12247501/1528823808
R3^5*R9,20,16807/7962624
R3^5*R9,22,-2235331/286654464
R3^5*R9,24,4016873/9172942848
R3^5*R10,20,16807/955514880
R3^5*R10,22,-16807/14155776
R3^5*R10,24,39311573/36691771392
R3^5*R11,22,-117649/4586471424
R3^5*R11,24,18470893/55037657088
R3^5*R11,26,-52824401/880602513408
R3^5*R12,24,823543/55037657088
R3^5*R12,26,-14000231/293534171136
R3^5*R13,26,-5764801/1320903770112
R3^5*R13,28,28824005/10567230160896
R3^5*R14,28,40353607/63403380965376
R3^5*R15,30,-282475249/7608405715845120
R3^4*R4^2,14,-245/768
R3^4*R4^2,16,17885/27648
R3^4*R4^2,18,-395185/1327104
R3^4*R4*R5,16,8575/13824
R3^4*R4*R5,18,-444185/663552
R3^4*R4*R5,20,1195355/15925248
R3^4*R4*R6,16,1715/41472
R3^4*R4*R6,18,-1047865/3981312
R3^4*R4*R6,20,3088715/15925248
R3^4*R4*R6,22,-1020425/254803968
R3^4*R4*R7,18,-60025/1327104
R3^4*R4*R7,20,1164485/15925248
R3^4*R4*R7,22,-7142975/254803968
R3^4*R4*R8,18,-12005/15925248
R3^4*R4*R8,20,2437015/127401984
R3^4*R4*R8,22,-16146725/1019215872
R3^4*R4*R8,24,40396825/24461180928
R3^4*R4*R9,20,84035/95551488
R3^4*R4*R9,22,-9159815/2293235712
R3^4*R4*R9,24,31681195/13759414272
R3^4*R4*R10,22,-588245/1528823808
R3^4*R4*R10,24,2941225/6115295232
R3^4*R4*R10,26,-14706125/97844723712
R3^4*R4*R11,24,4117715/55037657088
R3^4*R4*R11,26,-20588575/440301256704
R3^4*R4*R12,26,-28824005/5283615080448
R3^4*R4*R12,28,144120025/42268920643584
R3^4*R5^2,18,-60025/221184
R3^4*R5^2,20,564235/7962624
R3^4*R5^2,22,-12005/5971968
R3^4*R5*R6,18,-60025/1990656
R3^4*R5*R6,20,2148895/11943936
R3^4*R5*R6,22,-156065/7962624
R3^4*R5*R7,20,84035/2654208
R3^4*R5*R7,22,-84035/2985984
R3^4*R5*R7,24,420175/382205952
R3^4*R5*R8,20,84035/191102976
R3^4*R5*R8,22,-9495955/764411904
R3^4*R5*R8,24,25126465/12230590464
R3^4*R5*R9,22,-588245/1146617856
R3^4*R5*R9,24,59412745/27518828544
R3^4*R5*R9,26,-4117715/82556485632
R3^4*R5*R10,24,4117715/18345885696
R3^4*R5*R10,26,-20588575/146767085568
R3^4*R5*R11,26,-28824005/660451885056
R3^4*R5*R12,28,201768035/63403380965376
R3^4*R6^2,18,-12005/23887872
R3^4*R6^2,20,228095/31850496
R3^4*R6^2,22,-36651265/1528823808
R3^4*R6^2,24,10000165/18345885696
R3^4*R6*R7,20,84035/95551488
R3^4*R6*R7,22,-1932805/254803968
R3^4*R6*R7,24,5462275/1019215872
R3^4*R6*R8,22,-2941225/9172942848
R3^4*R6*R8,24,92354465/36691771392
R3^4*R6*R8,26,-395888885/1761205026816
R3^4*R6*R9,24,4117715/41278242816
R3^4*R6*R9,26,-168826315/440301256704
R3^4*R6*R10,26,-28824005/880602513408
R3^4*R6*R10,28,144120025/7044820107264
R3^4*R6*R11,28,201768035/31701690482688
R3^4*R6*R12,30,-1412376245/3043362286338048
R3^4*R7^2,22,-588245/1528823808
R3^4*R7^2,24,2941225/6115295232
R3^4*R7^2,26,-14706125/97844723712
R3^4*R7*R8,24,4117715/18345885696
R3^4*R7*R8,26,-20588575/146767085568
R3^4*R7*R9,26,-28824005/1320903770112
R3^4*R7*R9,28,144120025/10567230160896
R3^4*R8^2,26,-28824005/880602513408
R3^4*R8*R9,28,201768035/31701690482688
R3^4*R9^2,30,-1412376245/4565043429507072
R3^3*R4^3,14,-245/2304
R3^3*R4^3,16,14455/55296
R3^3*R4^3,18,-89425/442368
R3^3*R4^3,20,177625/3538944
R3^3*R4^2*R5,16,1715/6912
R3^3*R4^2*R5,18,-22295/55296
R3^3*R4^2*R5,20,111475/663552
R3^3*R4^2*R5,22,-42875/5308416
R3^3*R4^2*R6,16,1715/165888
R3^3*R4^2*R6,18,-8575/110592
R3^3*R4^2*R6,20,3037265/31850496
R3^3*R4^2*R6,22,-4055975/127401984
R3^3*R4^2*R7,18,-12005/1327104
R3^3*R4^2*R7,20,60025/3538944
R3^3*R4^2*R7,22,-300125/28311552
R3^3*R4^2*R7,24,1500625/679477248
R3^3*R4^2*R8,20,84035/31850496
R3^3*R4^2*R8,22,-420175/127401984
R3^3*R4^2*R8,24,2100875/2038431744
R3^3*R4^2*R9,22,-588245/2293235712
R3^3*R4^2*R9,24,2941225/9172942848
R3^3*R4^2*R9,26,-14706125/146767085568
R3^3*R4*R5^2,18,-60025/331776
R3^3*R4*R5^2,20,420175/2654208
R3^3*R4*R5^2,22,-60025/3981312
R3^3*R4*R5*R6,18,-12005/995328
R3^3*R4*R5*R6,20,372155/3981312
R3^3*R4*R5*R6,22,-12113045/191102976
R3^3*R4*R5*R6,24,420175/191102976
R3^3*R4*R5*R7,20,84035/7962624
R3^3*R4*R5*R7,22,-420175/31850496
R3^3*R4*R5*R7,24,2100875/509607936
R3^3*R4*R5*R8,22,-588245/191102976
R3^3*R4*R5*R8,24,2941225/1528823808
R3^3*R4*R5*R9,24,4117715/13759414272
R3^3*R4*R5*R9,26,-20588575/110075314176
R3^3*R4*R6^2,20,84035/47775744
R3^3*R4*R6^2,22,-7479115/764411904
R3^3*R4*R6^2,24,107816905/18345885696
R3^3*R4*R6*R7,22,-588245/382205952
R3^3*R4*R6*R7,24,2941225/1528823808
R3^3*R4*R6*R7,26,-14706125/24461180928
R3^3*R4*R6*R8,24,4117715/9172942848
R3^3*R4*R6*R8,26,-20588575/73383542784
R3^3*R4*R6*R9,26,-28824005/660451885056
R3^3*R4*R6*R9,28,144120025/5283615080448
R3^3*R5^3,20,84035/1990656
R3^3*R5^3,22,-84035/11943936
R3^3*R5^2*R6,20,84035/23887872
R3^3*R5^2*R6,22,-84035/2985984
R3^3*R5^2*R6,24,588245/286654464
R3^3*R5^2*R7,22,-588245/191102976
R3^3*R5^2*R7,24,2941225/1528823808
R3^3*R5^2*R8,24,4117715/4586471424
R3^3*R5^2*R9,26,-28824005/330225942528
R3^3*R5*R6^2,22,-588245/573308928
R3^3*R5*R6^2,24,25294535/4586471424
R3^3*R5*R6^2,26,-4117715/27518828544
R3^3*R5*R6*R7,24,4117715/4586471424
R3^3*R5*R6*R7,26,-20588575/36691771392
R3^3*R5*R6*R8,26,-28824005/110075314176
R3^3*R5*R6*R9,28,201768035/7925422620672
R3^3*R6^3,24,4117715/55037657088
R3^3*R6^3,26,-4117715/12230590464
R3^3*R6^2*R7,26,-28824005/440301256704
R3^3*R6^2*R7,28,144120025/3522410053632
R3^3*R6^2*R8,28,201768035/10567230160896
R3^3*R6^2*R9,30,-1412376245/760840571584512
R3^2*R4^4,14,-245/18432
R3^2*R4^4,16,1225/36864
R3^2*R4^4,18,-6125/196608
R3^2*R4^4,20,30625/2359296
R3^2*R4^4,22,-153125/75497472
R3^2*R4^3*R5,16,1715/55296
R3^2*R4^3*R5,18,-8575/147456
R3^2*R4^3*R5,20,42875/1179648
R3^2*R4^3*R5,22,-214375/28311552
R3^2*R4^3*R6,18,-12005/2654208
R3^2*R4^3*R6,20,60025/7077888
R3^2*R4^3*R6,22,-300125/56623104
R3^2*R4^3*R6,24,1500625/1358954496
R3^2*R4^2*R5^2,18,-12005/442368
R3^2*R4^2*R5^2,20,60025/1769472
R3^2*R4^2*R5^2,22,-300125/28311552
R3^2*R4^2*R5*R6,20,84035/10616832
R3^2*R4^2*R5*R6,22,-420175/42467328
R3^2*R4^2*R5*R6,24,2100875/679477248
R3^2*R4^2*R6^2,22,-588245/1019215872
R3^2*R4^2*R6^2,24,2941225/4076863488
R3^2*R4^2*R6^2,26,-14706125/65229815808
R3^2*R4*R5^3,20,84035/7962624
R3^2*R4*R5^3,22,-420175/63700992
R3^2*R4*R5^2*R6,22,-588245/127401984
R3^2*R4*R5^2*R6,24,2941225/1019215872
R3^2*R4*R5*R6^2,24,4117715/6115295232
R3^2*R4*R5*R6^2,26,-20588575/48922361856
R3^2*R4*R6^3,26,-28824005/880602513408
R3^2*R4*R6^3,28,144120025/7044820107264
R3^2*R5^4,22,-588245/382205952
R3^2*R5^3*R6,24,4117715/4586471424
R3^2*R5^2*R6^2,26,-28824005/146767085568
R3^2*R5*R6^3,28,201768035/10567230160896
R3^2*R6^4,30,-1412376245/2028908190892032
R2^6*R5,10,1
R2^6*R6,10,3/2
R2^6*R6,12,-17/48
R2^6*R7,10,1/2
R2^6*R7,12,-15/16
R2^6*R8,10,1/24
R2^6*R8,12,-43/96
R2^6*R8,14,673/4608
R2^6*R9,12,-7/144
R2^6*R9,14,77/576
R2^6*R10,14,49/2304
R2^6*R10,16,-245/18432
R2^6*R11,16,-343/82944
R2^6*R12,18,2401/7962624
R2^5*R3*R4,10,6
R2^5*R3*R5,10,6
R2^5*R3*R5,12,-15/4
R2^5*R3*R6,10,1
R2^5*R3*R6,12,-25/4
R2^5*R3*R6,14,119/192
R2^5*R3*R7,12,-7/4
R2^5*R3*R7,14,35/16
R2^5*R3*R8,12,-7/96
R2^5*R3*R8,14,133/128
R2^5*R3*R8,16,-4711/18432
R2^5*R3*R9,14,49/576
R2^5*R3*R9,16,-3577/13824
R2^5*R3*R10,16,-343/9216
R2^5*R3*R10,18,1715/73728
R2^5*R3*R11,18,2401/331776
R2^5*R3*R12,20,-16807/31850496
R2^5*R4^2,10,3
R2^5*R4^2,12,-15/8
R2^5*R4*R5,10,3
R2^5*R4*R5,12,-37/8
R2^5*R4*R5,14,5/8
R2^5*R4*R6,10,1/2
R2^5*R4*R6,12,-17/8
R2^5*R4*R6,14,533/384
R2^5*R4*R7,12,-7/16
R2^5*R4*R7,14,35/64
R2^5*R4*R7,16,-175/1024
R2^5*R4*R8,14,49/384
R2^5*R4*R8,16,-245/3072
R2^5*R4*R9,16,-343/27648
R2^5*R4*R9,18,1715/221184
R2^5*R5^2,12,-7/4
R2^5*R5^2,14,7/12
R2^5*R5*R6,12,-7/24
R2^5*R5*R6,14,21/16
R2^5*R5*R6,16,-49/576
R2^5*R5*R7,14,49/192
R2^5*R5*R7,16,-245/1536
R2^5*R5*R8,16,-343/4608
R2^5*R5*R9,18,2401/331776
R2^5*R6^2,14,49/1152
R2^5*R6^2,16,-1421/9216
R2^5*R6*R7,16,-343/9216
R2^5*R6*R7,18,1715/73728
R2^5*R6*R8,18,2401/221184
R2^5*R6*R9,20,-16807/15925248
R2^4*R3^3,10,5
R2^4*R3^2*R4,10,15/2
R2^4*R3^2*R4,12,-215/16
R2^4*R3^2*R5,12,-105/8
R2^4*R3^2*R5,14,805/192
R2^4*R3^2*R6,12,-35/24
R2^4*R3^2*R6,14,1505/192
R2^4*R3^2*R6,16,-4165/9216
R2^4*R3^2*R7,14,245/128
R2^4*R3^2*R7,16,-6125/3072
R2^4*R3^2*R8,14,245/4608
R2^4*R3^2*R8,16,-17395/18432
R2^4*R3^2*R8,18,164885/884736
R2^4*R3^2*R9,16,-1715/27648
R2^4*R3^2*R9,18,8575/41472
R2^4*R3^2*R10,18,12005/442368
R2^4*R3^2*R10,20,-60025/3538944
R2^4*R3^2*R11,20,-84035/15925248
R2^4*R3^2*R12,22,588245/1528823808
R2^4*R3*R4^2,10,15/4
R2^4*R3*R4^2,12,-145/16
R2^4*R3*R4^2,14,1075/256
R2^4*R3*R4*R5,12,-35/4
R2^4*R3*R4*R5,14,455/48
R2^4*R3*R4*R5,16,-175/192
R2^4*R3*R4*R6,12,-35/48
R2^4*R3*R4*R6,14,1435/384
R2^4*R3*R4*R6,16,-11165/4608
R2^4*R3*R4*R7,14,245/384
R2^4*R3*R4*R7,16,-1225/1536
R2^4*R3*R4*R7,18,6125/24576
R2^4*R3*R4*R8,16,-1715/9216
R2^4*R3*R4*R8,18,8575/73728
R2^4*R3*R4*R9,18,12005/663552
R2^4*R3*R4*R9,20,-60025/5308416
R2^4*R3*R5^2,14,245/64
R2^4*R3*R5^2,16,-245/288
R2^4*R3*R5*R6,14,245/576
R2^4*R3*R5*R6,16,-10535/4608
R2^4*R3*R5*R6,18,1715/13824
R2^4*R3*R5*R7,16,-1715/4608
R2^4*R3*R5*R7,18,8575/36864
R2^4*R3*R5*R8,18,12005/110592
R2^4*R3*R5*R9,20,-84035/7962624
R2^4*R3*R6^2,16,-1715/27648
R2^4*R3*R6^2,18,111475/442368
R2^4*R3*R6*R7,18,12005/221184
R2^4*R3*R6*R7,20,-60025/1769472
R2^4*R3*R6*R8,20,-84035/5308416
R2^4*R3*R6*R9,22,588245/382205952
R2^4*R4^3,10,5/8
R2^4*R4^3,12,-75/64
R2^4*R4^3,14,375/512
R2^4*R4^3,16,-625/4096
R2^4*R4^2*R5,12,-35/32
R2^4*R4^2*R5,14,175/128
R2^4*R4^2*R5,16,-875/2048
R2^4*R4^2*R6,14,245/1536
R2^4*R4^2*R6,16,-1225/6144
R2^4*R4^2*R6,18,6125/98304
R2^4*R4*R5^2,14,245/384
R2^4*R4*R5^2,16,-1225/3072
R2^4*R4*R5*R6,16,-1715/9216
R2^4*R4*R5*R6,18,8575/73728
R2^4*R4*R6^2,18,12005/884736
R2^4*R4*R6^2,20,-60025/7077888
R2^4*R5^3,16,-1715/13824
R2^4*R5^2*R6,18,12005/221184
R2^4*R5*R6^2,20,-84035/10616832
R2^4*R6^3,22,588245/1528823808
R2^3*R3^4,12,-35/6
R2^3*R3^3*R4,12,-35/4
R2^3*R3^3*R4,14,1015/96
R2^3*R3^3*R5,14,245/24
R2^3*R3^3*R5,16,-7595/3456
R2^3*R3^3*R6,14,245/288
R2^3*R3^3*R6,16,-10535/2304
R2^3*R3^3*R6,18,29155/165888
R2^3*R3^3*R7,16,-1715/1728
R2^3*R3^3*R7,18,8575/9216
R2^3*R3^3*R8,16,-1715/82944
R2^3*R3^3*R8,18,145775/331776
R2^3*R3^3*R8,20,-1154195/15925248
R2^3*R3^3*R9,18,12005/497664
R2^3*R3^3*R9,20,-348145/3981312
R2^3*R3^3*R10,20,-84035/7962624
R2^3*R3^3*R10,22,420175/63700992
R2^3*R3^3*R11,22,588245/286654464
R2^3*R3^3*R12,24,-4117715/27518828544
R2^3*R3^2*R4^2,12,-35/8
R2^3*R3^2*R4^2,14,385/48
R2^3*R3^2*R4^2,16,-5075/1536
R2^3*R3^2*R4*R5,14,245/32
R2^3*R3^2*R4*R5,16,-16415/2304
R2^3*R3^2*R4*R5,18,1225/2304
R2^3*R3^2*R4*R6,14,245/576
R2^3*R3^2*R4*R6,16,-245/96
R2^3*R3^2*R4*R6,18,182035/110592
R2^3*R3^2*R4*R7,16,-1715/4608
R2^3*R3^2*R4*R7,18,8575/18432
R2^3*R3^2*R4*R7,20,-42875/294912
R2^3*R3^2*R4*R8,18,12005/110592
R2^3*R3^2*R4*R8,20,-60025/884736
R2^3*R3^2*R4*R9,20,-84035/7962624
R2^3*R3^2*R4*R9,22,420175/63700992
R2^3*R3^2*R5^2,16,-1715/576
R2^3*R3^2*R5^2,18,1715/3456
R2^3*R3^2*R5*R6,16,-1715/6912
R2^3*R3^2*R5*R6,18,42875/27648
R2^3*R3^2*R5*R6,20,-12005/165888
R2^3*R3^2*R5*R7,18,12005/55296
R2^3*R3^2*R5*R7,20,-60025/442368
R2^3*R3^2*R5*R8,20,-84035/1327104
R2^3*R3^2*R5*R9,22,588245/95551488
R2^3*R3^2*R6^2,18,12005/331776
R2^3*R3^2*R6^2,20,-12005/73728
R2^3*R3^2*R6*R7,20,-84035/2654208
R2^3*R3^2*R6*R7,22,420175/21233664
R2^3*R3^2*R6*R8,22,588245/63700992
R2^3*R3^2*R6*R9,24,-4117715/4586471424
R2^3*R3*R4^3,12,-35/48
R2^3*R3*R4^3,14,175/128
R2^3*R3*R4^3,16,-875/1024
R2^3*R3*R4^3,18,4375/24576
R2^3*R3*R4^2*R5,14,245/192
R2^3*R3*R4^2*R5,16,-1225/768
R2^3*R3*R4^2*R5,18,6125/12288
R2^3*R3*R4^2*R6,16,-1715/9216
R2^3*R3*R4^2*R6,18,8575/36864
R2^3*R3*R4^2*R6,20,-42875/589824
R2^3*R3*R4*R5^2,16,-1715/2304
R2^3*R3*R4*R5^2,18,8575/18432
R2^3*R3*R4*R5*R6,18,12005/55296
R2^3*R3*R4*R5*R6,20,-60025/442368
R2^3*R3*R4*R6^2,20,-84035/5308416
R2^3*R3*R4*R6^2,22,420175/42467328
R2^3*R3*R5^3,18,12005/82944
R2^3*R3*R5^2*R6,20,-84035/1327104
R2^3*R3*R5*R6^2,22,588245/63700992
R2^3*R3*R6^3,24,-4117715/9172942848
R2^2*R3^5,14,245/96
R2^2*R3^4*R4,14,245/64
R2^2*R3^4*R4,16,-17885/4608
R2^2*R3^4*R5,16,-8575/2304
R2^2*R3^4*R5,18,22295/36864
R2^2*R3^4*R6,16,-1715/6912
R2^2*R3^4*R6,18,306985/221184
R2^2*R3^4*R6,20,-204085/5308416
R2^2*R3^4*R7,18,60025/221184
R2^2*R3^4*R7,20,-420175/1769472
R2^2*R3^4*R8,18,12005/2654208
R2^2*R3^4*R8,20,-132055/1179648
R2^2*R3^4*R8,22,8079365/509607936
R2^2*R3^4*R9,20,-84035/15925248
R2^2*R3^4*R9,22,3949645/191102976
R2^2*R3^4*R10,22,588245/254803968
R2^2*R3^4*R10,24,-2941225/2038431744
R2^2*R3^4*R11,24,-4117715/9172942848
R2^2*R3^4*R12,26,28824005/880602513408
R2^2*R3^3*R4^2,14,245/128
R2^2*R3^3*R4^2,16,-14455/4608
R2^2*R3^3*R4^2,18,89425/73728
R2^2*R3^3*R4*R5,16,-1715/576
R2^2*R3^3*R4*R5,18,70315/27648
R2^2*R3^3*R4*R5,20,-8575/55296
R2^2*R3^3*R4*R6,16,-1715/13824
R2^2*R3^3*R4*R6,18,94325/110592
R2^2*R3^3*R4*R6,20,-90895/165888
R2^2*R3^3*R4*R7,18,12005/110592
R2^2*R3^3*R4*R7,20,-60025/442368
R2^2*R3^3*R4*R7,22,300125/7077888
R2^2*R3^3*R4*R8,20,-84035/2654208
R2^2*R3^3*R4*R8,22,420175/21233664
R2^2*R3^3*R4*R9,22,588245/191102976
R2^2*R3^3*R4*R9,24,-2941225/1528823808
R2^2*R3^3*R5^2,18,60025/55296
R2^2*R3^3*R5^2,20,-12005/82944
R2^2*R3^3*R5*R6,18,12005/165888
R2^2*R3^3*R5*R6,20,-228095/442368
R2^2*R3^3*R5*R6,22,84035/3981312
R2^2*R3^3*R5*R7,20,-84035/1327104
R2^2*R3^3*R5*R7,22,420175/10616832
R2^2*R3^3*R5*R8,22,588245/31850496
R2^2*R3^3*R5*R9,24,-4117715/2293235712
R2^2*R3^3*R6^2,20,-84035/7962624
R2^2*R3^3*R6^2,22,6638765/127401984
R2^2*R3^3*R6*R7,22,588245/63700992
R2^2*R3^3*R6*R7,24,-2941225/509607936
R2^2*R3^3*R6*R8,24,-4117715/1528823808
R2^2*R3^3*R6*R9,26,28824005/110075314176
R2^2*R3^2*R4^3,14,245/768
R2^2*R3^2*R4^3,16,-1225/2048
R2^2*R3^2*R4^3,18,6125/16384
R2^2*R3^2*R4^3,20,-30625/393216
R2^2*R3^2*R4^2*R5,16,-1715/3072
R2^2*R3^2*R4^2*R5,18,8575/12288
R2^2*R3^2*R4^2*R5,20,-42875/196608
R2^2*R3^2*R4^2*R6,18,12005/147456
R2^2*R3^2*R4^2*R6,20,-60025/589824
R2^2*R3^2*R4^2*R6,22,300125/9437184
R2^2*R3^2*R4*R5^2,18,12005/36864
R2^2*R3^2*R4*R5^2,20,-60025/294912
R2^2*R3^2*R4*R5*R6,20,-84035/884736
R2^2*R3^2*R4*R5*R6,22,420175/7077888
R2^2*R3^2*R4*R6^2,22,588245/84934656
R2^2*R3^2*R4*R6^2,24,-2941225/679477248
R2^2*R3^2*R5^3,20,-84035/1327104
R2^2*R3^2*R5^2*R6,22,588245/21233664
R2^2*R3^2*R5*R6^2,24,-4117715/1019215872
R2^2*R3^2*R6^3,26,28824005/146767085568
R2*R3^6,16,-1715/3456
R2*R3^5*R4,16,-1715/2304
R2*R3^5*R4,18,18865/27648
R2*R3^5*R5,18,12005/18432
R2*R3^5*R5,20,-112847/1327104
R2*R3^5*R6,18,12005/331776
R2*R3^5*R6,20,-141659/663552
R2*R3^5*R6,22,285719/63700992
R2*R3^5*R7,20,-16807/442368
R2*R3^5*R7,22,84035/2654208
R2*R3^5*R8,20,-16807/31850496
R2*R3^5*R8,22,1899191/127401984
R2*R3^5*R8,24,-11311111/6115295232
R2*R3^5*R9,22,117649/191102976
R2*R3^5*R9,24,-11882549/4586471424
R2*R3^5*R10,24,-823543/3057647616
R2*R3^5*R10,26,4117715/24461180928
R2*R3^5*R11,26,5764801/110075314176
R2*R3^5*R12,28,-40353607/10567230160896
R2*R3^4*R4^2,16,-1715/4608
R2*R3^4*R4^2,18,63455/110592
R2*R3^4*R4^2,20,-94325/442368
R2*R3^4*R4*R5,18,60025/110592
R2*R3^4*R4*R5,20,-1164485/2654208
R2*R3^4*R4*R5,22,60025/2654208
R2*R3^4*R4*R6,18,12005/663552
R2*R3^4*R4*R6,20,-372155/2654208
R2*R3^4*R4*R6,22,11440765/127401984
R2*R3^4*R4*R7,20,-84035/5308416
R2*R3^4*R4*R7,22,420175/21233664
R2*R3^4*R4*R7,24,-2100875/339738624
R2*R3^4*R4*R8,22,588245/127401984
R2*R3^4*R4*R8,24,-2941225/1019215872
R2*R3^4*R4*R9,24,-4117715/9172942848
R2*R3^4*R4*R9,26,20588575/73383542784
R2*R3^4*R5^2,20,-84035/442368
R2*R3^4*R5^2,22,84035/3981312
R2*R3^4*R5*R6,20,-84035/7962624
R2*R3^4*R5*R6,22,84035/995328
R2*R3^4*R5*R6,24,-588245/191102976
R2*R3^4*R5*R7,22,588245/63700992
R2*R3^4*R5*R7,24,-2941225/509607936
R2*R3^4*R5*R8,24,-4117715/1528823808
R2*R3^4*R5*R9,26,28824005/110075314176
R2*R3^4*R6^2,22,588245/382205952
R2*R3^4*R6^2,24,-25294535/3057647616
R2*R3^4*R6*R7,24,-4117715/3057647616
R2*R3^4*R6*R7,26,20588575/24461180928
R2*R3^4*R6*R8,26,28824005/73383542784
R2*R3^4*R6*R9,28,-201768035/5283615080448
R2*R3^3*R4^3,16,-1715/27648
R2*R3^3*R4^3,18,8575/73728
R2*R3^3*R4^3,20,-42875/589824
R2*R3^3*R4^3,22,214375/14155776
R2*R3^3*R4^2*R5,18,12005/110592
R2*R3^3*R4^2*R5,20,-60025/442368
R2*R3^3*R4^2*R5,22,300125/7077888
R2*R3^3*R4^2*R6,20,-84035/5308416
R2*R3^3*R4^2*R6,22,420175/21233664
R2*R3^3*R4^2*R6,24,-2100875/339738624
R2*R3^3*R4*R5^2,20,-84035/1327104
R2*R3^3*R4*R5^2,22,420175/10616832
R2*R3^3*R4*R5*R6,22,588245/31850496
R2*R3^3*R4*R5*R6,24,-2941225/254803968
R2*R3^3*R4*R6^2,24,-4117715/3057647616
R2*R3^3*R4*R6^2,26,20588575/24461180928
R2*R3^3*R5^3,22,588245/47775744
R2*R3^3*R5^2*R6,24,-4117715/764411904
R2*R3^3*R5*R6^2,26,28824005/36691771392
R2*R3^3*R6^3,28,-201768035/5283615080448
R3^7,18,12005/331776
R3^6*R4,18,12005/221184
R3^6*R4,20,-247303/5308416
R3^6*R5,20,-117649/2654208
R3^6*R5,22,924385/191102976
R3^6*R6,20,-16807/7962624
R3^6*R6,22,420175/31850496
R3^6*R6,24,-2000033/9172942848
R3^6*R7,22,823543/382205952
R3^6*R7,24,-588245/339738624
R3^6*R8,22,117649/4586471424
R3^6*R8,24,-14941423/18345885696
R3^6*R8,26,79177777/880602513408
R3^6*R9,24,-823543/27518828544
R3^6*R9,26,823543/6115295232
R3^6*R10,26,5764801/440301256704
R3^6*R10,28,-28824005/3522410053632
R3^6*R11,28,-40353607/15850845241344
R3^6*R12,30,282475249/1521681143169024
R3^5*R4^2,18,12005/442368
R3^5*R4^2,20,-213689/5308416
R3^5*R4^2,22,1236515/84934656
R3^5*R4*R5,20,-16807/442368
R3^5*R4*R5,22,117649/3981312
R3^5*R4*R5,24,-84035/63700992
R3^5*R4*R6,20,-16807/15925248
R3^5*R4*R6,22,386561/42467328
R3^5*R4*R6,24,-8890903/1528823808
R3^5*R4*R7,22,117649/127401984
R3^5*R4*R7,24,-588245/509607936
R3^5*R4*R7,26,2941225/8153726976
R3^5*R4*R8,24,-823543/3057647616
R3^5*R4*R8,26,4117715/24461180928
R3^5*R4*R9,26,5764801/220150628352
R3^5*R4*R9,28,-28824005/1761205026816
R3^5*R5^2,22,823543/63700992
R3^5*R5^2,24,-117649/95551488
R3^5*R5*R6,22,117649/191102976
R3^5*R5*R6,24,-8353079/1528823808
R3^5*R5*R6,26,823543/4586471424
R3^5*R5*R7,24,-823543/1528823808
R3^5*R5*R7,26,4117715/12230590464
R3^5*R5*R8,26,5764801/36691771392
R3^5*R5*R9,28,-40353607/2641807540224
R3^5*R6^2,24,-823543/9172942848
R3^5*R6^2,26,25529833/48922361856
R3^5*R6*R7,26,5764801/73383542784
R3^5*R6*R7,28,-28824005/587068342272
R3^5*R6*R8,28,-40353607/1761205026816
R3^5*R6*R9,30,282475249/126806761930752
R3^4*R4^3,18,12005/2654208
R3^4*R4^3,20,-60025/7077888
R3^4*R4^3,22,300125/56623104
R3^4*R4^3,24,-1500625/1358954496
R3^4*R4^2*R5,20,-84035/10616832
R3^4*R4^2*R5,22,420175/42467328
R3^4*R4^2*R5,24,-2100875/679477248
R3^4*R4^2*R6,22,588245/509607936
R3^4*R4^2*R6,24,-2941225/2038431744
R3^4*R4^2*R6,26,14706125/32614907904
R3^4*R4*R5^2,22,588245/127401984
R3^4*R4*R5^2,24,-2941225/1019215872
R3^4*R4*R5*R6,24,-4117715/3057647616
R3^4*R4*R5*R6,26,20588575/24461180928
R3^4*R4*R6^2,26,28824005/293534171136
R3^4*R4*R6^2,28,-144120025/2348273369088
R3^4*R5^3,24,-4117715/4586471424
R3^4*R5^2*R6,26,28824005/73383542784
R3^4*R5*R6^2,28,-201768035/3522410053632
R3^4*R6^3,30,1412376245/507227047723008
R2^7*R4,10,-1
R2^7*R5,10,-1
R2^7*R5,12,1/3
R2^7*R6,10,-1/6
R2^7*R6,12,29/48
R2^7*R7,12,7/48
R2^7*R7,14,-35/384
R2^7*R8,14,-49/1152
R2^7*R9,16,343/82944
R2^6*R3^2,10,-7/2
R2^6*R3*R4,10,-7/2
R2^6*R3*R4,12,203/48
R2^6*R3*R5,12,49/12
R2^6*R3*R5,14,-49/72
R2^6*R3*R6,12,49/144
R2^6*R3*R6,14,-49/32
R2^6*R3*R7,14,-343/1152
R2^6*R3*R7,16,1715/9216
R2^6*R3*R8,16,2401/27648
R2^6*R3*R9,18,-16807/1990656
R2^6*R4^2,10,-7/8
R2^6*R4^2,12,35/32
R2^6*R4^2,14,-175/512
R2^6*R4*R5,12,49/48
R2^6*R4*R5,14,-245/384
R2^6*R4*R6,14,-343/2304
R2^6*R4*R6,16,1715/18432
R2^6*R5^2,14,-343/1152
R2^6*R5*R6,16,2401/27648
R2^6*R6^2,18,-16807/2654208
R2^5*R3^3,12,49/8
R2^5*R3^2*R4,12,49/8
R2^5*R3^2*R4,14,-539/96
R2^5*R3^2*R5,14,-343/64
R2^5*R3^2*R5,16,343/576
R2^5*R3^2*R6,14,-343/1152
R2^5*R3^2*R6,16,14749/9216
R2^5*R3^2*R7,16,2401/9216
R2^5*R3^2*R7,18,-12005/73728
R2^5*R3^2*R8,18,-16807/221184
R2^5*R3^2*R9,20,117649/15925248
R2^5*R3*R4^2,12,49/32
R2^5*R3*R4^2,14,-245/128
R2^5*R3*R4^2,16,1225/2048
R2^5*R3*R4*R5,14,-343/192
R2^5*R3*R4*R5,16,1715/1536
R2^5*R3*R4*R6,16,2401/9216
R2^5*R3*R4*R6,18,-12005/73728
R2^5*R3*R5^2,16,2401/4608
R2^5*R3*R5*R6,18,-16807/110592
R2^5*R3*R6^2,20,117649/10616832
R2^4*R3^4,14,-1715/384
R2^4*R3^3*R4,14,-1715/384
R2^4*R3^3*R4,16,101185/27648
R2^4*R3^3*R5,16,12005/3456
R2^4*R3^3*R5,18,-12005/41472
R2^4*R3^3*R6,16,12005/82944
R2^4*R3^3*R6,18,-300125/331776
R2^4*R3^3*R7,18,-84035/663552
R2^4*R3^3*R7,20,420175/5308416
R2^4*R3^3*R8,20,588245/15925248
R2^4*R3^3*R9,22,-4117715/1146617856
R2^4*R3^2*R4^2,14,-1715/1536
R2^4*R3^2*R4^2,16,8575/6144
R2^4*R3^2*R4^2,18,-42875/98304
R2^4*R3^2*R4*R5,16,12005/9216
R2^4*R3^2*R4*R5,18,-60025/73728
R2^4*R3^2*R4*R6,18,-84035/442368
R2^4*R3^2*R4*R6,20,420175/3538944
R2^4*R3^2*R5^2,18,-84035/221184
R2^4*R3^2*R5*R6,20,588245/5308416
R2^4*R3^2*R6^2,22,-4117715/509607936
R2^3*R3^5,16,12005/6912
R2^3*R3^4*R4,16,12005/6912
R2^3*R3^4*R4,18,-444185/331776
R2^3*R3^4*R5,18,-420175/331776
R2^3*R3^4*R5,20,84035/995328
R2^3*R3^4*R6,18,-84035/1990656
R2^3*R3^4*R6,20,1596665/5308416
R2^3*R3^4*R7,20,588245/15925248
R2^3*R3^4*R7,22,-2941225/127401984
R2^3*R3^4*R8,22,-4117715/382205952
R2^3*R3^4*R9,24,28824005/27518828544
R2^3*R3^3*R4^2,16,12005/27648
R2^3*R3^3*R4^2,18,-60025/110592
R2^3*R3^3*R4^2,20,300125/1769472
R2^3*R3^3*R4*R5,18,-84035/165888
R2^3*R3^3*R4*R5,20,420175/1327104
R2^3*R3^3*R4*R6,20,588245/7962624
R2^3*R3^3*R4*R6,22,-2941225/63700992
R2^3*R3^3*R5^2,20,588245/3981312
R2^3*R3^3*R5*R6,22,-4117715/95551488
R2^3*R3^3*R6^2,24,28824005/9172942848
R2^2*R3^6,18,-84035/221184
R2^2*R3^5*R4,18,-84035/221184
R2^2*R3^5*R4,20,1495823/5308416
R2^2*R3^5*R5,20,117649/442368
R2^2*R3^5*R5,22,-117649/7962624
R2^2*R3^5*R6,20,117649/15925248
R2^2*R3^5*R6,22,-117649/1990656
R2^2*R3^5*R7,22,-823543/127401984
R2^2*R3^5*R7,24,4117715/1019215872
R2^2*R3^5*R8,24,5764801/3057647616
R2^2*R3^5*R9,26,-40353607/220150628352
R2^2*R3^4*R4^2,18,-84035/884736
R2^2*R3^4*R4^2,20,420175/3538944
R2^2*R3^4*R4^2,22,-2100875/56623104
R2^2*R3^4*R4*R5,20,588245/5308416
R2^2*R3^4*R4*R5,22,-2941225/42467328
R2^2*R3^4*R4*R6,22,-4117715/254803968
R2^2*R3^4*R4*R6,24,20588575/2038431744
R2^2*R3^4*R5^2,22,-4117715/127401984
R2^2*R3^4*R5*R6,24,28824005/3057647616
R2^2*R3^4*R6^2,26,-201768035/293534171136
R2*R3^7,20,117649/2654208
R2*R3^6*R4,20,117649/2654208
R2*R3^6*R4,22,-1529437/47775744
R2*R3^6*R5,22,-5764801/191102976
R2*R3^6*R5,24,823543/573308928
R2*R3^6*R6,22,-823543/1146617856
R2*R3^6*R6,24,58471553/9172942848
R2*R3^6*R7,24,5764801/9172942848
R2*R3^6*R7,26,-28824005/73383542784
R2*R3^6*R8,26,-40353607/220150628352
R2*R3^6*R9,28,282475249/15850845241344
R2*R3^5*R4^2,20,117649/10616832
R2*R3^5*R4^2,22,-588245/42467328
R2*R3^5*R4^2,24,2941225/679477248
R2*R3^5*R4*R5,22,-823543/63700992
R2*R3^5*R4*R5,24,4117715/509607936
R2*R3^5*R4*R6,24,5764801/3057647616
R2*R3^5*R4*R6,26,-28824005/24461180928
R2*R3^5*R5^2,24,5764801/1528823808
R2*R3^5*R5*R6,26,-40353607/36691771392
R2*R3^5*R6^2,28,282475249/3522410053632
R3^8,22,-823543/382205952
R3^7*R4,22,-823543/382205952
R3^7*R4,24,14000231/9172942848
R3^7*R5,24,823543/573308928
R3^7*R5,26,-823543/13759414272
R3^7*R6,24,823543/27518828544
R3^7*R6,26,-10706059/36691771392
R3^7*R7,26,-5764801/220150628352
R3^7*R7,28,28824005/1761205026816
R3^7*R8,28,40353607/5283615080448
R3^7*R9,30,-282475249/380420285792256
R3^6*R4^2,22,-823543/1528823808
R3^6*R4^2,24,4117715/6115295232
R3^6*R4^2,26,-20588575/97844723712
R3^6*R4*R5,24,5764801/9172942848
R3^6*R4*R5,26,-28824005/73383542784
R3^6*R4*R6,26,-40353607/440301256704
R3^6*R4*R6,28,201768035/3522410053632
R3^6*R5^2,26,-40353607/220150628352
R3^6*R5*R6,28,282475249/5283615080448
R3^6*R6^2,30,-1977326743/507227047723008
R2^8*R3,10,1
R2^8*R4,10,1/2
R2^8*R4,12,-5/16
R2^8*R5,12,-7/24
R2^8*R6,14,49/1152
R2^7*R3^2,12,-7/3
R2^7*R3*R4,12,-7/6
R2^7*R3*R4,14,35/48
R2^7*R3*R5,14,49/72
R2^7*R3*R6,16,-343/3456
R2^6*R3^3,14,343/144
R2^6*R3^2*R4,14,343/288
R2^6*R3^2*R4,16,-1715/2304
R2^6*R3^2*R5,16,-2401/3456
R2^6*R3^2*R6,18,16807/165888
R2^5*R3^4,16,-2401/1728
R2^5*R3^3*R4,16,-2401/3456
R2^5*R3^3*R4,18,12005/27648
R2^5*R3^3*R5,18,16807/41472
R2^5*R3^3*R6,20,-117649/1990656
R2^4*R3^5,18,84035/165888
R2^4*R3^4*R4,18,84035/331776
R2^4*R3^4*R4,20,-420175/2654208
R2^4*R3^4*R5,20,-588245/3981312
R2^4*R3^4*R6,22,4117715/191102976
R2^3*R3^6,20,-117649/995328
R2^3*R3^5*R4,20,-117649/1990656
R2^3*R3^5*R4,22,588245/15925248
R2^3*R3^5*R5,22,823543/23887872
R2^3*R3^5*R6,24,-5764801/1146617856
R2^2*R3^7,22,823543/47775744
R2^2*R3^6*R4,22,823543/95551488
R2^2*R3^6*R4,24,-4117715/764411904
R2^2*R3^6*R5,24,-5764801/1146617856
R2^2*R3^6*R6,26,40353607/55037657088
R2*R3^8,24,-823543/573308928
R2*R3^7*R4,24,-823543/1146617856
R2*R3^7*R4,26,4117715/9172942848
R2*R3^7*R5,26,5764801/13759414272
R2*R3^7*R6,28,-40353607/660451885056
R3^9,26,5764801/110075314176
R3^8*R4,26,5764801/220150628352
R3^8*R4,28,-28824005/1761205026816
R3^8*R5,28,-40353607/2641807540224
R3^8*R6,30,282475249/126806761930752
R2^10,10,-1/10
R2^9*R3,12,7/24
R2^8*R3^2,14,-49/128
R2^7*R3^3,16,343/1152
R2^6*R3^4,18,-16807/110592
R2^5*R3^5,20,117649/2211840
R2^4*R3^6,22,-823543/63700992
R2^3*R3^7,24,823543/382205952
R2^2*R3^8,26,-5764801/24461180928
R2*R3^9,28,40353607/2641807540224
R3^10,30,-282475249/634033809653760
